2026-08-02T10:40:34.139377+06:30 chan-dell kernel: perf: interrupt took too long (2508 > 2500), lowering kernel.perf_event_max_sample_rate to 79000
2026-08-02T10:43:55.441028+06:30 chan-dell kernel: workqueue: delayed_fput hogged CPU for >10000us 4 times, consider switching to WQ_UNBOUND
2026-08-02T10:44:24.439078+06:30 chan-dell kernel: workqueue: delayed_fput hogged CPU for >10000us 5 times, consider switching to WQ_UNBOUND
2026-08-02T10:45:52.690107+06:30 chan-dell kernel: workqueue: delayed_fput hogged CPU for >10000us 7 times, consider switching to WQ_UNBOUND
2026-08-02T10:57:28.295049+06:30 chan-dell kernel: audit: type=1400 audit(1785644848.293:283): apparmor="DENIED" operation="open" class="file" profile="/usr/bin/wsdd" name="/usr/share/coreutils/locales/uucore/en-US.ftl" pid=16066 comm="wsdd" requested_mask="r" denied_mask="r" fsuid=1000 ouid=0
2026-08-02T11:03:28.164780+06:30 chan-dell kernel: wlp2s0: deauthenticating from d0:96:fb:26:69:ff by local choice (Reason: 3=DEAUTH_LEAVING)
2026-08-02T11:03:29.433957+06:30 chan-dell kernel: PM: suspend entry (deep)
2026-08-02T11:03:29.445147+06:30 chan-dell kernel: Filesystems sync: 0.010 seconds
2026-08-02T11:30:52.750125+06:30 chan-dell kernel: Freezing user space processes
2026-08-02T11:30:52.750320+06:30 chan-dell kernel: Freezing user space processes completed (elapsed 0.039 seconds)
2026-08-02T11:30:52.750330+06:30 chan-dell kernel: OOM killer disabled.
2026-08-02T11:30:52.750333+06:30 chan-dell kernel: Freezing remaining freezable tasks
2026-08-02T11:30:52.750336+06:30 chan-dell kernel: Freezing remaining freezable tasks completed (elapsed 0.000 seconds)
2026-08-02T11:30:52.750340+06:30 chan-dell kernel: printk: Suspending console(s) (use no_console_suspend to debug)
2026-08-02T11:30:52.750343+06:30 chan-dell kernel: e1000e: EEE TX LPI TIMER: 00000011
2026-08-02T11:30:52.750346+06:30 chan-dell kernel: sd 2:0:0:0: [sda] Synchronizing SCSI cache
2026-08-02T11:30:52.750349+06:30 chan-dell kernel: ata3.00: Entering standby power mode
2026-08-02T11:30:52.750352+06:30 chan-dell kernel: pcieport 0000:00:1c.0: Intel SPT PCH root port ACS workaround enabled
2026-08-02T11:30:52.750355+06:30 chan-dell kernel: ACPI: EC: interrupt blocked
2026-08-02T11:30:52.750358+06:30 chan-dell kernel: ACPI: PM: Preparing to enter system sleep state S3
2026-08-02T11:30:52.750361+06:30 chan-dell kernel: ACPI: EC: event blocked
2026-08-02T11:30:52.750365+06:30 chan-dell kernel: ACPI: EC: EC stopped
2026-08-02T11:30:52.750369+06:30 chan-dell kernel: ACPI: PM: Saving platform NVS memory
2026-08-02T11:30:52.750372+06:30 chan-dell kernel: Disabling non-boot CPUs ...
2026-08-02T11:30:52.750375+06:30 chan-dell kernel: smpboot: CPU 3 is now offline
2026-08-02T11:30:52.750379+06:30 chan-dell kernel: smpboot: CPU 2 is now offline
2026-08-02T11:30:52.750383+06:30 chan-dell kernel: smpboot: CPU 1 is now offline
2026-08-02T11:30:52.750386+06:30 chan-dell kernel: ACPI: PM: Low-level resume complete
2026-08-02T11:30:52.750390+06:30 chan-dell kernel: ACPI: EC: EC started
2026-08-02T11:30:52.750393+06:30 chan-dell kernel: ACPI: PM: Restoring platform NVS memory
2026-08-02T11:30:52.750397+06:30 chan-dell kernel: Enabling non-boot CPUs ...
2026-08-02T11:30:52.750401+06:30 chan-dell kernel: smpboot: Booting Node 0 Processor 1 APIC 0x2
2026-08-02T11:30:52.750404+06:30 chan-dell kernel: CPU1 is up
2026-08-02T11:30:52.750408+06:30 chan-dell kernel: smpboot: Booting Node 0 Processor 2 APIC 0x1
2026-08-02T11:30:52.750412+06:30 chan-dell kernel: CPU2 is up
2026-08-02T11:30:52.750415+06:30 chan-dell kernel: smpboot: Booting Node 0 Processor 3 APIC 0x3
2026-08-02T11:30:52.750419+06:30 chan-dell kernel: CPU3 is up
2026-08-02T11:30:52.750422+06:30 chan-dell kernel: ACPI: PM: Waking up from system sleep state S3
2026-08-02T11:30:52.750426+06:30 chan-dell kernel: ACPI: EC: interrupt unblocked
2026-08-02T11:30:52.750430+06:30 chan-dell kernel: pcieport 0000:00:1c.0: Intel SPT PCH root port ACS workaround enabled
2026-08-02T11:30:52.750433+06:30 chan-dell kernel: pcieport 0000:00:1c.2: Intel SPT PCH root port ACS workaround enabled
2026-08-02T11:30:52.750436+06:30 chan-dell kernel: xhci_hcd 0000:00:14.0: xHC error in resume, USBSTS 0x411, Reinit
2026-08-02T11:30:52.750440+06:30 chan-dell kernel: usb usb1: root hub lost power or was reset
2026-08-02T11:30:52.750444+06:30 chan-dell kernel: usb usb2: root hub lost power or was reset
2026-08-02T11:30:52.750447+06:30 chan-dell kernel: ACPI: EC: event unblocked
2026-08-02T11:30:52.750451+06:30 chan-dell kernel: usb 1-7: WARN: invalid context state for evaluate context command.
2026-08-02T11:30:52.750454+06:30 chan-dell kernel: usb 1-7: reset full-speed USB device number 3 using xhci_hcd
2026-08-02T11:30:52.750458+06:30 chan-dell kernel: ata3: SATA link up 6.0 Gbps (SStatus 133 SControl 300)
2026-08-02T11:30:52.750461+06:30 chan-dell kernel: ata3.00: ACPI cmd f5/00:00:00:00:00:00(SECURITY FREEZE LOCK) filtered out
2026-08-02T11:30:52.750465+06:30 chan-dell kernel: ata3.00: ACPI cmd b1/c1:00:00:00:00:00(DEVICE CONFIGURATION OVERLAY) filtered out
2026-08-02T11:30:52.750468+06:30 chan-dell kernel: sd 2:0:0:0: [sda] Starting disk
2026-08-02T11:30:52.750472+06:30 chan-dell kernel: ata3.00: ACPI cmd f5/00:00:00:00:00:00(SECURITY FREEZE LOCK) filtered out
2026-08-02T11:30:52.750475+06:30 chan-dell kernel: ata3.00: ACPI cmd b1/c1:00:00:00:00:00(DEVICE CONFIGURATION OVERLAY) filtered out
2026-08-02T11:30:52.750479+06:30 chan-dell kernel: ata3.00: configured for UDMA/133
2026-08-02T11:30:52.750483+06:30 chan-dell kernel: ata3.00: Enabling discard_zeroes_data
2026-08-02T11:30:52.750486+06:30 chan-dell kernel: usb 1-5: reset high-speed USB device number 2 using xhci_hcd
2026-08-02T11:30:52.750489+06:30 chan-dell kernel: Bluetooth: hci0: Bootloader revision 0.0 build 26 week 38 2015
2026-08-02T11:30:52.750493+06:30 chan-dell kernel: Bluetooth: hci0: Device revision is 16
2026-08-02T11:30:52.750496+06:30 chan-dell kernel: Bluetooth: hci0: Secure boot is enabled
2026-08-02T11:30:52.750499+06:30 chan-dell kernel: Bluetooth: hci0: OTP lock is enabled
2026-08-02T11:30:52.750503+06:30 chan-dell kernel: Bluetooth: hci0: API lock is enabled
2026-08-02T11:30:52.750506+06:30 chan-dell kernel: Bluetooth: hci0: Debug lock is disabled
2026-08-02T11:30:52.750509+06:30 chan-dell kernel: Bluetooth: hci0: Minimum firmware build 1 week 10 2014
2026-08-02T11:30:52.750512+06:30 chan-dell kernel: OOM killer enabled.
2026-08-02T11:30:52.750516+06:30 chan-dell kernel: Restarting tasks: Starting
2026-08-02T11:30:52.752364+06:30 chan-dell kernel: Bluetooth: hci0: Found device firmware: intel/ibt-12-16.sfi
2026-08-02T11:30:52.752402+06:30 chan-dell kernel: Restarting tasks: Done
2026-08-02T11:30:52.752409+06:30 chan-dell kernel: efivarfs: resyncing variable state
2026-08-02T11:30:52.812200+06:30 chan-dell kernel: efivarfs: finished resyncing variable state
2026-08-02T11:30:52.812257+06:30 chan-dell kernel: random: crng reseeded on system resumption
2026-08-02T11:30:52.908120+06:30 chan-dell kernel: mei_hdcp 0000:00:16.0-b638ab7e-94e2-4ea2-a552-d1c54b627f04: bound 0000:00:02.0 (ops i915_hdcp_ops [i915])
2026-08-02T11:30:52.932262+06:30 chan-dell kernel: PM: suspend exit
2026-08-02T11:30:53.205173+06:30 chan-dell kernel: e1000e 0000:00:1f.6 enp0s31f6: NIC Link is Down
2026-08-02T11:30:54.675180+06:30 chan-dell kernel: Bluetooth: hci0: Waiting for firmware download to complete
2026-08-02T11:30:54.675226+06:30 chan-dell kernel: Bluetooth: hci0: Firmware loaded in 1879002 usecs
2026-08-02T11:30:54.675233+06:30 chan-dell kernel: Bluetooth: hci0: Waiting for device to boot
2026-08-02T11:30:54.688163+06:30 chan-dell kernel: Bluetooth: hci0: Device booted in 12687 usecs
2026-08-02T11:30:54.688211+06:30 chan-dell kernel: Bluetooth: hci0: Found Intel DDC parameters: intel/ibt-12-16.ddc
2026-08-02T11:30:54.691161+06:30 chan-dell kernel: Bluetooth: hci0: Applying Intel DDC parameters completed
2026-08-02T11:30:54.692164+06:30 chan-dell kernel: Bluetooth: hci0: Firmware revision 0.1 build 19 week 44 2021
2026-08-02T11:30:54.694165+06:30 chan-dell kernel: Bluetooth: hci0: Reading supported features failed (-16)
2026-08-02T11:30:54.694210+06:30 chan-dell kernel: Bluetooth: hci0: Error reading debug features
2026-08-02T11:30:54.694224+06:30 chan-dell kernel: Bluetooth: hci0: HCI LE Coded PHY feature bit is set, but its usage is not supported.
2026-08-02T11:30:54.746169+06:30 chan-dell kernel: Bluetooth: MGMT ver 1.23
2026-08-02T11:30:57.404531+06:30 chan-dell kernel: wlp2s0: authenticate with d0:96:fb:26:69:ff (local address=28:c6:3f:1a:a9:50)
2026-08-02T11:30:57.406174+06:30 chan-dell kernel: wlp2s0: send auth to d0:96:fb:26:69:ff (try 1/3)
2026-08-02T11:30:57.414825+06:30 chan-dell kernel: wlp2s0: authenticated
2026-08-02T11:30:57.414865+06:30 chan-dell kernel: wlp2s0: associating to AP d0:96:fb:26:69:ff with corrupt probe response
2026-08-02T11:30:57.414872+06:30 chan-dell kernel: wlp2s0: associate with d0:96:fb:26:69:ff (try 1/3)
2026-08-02T11:30:57.419164+06:30 chan-dell kernel: wlp2s0: RX AssocResp from d0:96:fb:26:69:ff (capab=0x411 status=0 aid=2)
2026-08-02T11:30:57.434279+06:30 chan-dell kernel: wlp2s0: associated
2026-08-02T11:47:48.150032+06:30 chan-dell kernel: perf: interrupt took too long (3147 > 3135), lowering kernel.perf_event_max_sample_rate to 63000
2026-08-02T12:20:25.598148+06:30 chan-dell kernel: perf: interrupt took too long (3955 > 3933), lowering kernel.perf_event_max_sample_rate to 50000
2026-08-02T12:27:22.104119+06:30 chan-dell kernel: audit: type=1400 audit(1785650242.102:284): apparmor="STATUS" operation="profile_load" profile="unconfined" name="libvirt-64e622d5-7ae2-49d8-8aba-f5cc6645dff9" pid=18857 comm="apparmor_parser"
2026-08-02T12:27:22.105148+06:30 chan-dell kernel: audit: type=1400 audit(1785650242.103:285): apparmor="STATUS" operation="profile_load" profile="unconfined" name="libvirt-64e622d5-7ae2-49d8-8aba-f5cc6645dff9//passt" pid=18857 comm="apparmor_parser"
2026-08-02T12:27:22.233119+06:30 chan-dell kernel: audit: type=1400 audit(1785650242.231:286): apparmor="STATUS" operation="profile_replace" profile="unconfined" name="libvirt-64e622d5-7ae2-49d8-8aba-f5cc6645dff9" pid=18860 comm="apparmor_parser"
2026-08-02T12:27:22.237129+06:30 chan-dell kernel: audit: type=1400 audit(1785650242.236:287): apparmor="STATUS" operation="profile_replace" info="same as current profile, skipping" profile="unconfined" name="libvirt-64e622d5-7ae2-49d8-8aba-f5cc6645dff9//passt" pid=18860 comm="apparmor_parser"
2026-08-02T12:27:22.361132+06:30 chan-dell kernel: audit: type=1400 audit(1785650242.358:288): apparmor="STATUS" operation="profile_replace" profile="unconfined" name="libvirt-64e622d5-7ae2-49d8-8aba-f5cc6645dff9" pid=18864 comm="apparmor_parser"
2026-08-02T12:27:22.367156+06:30 chan-dell kernel: audit: type=1400 audit(1785650242.365:289): apparmor="STATUS" operation="profile_replace" info="same as current profile, skipping" profile="unconfined" name="libvirt-64e622d5-7ae2-49d8-8aba-f5cc6645dff9//passt" pid=18864 comm="apparmor_parser"
2026-08-02T12:27:22.665129+06:30 chan-dell kernel: audit: type=1400 audit(1785650242.663:290): apparmor="STATUS" operation="profile_replace" info="same as current profile, skipping" profile="unconfined" name="libvirt-64e622d5-7ae2-49d8-8aba-f5cc6645dff9" pid=18868 comm="apparmor_parser"
2026-08-02T12:27:22.666121+06:30 chan-dell kernel: audit: type=1400 audit(1785650242.664:291): apparmor="STATUS" operation="profile_replace" info="same as current profile, skipping" profile="unconfined" name="libvirt-64e622d5-7ae2-49d8-8aba-f5cc6645dff9//passt" pid=18868 comm="apparmor_parser"
2026-08-02T12:27:22.681014+06:30 chan-dell kernel: virbr0: port 1(vnet0) entered blocking state
2026-08-02T12:27:22.681035+06:30 chan-dell kernel: virbr0: port 1(vnet0) entered disabled state
2026-08-02T12:27:22.681037+06:30 chan-dell kernel: vnet0: entered allmulticast mode
2026-08-02T12:27:22.681040+06:30 chan-dell kernel: vnet0: entered promiscuous mode
2026-08-02T12:27:22.681042+06:30 chan-dell kernel: virbr0: port 1(vnet0) entered blocking state
2026-08-02T12:27:22.681044+06:30 chan-dell kernel: virbr0: port 1(vnet0) entered listening state
2026-08-02T12:27:22.831111+06:30 chan-dell kernel: audit: type=1400 audit(1785650242.829:292): apparmor="STATUS" operation="profile_replace" profile="unconfined" name="libvirt-64e622d5-7ae2-49d8-8aba-f5cc6645dff9" pid=18879 comm="apparmor_parser"
2026-08-02T12:27:22.835142+06:30 chan-dell kernel: audit: type=1400 audit(1785650242.834:293): apparmor="STATUS" operation="profile_replace" info="same as current profile, skipping" profile="unconfined" name="libvirt-64e622d5-7ae2-49d8-8aba-f5cc6645dff9//passt" pid=18879 comm="apparmor_parser"
2026-08-02T12:27:24.724157+06:30 chan-dell kernel: virbr0: port 1(vnet0) entered learning state
2026-08-02T12:27:26.768174+06:30 chan-dell kernel: virbr0: port 1(vnet0) entered forwarding state
2026-08-02T12:27:26.768193+06:30 chan-dell kernel: virbr0: topology change detected, propagating
2026-08-02T12:28:23.198128+06:30 chan-dell kernel: virbr0: port 1(vnet0) entered disabled state
2026-08-02T12:28:23.198154+06:30 chan-dell kernel: vnet0 (unregistering): left allmulticast mode
2026-08-02T12:28:23.198157+06:30 chan-dell kernel: vnet0 (unregistering): left promiscuous mode
2026-08-02T12:28:23.198159+06:30 chan-dell kernel: virbr0: port 1(vnet0) entered disabled state
2026-08-02T12:28:23.744119+06:30 chan-dell kernel: kauditd_printk_skb: 2 callbacks suppressed
2026-08-02T12:28:23.744139+06:30 chan-dell kernel: audit: type=1400 audit(1785650303.742:296): apparmor="STATUS" operation="profile_remove" profile="unconfined" name="libvirt-64e622d5-7ae2-49d8-8aba-f5cc6645dff9" pid=19354 comm="apparmor_parser"
2026-08-02T12:28:49.237120+06:30 chan-dell kernel: audit: type=1400 audit(1785650329.235:297): apparmor="STATUS" operation="profile_load" profile="unconfined" name="libvirt-64e622d5-7ae2-49d8-8aba-f5cc6645dff9" pid=19458 comm="apparmor_parser"
2026-08-02T12:28:49.238142+06:30 chan-dell kernel: audit: type=1400 audit(1785650329.236:298): apparmor="STATUS" operation="profile_load" profile="unconfined" name="libvirt-64e622d5-7ae2-49d8-8aba-f5cc6645dff9//passt" pid=19458 comm="apparmor_parser"
2026-08-02T12:28:49.357244+06:30 chan-dell kernel: audit: type=1400 audit(1785650329.354:299): apparmor="STATUS" operation="profile_replace" profile="unconfined" name="libvirt-64e622d5-7ae2-49d8-8aba-f5cc6645dff9" pid=19461 comm="apparmor_parser"
2026-08-02T12:28:49.360118+06:30 chan-dell kernel: audit: type=1400 audit(1785650329.358:300): apparmor="STATUS" operation="profile_replace" info="same as current profile, skipping" profile="unconfined" name="libvirt-64e622d5-7ae2-49d8-8aba-f5cc6645dff9//passt" pid=19461 comm="apparmor_parser"
2026-08-02T12:28:49.466234+06:30 chan-dell kernel: audit: type=1400 audit(1785650329.464:301): apparmor="STATUS" operation="profile_replace" profile="unconfined" name="libvirt-64e622d5-7ae2-49d8-8aba-f5cc6645dff9" pid=19465 comm="apparmor_parser"
2026-08-02T12:28:49.470078+06:30 chan-dell kernel: audit: type=1400 audit(1785650329.468:302): apparmor="STATUS" operation="profile_replace" info="same as current profile, skipping" profile="unconfined" name="libvirt-64e622d5-7ae2-49d8-8aba-f5cc6645dff9//passt" pid=19465 comm="apparmor_parser"
2026-08-02T12:28:49.574126+06:30 chan-dell kernel: audit: type=1400 audit(1785650329.572:303): apparmor="STATUS" operation="profile_replace" info="same as current profile, skipping" profile="unconfined" name="libvirt-64e622d5-7ae2-49d8-8aba-f5cc6645dff9" pid=19469 comm="apparmor_parser"
2026-08-02T12:28:49.574152+06:30 chan-dell kernel: audit: type=1400 audit(1785650329.572:304): apparmor="STATUS" operation="profile_replace" info="same as current profile, skipping" profile="unconfined" name="libvirt-64e622d5-7ae2-49d8-8aba-f5cc6645dff9//passt" pid=19469 comm="apparmor_parser"
2026-08-02T12:28:49.588125+06:30 chan-dell kernel: virbr0: port 1(vnet1) entered blocking state
2026-08-02T12:28:49.588218+06:30 chan-dell kernel: virbr0: port 1(vnet1) entered disabled state
2026-08-02T12:28:49.588227+06:30 chan-dell kernel: vnet1: entered allmulticast mode
2026-08-02T12:28:49.588230+06:30 chan-dell kernel: vnet1: entered promiscuous mode
2026-08-02T12:28:49.589116+06:30 chan-dell kernel: virbr0: port 1(vnet1) entered blocking state
2026-08-02T12:28:49.589134+06:30 chan-dell kernel: virbr0: port 1(vnet1) entered listening state
2026-08-02T12:28:49.728149+06:30 chan-dell kernel: audit: type=1400 audit(1785650329.726:305): apparmor="STATUS" operation="profile_replace" profile="unconfined" name="libvirt-64e622d5-7ae2-49d8-8aba-f5cc6645dff9" pid=19480 comm="apparmor_parser"
2026-08-02T12:28:49.732150+06:30 chan-dell kernel: audit: type=1400 audit(1785650329.730:306): apparmor="STATUS" operation="profile_replace" info="same as current profile, skipping" profile="unconfined" name="libvirt-64e622d5-7ae2-49d8-8aba-f5cc6645dff9//passt" pid=19480 comm="apparmor_parser"
2026-08-02T12:28:51.632427+06:30 chan-dell kernel: virbr0: port 1(vnet1) entered learning state
2026-08-02T12:28:53.680121+06:30 chan-dell kernel: virbr0: port 1(vnet1) entered forwarding state
2026-08-02T12:28:53.680260+06:30 chan-dell kernel: virbr0: topology change detected, propagating
2026-08-02T12:29:49.720162+06:30 chan-dell kernel: virbr0: port 1(vnet1) entered disabled state
2026-08-02T12:29:49.720177+06:30 chan-dell kernel: vnet1 (unregistering): left allmulticast mode
2026-08-02T12:29:49.720182+06:30 chan-dell kernel: vnet1 (unregistering): left promiscuous mode
2026-08-02T12:29:49.720187+06:30 chan-dell kernel: virbr0: port 1(vnet1) entered disabled state
2026-08-02T12:29:50.122139+06:30 chan-dell kernel: kauditd_printk_skb: 2 callbacks suppressed
2026-08-02T12:29:50.122157+06:30 chan-dell kernel: audit: type=1400 audit(1785650390.119:309): apparmor="STATUS" operation="profile_remove" profile="unconfined" name="libvirt-64e622d5-7ae2-49d8-8aba-f5cc6645dff9" pid=20152 comm="apparmor_parser"
2026-08-02T12:52:10.091652+06:30 chan-dell kernel: rfkill: input handler enabled
2026-08-02T12:54:07.463123+06:30 chan-dell kernel: Linux version 7.0.0-28-generic (buildd@lcy02-amd64-047) (x86_64-linux-gnu-gcc (Ubuntu 15.2.0-16ubuntu1) 15.2.0, GNU ld (GNU Binutils for Ubuntu) 2.46) #28-Ubuntu SMP PREEMPT_DYNAMIC Sun Jun 21 01:01:36 UTC 2026 (Ubuntu 7.0.0-28.28-generic 7.0.12)
2026-08-02T12:54:07.463128+06:30 chan-dell kernel: Command line: BOOT_IMAGE=/boot/vmlinuz-7.0.0-28-generic root=UUID=58b7fd87-d542-4c25-9c30-5404b0b1e113 ro quiet splash crashkernel=2G-4G:320M,4G-32G:512M,32G-64G:1024M,64G-128G:2048M,128G-:4096M
2026-08-02T12:54:07.463132+06:30 chan-dell kernel: KERNEL supported cpus:
2026-08-02T12:54:07.463134+06:30 chan-dell kernel:   Intel GenuineIntel
2026-08-02T12:54:07.463135+06:30 chan-dell kernel:   AMD AuthenticAMD
2026-08-02T12:54:07.463136+06:30 chan-dell kernel:   Hygon HygonGenuine
2026-08-02T12:54:07.463138+06:30 chan-dell kernel:   Centaur CentaurHauls
2026-08-02T12:54:07.463139+06:30 chan-dell kernel:   zhaoxin   Shanghai  
2026-08-02T12:54:07.463142+06:30 chan-dell kernel: BIOS-provided physical RAM map:
2026-08-02T12:54:07.463173+06:30 chan-dell kernel: BIOS-e820: [mem 0x0000000000000000-0x0000000000057fff]  System RAM
2026-08-02T12:54:07.463175+06:30 chan-dell kernel: BIOS-e820: [mem 0x0000000000058000-0x0000000000058fff]  device reserved
2026-08-02T12:54:07.463176+06:30 chan-dell kernel: BIOS-e820: [mem 0x0000000000059000-0x000000000009dfff]  System RAM
2026-08-02T12:54:07.463178+06:30 chan-dell kernel: BIOS-e820: [mem 0x000000000009e000-0x00000000000fffff]  device reserved
2026-08-02T12:54:07.463179+06:30 chan-dell kernel: BIOS-e820: [mem 0x0000000000100000-0x00000000bb35efff]  System RAM
2026-08-02T12:54:07.463181+06:30 chan-dell kernel: BIOS-e820: [mem 0x00000000bb35f000-0x00000000bb35ffff]  ACPI NVS
2026-08-02T12:54:07.463206+06:30 chan-dell kernel: BIOS-e820: [mem 0x00000000bb360000-0x00000000bb360fff]  device reserved
2026-08-02T12:54:07.463208+06:30 chan-dell kernel: BIOS-e820: [mem 0x00000000bb361000-0x00000000bb413fff]  System RAM
2026-08-02T12:54:07.463209+06:30 chan-dell kernel: BIOS-e820: [mem 0x00000000bb414000-0x00000000bb415fff]  ACPI data
2026-08-02T12:54:07.463211+06:30 chan-dell kernel: BIOS-e820: [mem 0x00000000bb416000-0x00000000ca160fff]  System RAM
2026-08-02T12:54:07.463213+06:30 chan-dell kernel: BIOS-e820: [mem 0x00000000ca161000-0x00000000ca4d7fff]  device reserved
2026-08-02T12:54:07.463214+06:30 chan-dell kernel: BIOS-e820: [mem 0x00000000ca4d8000-0x00000000ca519fff]  ACPI data
2026-08-02T12:54:07.463218+06:30 chan-dell kernel: BIOS-e820: [mem 0x00000000ca51a000-0x00000000cae4ffff]  ACPI NVS
2026-08-02T12:54:07.463219+06:30 chan-dell kernel: BIOS-e820: [mem 0x00000000cae50000-0x00000000cb5fefff]  device reserved
2026-08-02T12:54:07.463221+06:30 chan-dell kernel: BIOS-e820: [mem 0x00000000cb5ff000-0x00000000cb5fffff]  System RAM
2026-08-02T12:54:07.463223+06:30 chan-dell kernel: BIOS-e820: [mem 0x00000000cb600000-0x00000000cf7fffff]  device reserved
2026-08-02T12:54:07.463224+06:30 chan-dell kernel: BIOS-e820: [gap 0x00000000cf800000-0x00000000efffffff]
2026-08-02T12:54:07.463226+06:30 chan-dell kernel: BIOS-e820: [mem 0x00000000f0000000-0x00000000f7ffffff]  device reserved
2026-08-02T12:54:07.463230+06:30 chan-dell kernel: BIOS-e820: [gap 0x00000000f8000000-0x00000000fdffffff]
2026-08-02T12:54:07.463231+06:30 chan-dell kernel: BIOS-e820: [mem 0x00000000fe000000-0x00000000fe010fff]  device reserved
2026-08-02T12:54:07.463233+06:30 chan-dell kernel: BIOS-e820: [gap 0x00000000fe011000-0x00000000febfffff]
2026-08-02T12:54:07.463235+06:30 chan-dell kernel: BIOS-e820: [mem 0x00000000fec00000-0x00000000fec00fff]  device reserved
2026-08-02T12:54:07.463236+06:30 chan-dell kernel: BIOS-e820: [gap 0x00000000fec01000-0x00000000fedfffff]
2026-08-02T12:54:07.463238+06:30 chan-dell kernel: BIOS-e820: [mem 0x00000000fee00000-0x00000000fee00fff]  device reserved
2026-08-02T12:54:07.463239+06:30 chan-dell kernel: BIOS-e820: [gap 0x00000000fee01000-0x00000000feffffff]
2026-08-02T12:54:07.463243+06:30 chan-dell kernel: BIOS-e820: [mem 0x00000000ff000000-0x00000000ffffffff]  device reserved
2026-08-02T12:54:07.463244+06:30 chan-dell kernel: BIOS-e820: [mem 0x0000000100000000-0x000000042e7fffff]  System RAM
2026-08-02T12:54:07.463246+06:30 chan-dell kernel: NX (Execute Disable) protection: active
2026-08-02T12:54:07.463248+06:30 chan-dell kernel: APIC: Static calls initialized
2026-08-02T12:54:07.463249+06:30 chan-dell kernel: efi: EFI v2.6 by American Megatrends
2026-08-02T12:54:07.463251+06:30 chan-dell kernel: efi: ACPI=0xca4e6000 ACPI 2.0=0xca4e6000 SMBIOS=0xf0000 SMBIOS 3.0=0xf0020 TPMFinalLog=0xcadf1000 ESRT=0xcb27e018 MEMATTR=0xc77bc298 MOKvar=0xcb362000 INITRD=0xbb416f18 TPMEventLog=0xca4d8018 
2026-08-02T12:54:07.463254+06:30 chan-dell kernel: efi: Remove mem35: MMIO range=[0xf0000000-0xf7ffffff] (128MB) from e820 map
2026-08-02T12:54:07.463256+06:30 chan-dell kernel: e820: remove [mem 0xf0000000-0xf7ffffff] device reserved
2026-08-02T12:54:07.463258+06:30 chan-dell kernel: efi: Not removing mem36: MMIO range=[0xfe000000-0xfe010fff] (68KB) from e820 map
2026-08-02T12:54:07.463259+06:30 chan-dell kernel: efi: Not removing mem37: MMIO range=[0xfec00000-0xfec00fff] (4KB) from e820 map
2026-08-02T12:54:07.463261+06:30 chan-dell kernel: efi: Not removing mem38: MMIO range=[0xfee00000-0xfee00fff] (4KB) from e820 map
2026-08-02T12:54:07.463262+06:30 chan-dell kernel: efi: Remove mem39: MMIO range=[0xff000000-0xffffffff] (16MB) from e820 map
2026-08-02T12:54:07.463266+06:30 chan-dell kernel: e820: remove [mem 0xff000000-0xffffffff] device reserved
2026-08-02T12:54:07.463267+06:30 chan-dell kernel: SMBIOS 3.0.0 present.
2026-08-02T12:54:07.463269+06:30 chan-dell kernel: DMI: Dell Inc. Latitude 7480/00F6D3, BIOS 1.41.3 02/09/2025
2026-08-02T12:54:07.463270+06:30 chan-dell kernel: DMI: Memory slots populated: 2/2
2026-08-02T12:54:07.463272+06:30 chan-dell kernel: secureboot: Secure boot disabled
2026-08-02T12:54:07.463273+06:30 chan-dell kernel: tsc: Detected 2700.000 MHz processor
2026-08-02T12:54:07.463275+06:30 chan-dell kernel: tsc: Detected 2699.909 MHz TSC
2026-08-02T12:54:07.463278+06:30 chan-dell kernel: e820: update [mem 0x00000000-0x00000fff] System RAM ==> device reserved
2026-08-02T12:54:07.463280+06:30 chan-dell kernel: e820: remove [mem 0x000a0000-0x000fffff] System RAM
2026-08-02T12:54:07.463281+06:30 chan-dell kernel: last_pfn = 0x42e800 max_arch_pfn = 0x400000000
2026-08-02T12:54:07.463283+06:30 chan-dell kernel: MTRR map: 4 entries (3 fixed + 1 variable; max 23), built from 10 variable MTRRs
2026-08-02T12:54:07.463285+06:30 chan-dell kernel: x86/PAT: Configuration [0-7]: WB  WC  UC- UC  WB  WP  UC- WT  
2026-08-02T12:54:07.463286+06:30 chan-dell kernel: last_pfn = 0xcb600 max_arch_pfn = 0x400000000
2026-08-02T12:54:07.463290+06:30 chan-dell kernel: esrt: Reserving ESRT space from 0x00000000cb27e018 to 0x00000000cb27e050.
2026-08-02T12:54:07.463291+06:30 chan-dell kernel: Using GB pages for direct mapping
2026-08-02T12:54:07.463293+06:30 chan-dell kernel: secureboot: Secure boot disabled
2026-08-02T12:54:07.463294+06:30 chan-dell kernel: RAMDISK: [mem 0xb14a2000-0xb6b4bfff]
2026-08-02T12:54:07.463296+06:30 chan-dell kernel: ACPI: Early table checksum verification disabled
2026-08-02T12:54:07.463298+06:30 chan-dell kernel: ACPI: RSDP 0x00000000CA4E6000 000024 (v02 DELL  )
2026-08-02T12:54:07.463301+06:30 chan-dell kernel: ACPI: XSDT 0x00000000CA4E60B8 0000F4 (v01 DELL   CBX3     01072009 AMI  00010013)
2026-08-02T12:54:07.463303+06:30 chan-dell kernel: ACPI: FACP 0x00000000CA50C2E0 00010C (v05 DELL   CBX3     01072009 AMI  00010013)
2026-08-02T12:54:07.463305+06:30 chan-dell kernel: ACPI: DSDT 0x00000000CA4E6240 02609A (v02 DELL   CBX3     01072009 INTL 20160422)
2026-08-02T12:54:07.463306+06:30 chan-dell kernel: ACPI: FACS 0x00000000CAE4DE80 000040
2026-08-02T12:54:07.463308+06:30 chan-dell kernel: ACPI: APIC 0x00000000CA50C3F0 000084 (v03 DELL   CBX3     01072009 AMI  00010013)
2026-08-02T12:54:07.463309+06:30 chan-dell kernel: ACPI: FPDT 0x00000000CA50C478 000044 (v01 DELL   CBX3     01072009 AMI  00010013)
2026-08-02T12:54:07.463311+06:30 chan-dell kernel: ACPI: FIDT 0x00000000CA50C4C0 0000AC (v01 DELL   CBX3     01072009 AMI  00010013)
2026-08-02T12:54:07.463315+06:30 chan-dell kernel: ACPI: MCFG 0x00000000CA50C570 00003C (v01 DELL   CBX3     01072009 MSFT 00000097)
2026-08-02T12:54:07.463316+06:30 chan-dell kernel: ACPI: HPET 0x00000000CA50C5B0 000038 (v01 DELL   CBX3     01072009 AMI. 0005000B)
2026-08-02T12:54:07.463318+06:30 chan-dell kernel: ACPI: SSDT 0x00000000CA50C5E8 000359 (v01 SataRe SataTabl 00001000 INTL 20160422)
2026-08-02T12:54:07.463320+06:30 chan-dell kernel: ACPI: SSDT 0x00000000CA50C948 0012FE (v02 SaSsdt SaSsdt   00003000 INTL 20160422)
2026-08-02T12:54:07.463321+06:30 chan-dell kernel: ACPI: HPET 0x00000000CA50DC48 000038 (v01 INTEL  KBL-ULT  00000001 MSFT 0000005F)
2026-08-02T12:54:07.463323+06:30 chan-dell kernel: ACPI: SSDT 0x00000000CA50DC80 000EBE (v02 INTEL  xh_OEMBD 00000000 INTL 20160422)
2026-08-02T12:54:07.463326+06:30 chan-dell kernel: ACPI: UEFI 0x00000000CA50EB40 000042 (v01                 00000000      00000000)
2026-08-02T12:54:07.463328+06:30 chan-dell kernel: ACPI: SSDT 0x00000000CA50EB88 000EDE (v02 CpuRef CpuSsdt  00003000 INTL 20160422)
2026-08-02T12:54:07.463330+06:30 chan-dell kernel: ACPI: LPIT 0x00000000CA50FA68 000094 (v01 INTEL  KBL-ULT  00000000 MSFT 0000005F)
2026-08-02T12:54:07.463332+06:30 chan-dell kernel: ACPI: SSDT 0x00000000CA50FB00 000141 (v02 INTEL  HdaDsp   00000000 INTL 20160422)
2026-08-02T12:54:07.463333+06:30 chan-dell kernel: ACPI: SSDT 0x00000000CA50FC48 00029F (v02 INTEL  sensrhub 00000000 INTL 20160422)
2026-08-02T12:54:07.463335+06:30 chan-dell kernel: ACPI: SSDT 0x00000000CA50FEE8 003002 (v02 INTEL  PtidDevc 00001000 INTL 20160422)
2026-08-02T12:54:07.463336+06:30 chan-dell kernel: ACPI: SSDT 0x00000000CA512EF0 000517 (v02 INTEL  TbtTypeC 00000000 INTL 20160422)
2026-08-02T12:54:07.463345+06:30 chan-dell kernel: ACPI: DBGP 0x00000000CA513408 000034 (v01 INTEL           00000002 MSFT 0000005F)
2026-08-02T12:54:07.463347+06:30 chan-dell kernel: ACPI: DBG2 0x00000000CA513440 000054 (v00 INTEL           00000002 MSFT 0000005F)
2026-08-02T12:54:07.463348+06:30 chan-dell kernel: ACPI: SSDT 0x00000000CA513498 005136 (v02 DptfTa DptfTabl 00001000 INTL 20160422)
2026-08-02T12:54:07.463350+06:30 chan-dell kernel: ACPI: MSDM 0x00000000CA5185D0 000055 (v03 DELL   CBX3     06222004 AMI  00010013)
2026-08-02T12:54:07.463351+06:30 chan-dell kernel: ACPI: SLIC 0x00000000CA518628 000176 (v03 DELL   CBX3     01072009 MSFT 00010013)
2026-08-02T12:54:07.463353+06:30 chan-dell kernel: ACPI: BGRT 0x00000000CA5187A0 000038 (v00 ?áêÌ            01072009 AMI  00010013)
2026-08-02T12:54:07.463357+06:30 chan-dell kernel: ACPI: DMAR 0x00000000CA5187D8 000114 (v01 INTEL  KBL      00000001 INTL 00000001)
2026-08-02T12:54:07.463358+06:30 chan-dell kernel: ACPI: TPM2 0x00000000CA5188F0 000034 (v03        Tpm2Tabl 00000001 AMI  00000000)
2026-08-02T12:54:07.463360+06:30 chan-dell kernel: ACPI: ASF! 0x00000000CA518928 0000A0 (v32 INTEL   HCG     00000001 TFSM 000F4240)
2026-08-02T12:54:07.463437+06:30 chan-dell kernel: ACPI: Reserving FACP table memory at [mem 0xca50c2e0-0xca50c3eb]
2026-08-02T12:54:07.463440+06:30 chan-dell kernel: ACPI: Reserving DSDT table memory at [mem 0xca4e6240-0xca50c2d9]
2026-08-02T12:54:07.463441+06:30 chan-dell kernel: ACPI: Reserving FACS table memory at [mem 0xcae4de80-0xcae4debf]
2026-08-02T12:54:07.463445+06:30 chan-dell kernel: ACPI: Reserving APIC table memory at [mem 0xca50c3f0-0xca50c473]
2026-08-02T12:54:07.463447+06:30 chan-dell kernel: ACPI: Reserving FPDT table memory at [mem 0xca50c478-0xca50c4bb]
2026-08-02T12:54:07.463448+06:30 chan-dell kernel: ACPI: Reserving FIDT table memory at [mem 0xca50c4c0-0xca50c56b]
2026-08-02T12:54:07.463450+06:30 chan-dell kernel: ACPI: Reserving MCFG table memory at [mem 0xca50c570-0xca50c5ab]
2026-08-02T12:54:07.463452+06:30 chan-dell kernel: ACPI: Reserving HPET table memory at [mem 0xca50c5b0-0xca50c5e7]
2026-08-02T12:54:07.463453+06:30 chan-dell kernel: ACPI: Reserving SSDT table memory at [mem 0xca50c5e8-0xca50c940]
2026-08-02T12:54:07.463455+06:30 chan-dell kernel: ACPI: Reserving SSDT table memory at [mem 0xca50c948-0xca50dc45]
2026-08-02T12:54:07.463458+06:30 chan-dell kernel: ACPI: Reserving HPET table memory at [mem 0xca50dc48-0xca50dc7f]
2026-08-02T12:54:07.463460+06:30 chan-dell kernel: ACPI: Reserving SSDT table memory at [mem 0xca50dc80-0xca50eb3d]
2026-08-02T12:54:07.463462+06:30 chan-dell kernel: ACPI: Reserving UEFI table memory at [mem 0xca50eb40-0xca50eb81]
2026-08-02T12:54:07.463463+06:30 chan-dell kernel: ACPI: Reserving SSDT table memory at [mem 0xca50eb88-0xca50fa65]
2026-08-02T12:54:07.463465+06:30 chan-dell kernel: ACPI: Reserving LPIT table memory at [mem 0xca50fa68-0xca50fafb]
2026-08-02T12:54:07.463467+06:30 chan-dell kernel: ACPI: Reserving SSDT table memory at [mem 0xca50fb00-0xca50fc40]
2026-08-02T12:54:07.463470+06:30 chan-dell kernel: ACPI: Reserving SSDT table memory at [mem 0xca50fc48-0xca50fee6]
2026-08-02T12:54:07.463472+06:30 chan-dell kernel: ACPI: Reserving SSDT table memory at [mem 0xca50fee8-0xca512ee9]
2026-08-02T12:54:07.463473+06:30 chan-dell kernel: ACPI: Reserving SSDT table memory at [mem 0xca512ef0-0xca513406]
2026-08-02T12:54:07.463475+06:30 chan-dell kernel: ACPI: Reserving DBGP table memory at [mem 0xca513408-0xca51343b]
2026-08-02T12:54:07.463477+06:30 chan-dell kernel: ACPI: Reserving DBG2 table memory at [mem 0xca513440-0xca513493]
2026-08-02T12:54:07.463478+06:30 chan-dell kernel: ACPI: Reserving SSDT table memory at [mem 0xca513498-0xca5185cd]
2026-08-02T12:54:07.463480+06:30 chan-dell kernel: ACPI: Reserving MSDM table memory at [mem 0xca5185d0-0xca518624]
2026-08-02T12:54:07.463483+06:30 chan-dell kernel: ACPI: Reserving SLIC table memory at [mem 0xca518628-0xca51879d]
2026-08-02T12:54:07.463485+06:30 chan-dell kernel: ACPI: Reserving BGRT table memory at [mem 0xca5187a0-0xca5187d7]
2026-08-02T12:54:07.463487+06:30 chan-dell kernel: ACPI: Reserving DMAR table memory at [mem 0xca5187d8-0xca5188eb]
2026-08-02T12:54:07.463488+06:30 chan-dell kernel: ACPI: Reserving TPM2 table memory at [mem 0xca5188f0-0xca518923]
2026-08-02T12:54:07.463490+06:30 chan-dell kernel: ACPI: Reserving ASF! table memory at [mem 0xca518928-0xca5189c7]
2026-08-02T12:54:07.463491+06:30 chan-dell kernel: No NUMA configuration found
2026-08-02T12:54:07.463495+06:30 chan-dell kernel: Faking a node at [mem 0x0000000000000000-0x000000042e7fffff]
2026-08-02T12:54:07.463497+06:30 chan-dell kernel: NODE_DATA(0) allocated [mem 0x42e7d5280-0x42e7fffff]
2026-08-02T12:54:07.463498+06:30 chan-dell kernel: crashkernel reserved: 0x000000007b000000 - 0x000000009b000000 (512 MB)
2026-08-02T12:54:07.463500+06:30 chan-dell kernel: Reserving Intel graphics memory at [mem 0xcd800000-0xcf7fffff]
2026-08-02T12:54:07.463501+06:30 chan-dell kernel: ACPI: PM-Timer IO Port: 0x1808
2026-08-02T12:54:07.463530+06:30 chan-dell kernel: ACPI: LAPIC_NMI (acpi_id[0x01] high edge lint[0x1])
2026-08-02T12:54:07.463535+06:30 chan-dell kernel: ACPI: LAPIC_NMI (acpi_id[0x02] high edge lint[0x1])
2026-08-02T12:54:07.463537+06:30 chan-dell kernel: ACPI: LAPIC_NMI (acpi_id[0x03] high edge lint[0x1])
2026-08-02T12:54:07.463538+06:30 chan-dell kernel: ACPI: LAPIC_NMI (acpi_id[0x04] high edge lint[0x1])
2026-08-02T12:54:07.463540+06:30 chan-dell kernel: IOAPIC[0]: apic_id 2, version 32, address 0xfec00000, GSI 0-119
2026-08-02T12:54:07.463541+06:30 chan-dell kernel: ACPI: INT_SRC_OVR (bus 0 bus_irq 0 global_irq 2 dfl dfl)
2026-08-02T12:54:07.463543+06:30 chan-dell kernel: ACPI: INT_SRC_OVR (bus 0 bus_irq 9 global_irq 9 high level)
2026-08-02T12:54:07.463544+06:30 chan-dell kernel: ACPI: Using ACPI (MADT) for SMP configuration information
2026-08-02T12:54:07.463548+06:30 chan-dell kernel: ACPI: HPET id: 0x8086a701 base: 0xfed00000
2026-08-02T12:54:07.463549+06:30 chan-dell kernel: e820: update [mem 0xc6dda000-0xc6e1dfff] System RAM ==> device reserved
2026-08-02T12:54:07.463551+06:30 chan-dell kernel: TSC deadline timer available
2026-08-02T12:54:07.463552+06:30 chan-dell kernel: CPU topo: Max. logical packages:   1
2026-08-02T12:54:07.463554+06:30 chan-dell kernel: CPU topo: Max. logical nodes:      1
2026-08-02T12:54:07.463555+06:30 chan-dell kernel: CPU topo: Num. nodes per package:  1
2026-08-02T12:54:07.463559+06:30 chan-dell kernel: CPU topo: Max. logical dies:       1
2026-08-02T12:54:07.463560+06:30 chan-dell kernel: CPU topo: Max. dies per package:   1
2026-08-02T12:54:07.463562+06:30 chan-dell kernel: CPU topo: Max. threads per core:   2
2026-08-02T12:54:07.463564+06:30 chan-dell kernel: CPU topo: Num. cores per package:     2
2026-08-02T12:54:07.463565+06:30 chan-dell kernel: CPU topo: Num. threads per package:   4
2026-08-02T12:54:07.463567+06:30 chan-dell kernel: CPU topo: Allowing 4 present CPUs plus 0 hotplug CPUs
2026-08-02T12:54:07.463568+06:30 chan-dell kernel: PM: hibernation: Registered nosave memory: [mem 0x00000000-0x00000fff]
2026-08-02T12:54:07.463572+06:30 chan-dell kernel: PM: hibernation: Registered nosave memory: [mem 0x00058000-0x00058fff]
2026-08-02T12:54:07.463574+06:30 chan-dell kernel: PM: hibernation: Registered nosave memory: [mem 0x0009e000-0x000fffff]
2026-08-02T12:54:07.463575+06:30 chan-dell kernel: PM: hibernation: Registered nosave memory: [mem 0xbb35f000-0xbb360fff]
2026-08-02T12:54:07.463577+06:30 chan-dell kernel: PM: hibernation: Registered nosave memory: [mem 0xbb414000-0xbb415fff]
2026-08-02T12:54:07.463578+06:30 chan-dell kernel: PM: hibernation: Registered nosave memory: [mem 0xc6dda000-0xc6e1dfff]
2026-08-02T12:54:07.463580+06:30 chan-dell kernel: PM: hibernation: Registered nosave memory: [mem 0xca161000-0xcb5fefff]
2026-08-02T12:54:07.463583+06:30 chan-dell kernel: PM: hibernation: Registered nosave memory: [mem 0xcb600000-0xffffffff]
2026-08-02T12:54:07.463585+06:30 chan-dell kernel: [gap 0xcf800000-0xfdffffff] available for PCI devices
2026-08-02T12:54:07.463586+06:30 chan-dell kernel: Booting paravirtualized kernel on bare hardware
2026-08-02T12:54:07.463588+06:30 chan-dell kernel: clocksource: refined-jiffies: mask: 0xffffffff max_cycles: 0xffffffff, max_idle_ns: 1910969940391419 ns
2026-08-02T12:54:07.463590+06:30 chan-dell kernel: Zone ranges:
2026-08-02T12:54:07.463591+06:30 chan-dell kernel:   DMA      [mem 0x0000000000001000-0x0000000000ffffff]
2026-08-02T12:54:07.463595+06:30 chan-dell kernel:   DMA32    [mem 0x0000000001000000-0x00000000ffffffff]
2026-08-02T12:54:07.463597+06:30 chan-dell kernel:   Normal   [mem 0x0000000100000000-0x000000042e7fffff]
2026-08-02T12:54:07.463598+06:30 chan-dell kernel:   Device   empty
2026-08-02T12:54:07.463600+06:30 chan-dell kernel: Movable zone start for each node
2026-08-02T12:54:07.463602+06:30 chan-dell kernel: Early memory node ranges
2026-08-02T12:54:07.463603+06:30 chan-dell kernel:   node   0: [mem 0x0000000000001000-0x0000000000057fff]
2026-08-02T12:54:07.463605+06:30 chan-dell kernel:   node   0: [mem 0x0000000000059000-0x000000000009dfff]
2026-08-02T12:54:07.463608+06:30 chan-dell kernel:   node   0: [mem 0x0000000000100000-0x00000000bb35efff]
2026-08-02T12:54:07.463610+06:30 chan-dell kernel:   node   0: [mem 0x00000000bb361000-0x00000000bb413fff]
2026-08-02T12:54:07.463612+06:30 chan-dell kernel:   node   0: [mem 0x00000000bb416000-0x00000000ca160fff]
2026-08-02T12:54:07.463613+06:30 chan-dell kernel:   node   0: [mem 0x00000000cb5ff000-0x00000000cb5fffff]
2026-08-02T12:54:07.463629+06:30 chan-dell kernel:   node   0: [mem 0x0000000100000000-0x000000042e7fffff]
2026-08-02T12:54:07.463631+06:30 chan-dell kernel: Initmem setup node 0 [mem 0x0000000000001000-0x000000042e7fffff]
2026-08-02T12:54:07.463635+06:30 chan-dell kernel: On node 0, zone DMA: 1 pages in unavailable ranges
2026-08-02T12:54:07.463636+06:30 chan-dell kernel: On node 0, zone DMA: 1 pages in unavailable ranges
2026-08-02T12:54:07.463640+06:30 chan-dell kernel: On node 0, zone DMA: 98 pages in unavailable ranges
2026-08-02T12:54:07.463641+06:30 chan-dell kernel: On node 0, zone DMA32: 2 pages in unavailable ranges
2026-08-02T12:54:07.463643+06:30 chan-dell kernel: On node 0, zone DMA32: 2 pages in unavailable ranges
2026-08-02T12:54:07.463645+06:30 chan-dell kernel: On node 0, zone DMA32: 5278 pages in unavailable ranges
2026-08-02T12:54:07.463649+06:30 chan-dell kernel: On node 0, zone Normal: 18944 pages in unavailable ranges
2026-08-02T12:54:07.463651+06:30 chan-dell kernel: On node 0, zone Normal: 6144 pages in unavailable ranges
2026-08-02T12:54:07.463653+06:30 chan-dell kernel: setup_percpu: NR_CPUS:8192 nr_cpumask_bits:4 nr_cpu_ids:4 nr_node_ids:1
2026-08-02T12:54:07.463654+06:30 chan-dell kernel: percpu: Embedded 85 pages/cpu s225280 r8192 d114688 u524288
2026-08-02T12:54:07.463656+06:30 chan-dell kernel: pcpu-alloc: s225280 r8192 d114688 u524288 alloc=1*2097152
2026-08-02T12:54:07.463657+06:30 chan-dell kernel: pcpu-alloc: [0] 0 1 2 3 
2026-08-02T12:54:07.463661+06:30 chan-dell kernel: Kernel command line: BOOT_IMAGE=/boot/vmlinuz-7.0.0-28-generic root=UUID=58b7fd87-d542-4c25-9c30-5404b0b1e113 ro quiet splash crashkernel=2G-4G:320M,4G-32G:512M,32G-64G:1024M,64G-128G:2048M,128G-:4096M
2026-08-02T12:54:07.463663+06:30 chan-dell kernel: Unknown kernel command line parameters "splash", will be passed to user space.
2026-08-02T12:54:07.463664+06:30 chan-dell kernel: random: crng init done
2026-08-02T12:54:07.463666+06:30 chan-dell kernel: printk: log buffer data + meta data: 262144 + 1114112 = 1376256 bytes
2026-08-02T12:54:07.463667+06:30 chan-dell kernel: Dentry cache hash table entries: 2097152 (order: 12, 16777216 bytes, linear)
2026-08-02T12:54:07.463669+06:30 chan-dell kernel: Inode-cache hash table entries: 1048576 (order: 11, 8388608 bytes, linear)
2026-08-02T12:54:07.463672+06:30 chan-dell kernel: software IO TLB: area num 4.
2026-08-02T12:54:07.463674+06:30 chan-dell kernel: Fallback order for Node 0: 0 
2026-08-02T12:54:07.463676+06:30 chan-dell kernel: Built 1 zonelists, mobility grouping on.  Total pages: 4163834
2026-08-02T12:54:07.463677+06:30 chan-dell kernel: Policy zone: Normal
2026-08-02T12:54:07.463679+06:30 chan-dell kernel: mem auto-init: stack:all(zero), heap alloc:on, heap free:off
2026-08-02T12:54:07.463681+06:30 chan-dell kernel: SLUB: HWalign=64, Order=0-3, MinObjects=0, CPUs=4, Nodes=1
2026-08-02T12:54:07.463682+06:30 chan-dell kernel: Kernel/User page tables isolation: enabled
2026-08-02T12:54:07.463686+06:30 chan-dell kernel: ftrace: allocating 63941 entries in 252 pages
2026-08-02T12:54:07.463687+06:30 chan-dell kernel: ftrace: allocated 252 pages with 6 groups
2026-08-02T12:54:07.463689+06:30 chan-dell kernel: Dynamic Preempt: lazy
2026-08-02T12:54:07.463793+06:30 chan-dell kernel: rcu: Preemptible hierarchical RCU implementation.
2026-08-02T12:54:07.463796+06:30 chan-dell kernel: rcu: 	RCU restricting CPUs from NR_CPUS=8192 to nr_cpu_ids=4.
2026-08-02T12:54:07.463798+06:30 chan-dell kernel: 	Trampoline variant of Tasks RCU enabled.
2026-08-02T12:54:07.463807+06:30 chan-dell kernel: 	Rude variant of Tasks RCU enabled.
2026-08-02T12:54:07.463809+06:30 chan-dell kernel: 	Tracing variant of Tasks RCU enabled.
2026-08-02T12:54:07.463810+06:30 chan-dell kernel: rcu: RCU calculated value of scheduler-enlistment delay is 100 jiffies.
2026-08-02T12:54:07.463812+06:30 chan-dell kernel: rcu: Adjusting geometry for rcu_fanout_leaf=16, nr_cpu_ids=4
2026-08-02T12:54:07.463813+06:30 chan-dell kernel: RCU Tasks: Setting shift to 2 and lim to 1 rcu_task_cb_adjust=1 rcu_task_cpu_ids=4.
2026-08-02T12:54:07.463815+06:30 chan-dell kernel: RCU Tasks Rude: Setting shift to 2 and lim to 1 rcu_task_cb_adjust=1 rcu_task_cpu_ids=4.
2026-08-02T12:54:07.463817+06:30 chan-dell kernel: NR_IRQS: 524544, nr_irqs: 1024, preallocated irqs: 16
2026-08-02T12:54:07.463823+06:30 chan-dell kernel: rcu: srcu_init: Setting srcu_struct sizes based on contention.
2026-08-02T12:54:07.463825+06:30 chan-dell kernel: spurious 8259A interrupt: IRQ7.
2026-08-02T12:54:07.463827+06:30 chan-dell kernel: Console: colour dummy device 80x25
2026-08-02T12:54:07.463828+06:30 chan-dell kernel: printk: legacy console [tty0] enabled
2026-08-02T12:54:07.463830+06:30 chan-dell kernel: ACPI: Core revision 20251212
2026-08-02T12:54:07.463832+06:30 chan-dell kernel: hpet: HPET dysfunctional in PC10. Force disabled.
2026-08-02T12:54:07.463838+06:30 chan-dell kernel: APIC: Switch to symmetric I/O mode setup
2026-08-02T12:54:07.463840+06:30 chan-dell kernel: DMAR: Host address width 39
2026-08-02T12:54:07.463841+06:30 chan-dell kernel: DMAR: DRHD base: 0x000000fed90000 flags: 0x0
2026-08-02T12:54:07.463843+06:30 chan-dell kernel: DMAR: dmar0: reg_base_addr fed90000 ver 1:0 cap 1c0000c40660462 ecap 19e2ff0505e
2026-08-02T12:54:07.463844+06:30 chan-dell kernel: DMAR: DRHD base: 0x000000fed91000 flags: 0x1
2026-08-02T12:54:07.463846+06:30 chan-dell kernel: DMAR: dmar1: reg_base_addr fed91000 ver 1:0 cap d2008c40660462 ecap f050da
2026-08-02T12:54:07.463851+06:30 chan-dell kernel: DMAR: RMRR base: 0x000000ca22b000 end: 0x000000ca24afff
2026-08-02T12:54:07.463853+06:30 chan-dell kernel: DMAR: RMRR base: 0x000000cd000000 end: 0x000000cf7fffff
2026-08-02T12:54:07.463855+06:30 chan-dell kernel: DMAR: ANDD device: 1 name: \_SB.PCI0.I2C0
2026-08-02T12:54:07.463856+06:30 chan-dell kernel: DMAR: ANDD device: 2 name: \_SB.PCI0.I2C1
2026-08-02T12:54:07.463858+06:30 chan-dell kernel: DMAR: ANDD device: 3 name: \_SB.PCI0.I2C2
2026-08-02T12:54:07.463859+06:30 chan-dell kernel: DMAR-IR: IOAPIC id 2 under DRHD base  0xfed91000 IOMMU 1
2026-08-02T12:54:07.463861+06:30 chan-dell kernel: DMAR-IR: HPET id 0 under DRHD base 0xfed91000
2026-08-02T12:54:07.463874+06:30 chan-dell kernel: DMAR-IR: Queued invalidation will be enabled to support x2apic and Intr-remapping.
2026-08-02T12:54:07.463876+06:30 chan-dell kernel: DMAR-IR: Enabled IRQ remapping in x2apic mode
2026-08-02T12:54:07.463887+06:30 chan-dell kernel: x2apic enabled
2026-08-02T12:54:07.463889+06:30 chan-dell kernel: APIC: Switched APIC routing to: cluster x2apic
2026-08-02T12:54:07.463891+06:30 chan-dell kernel: clocksource: tsc-early: mask: 0xffffffffffffffff max_cycles: 0x26eae8729ef, max_idle_ns: 440795235156 ns
2026-08-02T12:54:07.463892+06:30 chan-dell kernel: Calibrating delay loop (skipped), value calculated using timer frequency.. 5399.81 BogoMIPS (lpj=2699909)
2026-08-02T12:54:07.463899+06:30 chan-dell kernel: x86/cpu: SGX disabled or unsupported by BIOS.
2026-08-02T12:54:07.463901+06:30 chan-dell kernel: CPU0: Thermal monitoring enabled (TM1)
2026-08-02T12:54:07.463902+06:30 chan-dell kernel: Last level iTLB entries: 4KB 64, 2MB 8, 4MB 8
2026-08-02T12:54:07.463903+06:30 chan-dell kernel: Last level dTLB entries: 4KB 64, 2MB 32, 4MB 32, 1GB 4
2026-08-02T12:54:07.463903+06:30 chan-dell kernel: process: using mwait in idle threads
2026-08-02T12:54:07.463904+06:30 chan-dell kernel: mitigations: Enabled attack vectors: user_kernel, user_user, guest_host, guest_guest, SMT mitigations: auto
2026-08-02T12:54:07.463909+06:30 chan-dell kernel: Speculative Store Bypass: Mitigation: Speculative Store Bypass disabled via prctl
2026-08-02T12:54:07.463910+06:30 chan-dell kernel: SRBDS: Mitigation: Microcode
2026-08-02T12:54:07.463911+06:30 chan-dell kernel: Spectre V2 : Mitigation: IBRS
2026-08-02T12:54:07.463912+06:30 chan-dell kernel: RETBleed: Mitigation: IBRS
2026-08-02T12:54:07.463912+06:30 chan-dell kernel: Spectre V2 : User space: Mitigation: STIBP via prctl
2026-08-02T12:54:07.463913+06:30 chan-dell kernel: MDS: Mitigation: Clear CPU buffers
2026-08-02T12:54:07.463918+06:30 chan-dell kernel: MMIO Stale Data: Mitigation: Clear CPU buffers
2026-08-02T12:54:07.463920+06:30 chan-dell kernel: VMSCAPE: Mitigation: IBPB before exit to userspace
2026-08-02T12:54:07.463921+06:30 chan-dell kernel: Spectre V1 : Mitigation: usercopy/swapgs barriers and __user pointer sanitization
2026-08-02T12:54:07.463922+06:30 chan-dell kernel: Spectre V2 : Spectre v2 / SpectreRSB: Filling RSB on context switch and VMEXIT
2026-08-02T12:54:07.463924+06:30 chan-dell kernel: Spectre V2 : mitigation: Enabling conditional Indirect Branch Prediction Barrier
2026-08-02T12:54:07.463925+06:30 chan-dell kernel: GDS: Vulnerable
2026-08-02T12:54:07.463926+06:30 chan-dell kernel: x86/fpu: Supporting XSAVE feature 0x001: 'x87 floating point registers'
2026-08-02T12:54:07.463932+06:30 chan-dell kernel: x86/fpu: Supporting XSAVE feature 0x002: 'SSE registers'
2026-08-02T12:54:07.463934+06:30 chan-dell kernel: x86/fpu: Supporting XSAVE feature 0x004: 'AVX registers'
2026-08-02T12:54:07.463935+06:30 chan-dell kernel: x86/fpu: Supporting XSAVE feature 0x008: 'MPX bounds registers'
2026-08-02T12:54:07.463936+06:30 chan-dell kernel: x86/fpu: Supporting XSAVE feature 0x010: 'MPX CSR'
2026-08-02T12:54:07.463937+06:30 chan-dell kernel: x86/fpu: xstate_offset[2]:  576, xstate_sizes[2]:  256
2026-08-02T12:54:07.463938+06:30 chan-dell kernel: x86/fpu: xstate_offset[3]:  832, xstate_sizes[3]:   64
2026-08-02T12:54:07.463943+06:30 chan-dell kernel: x86/fpu: xstate_offset[4]:  896, xstate_sizes[4]:   64
2026-08-02T12:54:07.463945+06:30 chan-dell kernel: x86/fpu: Enabled xstate features 0x1f, context size is 960 bytes, using 'compacted' format.
2026-08-02T12:54:07.463947+06:30 chan-dell kernel: Freeing SMP alternatives memory: 56K
2026-08-02T12:54:07.463948+06:30 chan-dell kernel: pid_max: default: 32768 minimum: 301
2026-08-02T12:54:07.463949+06:30 chan-dell kernel: landlock: Up and running.
2026-08-02T12:54:07.463951+06:30 chan-dell kernel: Yama: becoming mindful.
2026-08-02T12:54:07.463951+06:30 chan-dell kernel: AppArmor: AppArmor initialized
2026-08-02T12:54:07.463957+06:30 chan-dell kernel: AppArmor: AppArmor secmark mediation reserved: ready to be enabled
2026-08-02T12:54:07.463959+06:30 chan-dell kernel: Mount-cache hash table entries: 32768 (order: 6, 262144 bytes, linear)
2026-08-02T12:54:07.463960+06:30 chan-dell kernel: Mountpoint-cache hash table entries: 32768 (order: 6, 262144 bytes, linear)
2026-08-02T12:54:07.463962+06:30 chan-dell kernel: VFS: Finished mounting rootfs on nullfs
2026-08-02T12:54:07.463964+06:30 chan-dell kernel: smpboot: CPU0: Intel(R) Core(TM) i5-7300U CPU @ 2.60GHz (family: 0x6, model: 0x8e, stepping: 0x9)
2026-08-02T12:54:07.463965+06:30 chan-dell kernel: Performance Events: PEBS fmt3+, Skylake events, 32-deep LBR, full-width counters, Intel PMU driver.
2026-08-02T12:54:07.463971+06:30 chan-dell kernel: ... version:                   4
2026-08-02T12:54:07.463973+06:30 chan-dell kernel: ... bit width:                 48
2026-08-02T12:54:07.463974+06:30 chan-dell kernel: ... generic counters:          4
2026-08-02T12:54:07.463976+06:30 chan-dell kernel: ... generic bitmap:            000000000000000f
2026-08-02T12:54:07.463977+06:30 chan-dell kernel: ... fixed-purpose counters:    3
2026-08-02T12:54:07.463979+06:30 chan-dell kernel: ... fixed-purpose bitmap:      0000000000000007
2026-08-02T12:54:07.463999+06:30 chan-dell kernel: ... value mask:                0000ffffffffffff
2026-08-02T12:54:07.464002+06:30 chan-dell kernel: ... max period:                00007fffffffffff
2026-08-02T12:54:07.464004+06:30 chan-dell kernel: ... global_ctrl mask:          000000070000000f
2026-08-02T12:54:07.464005+06:30 chan-dell kernel: signal: max sigframe size: 2032
2026-08-02T12:54:07.464007+06:30 chan-dell kernel: Estimated ratio of average max frequency by base frequency (times 1024): 1327
2026-08-02T12:54:07.464008+06:30 chan-dell kernel: rcu: Hierarchical SRCU implementation.
2026-08-02T12:54:07.464010+06:30 chan-dell kernel: rcu: 	Max phase no-delay instances is 400.
2026-08-02T12:54:07.464017+06:30 chan-dell kernel: Timer migration: 1 hierarchy levels; 8 children per group; 1 crossnode level
2026-08-02T12:54:07.464019+06:30 chan-dell kernel: NMI watchdog: Enabled. Permanently consumes one hw-PMU counter.
2026-08-02T12:54:07.464021+06:30 chan-dell kernel: smp: Bringing up secondary CPUs ...
2026-08-02T12:54:07.464023+06:30 chan-dell kernel: smpboot: x86: Booting SMP configuration:
2026-08-02T12:54:07.464024+06:30 chan-dell kernel: .... node  #0, CPUs:      #1 #2 #3
2026-08-02T12:54:07.464026+06:30 chan-dell kernel: MDS CPU bug present and SMT on, data leak possible. See https://www.kernel.org/doc/html/latest/admin-guide/hw-vuln/mds.html for more details.
2026-08-02T12:54:07.464032+06:30 chan-dell kernel: MMIO Stale Data CPU bug present and SMT on, data leak possible. See https://www.kernel.org/doc/html/latest/admin-guide/hw-vuln/processor_mmio_stale_data.html for more details.
2026-08-02T12:54:07.464034+06:30 chan-dell kernel: VMSCAPE: SMT on, STIBP is required for full protection. See https://www.kernel.org/doc/html/latest/admin-guide/hw-vuln/vmscape.html for more details.
2026-08-02T12:54:07.464036+06:30 chan-dell kernel: smp: Brought up 1 node, 4 CPUs
2026-08-02T12:54:07.464037+06:30 chan-dell kernel: smpboot: Total of 4 processors activated (21599.27 BogoMIPS)
2026-08-02T12:54:07.464039+06:30 chan-dell kernel: Memory: 12684324K/16655336K available (23799K kernel code, 4952K rwdata, 16764K rodata, 5292K init, 5856K bss, 3955176K reserved, 0K cma-reserved)
2026-08-02T12:54:07.464040+06:30 chan-dell kernel: devtmpfs: initialized
2026-08-02T12:54:07.464045+06:30 chan-dell kernel: x86/mm: Memory block size: 128MB
2026-08-02T12:54:07.464047+06:30 chan-dell kernel: ACPI: PM: Registering ACPI NVS region [mem 0xbb35f000-0xbb35ffff] (4096 bytes)
2026-08-02T12:54:07.464047+06:30 chan-dell kernel: ACPI: PM: Registering ACPI NVS region [mem 0xca51a000-0xcae4ffff] (9658368 bytes)
2026-08-02T12:54:07.464048+06:30 chan-dell kernel: clocksource: jiffies: mask: 0xffffffff max_cycles: 0xffffffff, max_idle_ns: 1911260446275000 ns
2026-08-02T12:54:07.464050+06:30 chan-dell kernel: posixtimers hash table entries: 2048 (order: 3, 32768 bytes, linear)
2026-08-02T12:54:07.464051+06:30 chan-dell kernel: futex hash table entries: 1024 (65536 bytes on 1 NUMA nodes, total 64 KiB, linear).
2026-08-02T12:54:07.464057+06:30 chan-dell kernel: PM: RTC time: 06:22:33, date: 2026-08-02
2026-08-02T12:54:07.464059+06:30 chan-dell kernel: NET: Registered PF_NETLINK/PF_ROUTE protocol family
2026-08-02T12:54:07.464061+06:30 chan-dell kernel: DMA: preallocated 2048 KiB GFP_KERNEL pool for atomic allocations
2026-08-02T12:54:07.464138+06:30 chan-dell kernel: DMA: preallocated 2048 KiB GFP_KERNEL|GFP_DMA pool for atomic allocations
2026-08-02T12:54:07.464140+06:30 chan-dell kernel: DMA: preallocated 2048 KiB GFP_KERNEL|GFP_DMA32 pool for atomic allocations
2026-08-02T12:54:07.464141+06:30 chan-dell kernel: audit: initializing netlink subsys (disabled)
2026-08-02T12:54:07.464147+06:30 chan-dell kernel: audit: type=2000 audit(1785651753.009:1): state=initialized audit_enabled=0 res=1
2026-08-02T12:54:07.464148+06:30 chan-dell kernel: thermal_sys: Registered thermal governor 'fair_share'
2026-08-02T12:54:07.464149+06:30 chan-dell kernel: thermal_sys: Registered thermal governor 'bang_bang'
2026-08-02T12:54:07.464150+06:30 chan-dell kernel: thermal_sys: Registered thermal governor 'step_wise'
2026-08-02T12:54:07.464151+06:30 chan-dell kernel: thermal_sys: Registered thermal governor 'user_space'
2026-08-02T12:54:07.464152+06:30 chan-dell kernel: thermal_sys: Registered thermal governor 'power_allocator'
2026-08-02T12:54:07.464153+06:30 chan-dell kernel: cpuidle: using governor ladder
2026-08-02T12:54:07.464158+06:30 chan-dell kernel: cpuidle: using governor menu
2026-08-02T12:54:07.464159+06:30 chan-dell kernel: efi: Freeing EFI boot services memory: 45588K
2026-08-02T12:54:07.464160+06:30 chan-dell kernel: acpiphp: ACPI Hot Plug PCI Controller Driver version: 0.5
2026-08-02T12:54:07.464161+06:30 chan-dell kernel: PCI: ECAM [mem 0xf0000000-0xf7ffffff] (base 0xf0000000) for domain 0000 [bus 00-7f]
2026-08-02T12:54:07.464162+06:30 chan-dell kernel: PCI: Using configuration type 1 for base access
2026-08-02T12:54:07.464164+06:30 chan-dell kernel: kprobes: kprobe jump-optimization is enabled. All kprobes are optimized if possible.
2026-08-02T12:54:07.464170+06:30 chan-dell kernel: HugeTLB: registered 1.00 GiB page size, pre-allocated 0 pages
2026-08-02T12:54:07.464171+06:30 chan-dell kernel: HugeTLB: 16380 KiB vmemmap can be freed for a 1.00 GiB page
2026-08-02T12:54:07.464172+06:30 chan-dell kernel: HugeTLB: registered 2.00 MiB page size, pre-allocated 0 pages
2026-08-02T12:54:07.464173+06:30 chan-dell kernel: HugeTLB: 28 KiB vmemmap can be freed for a 2.00 MiB page
2026-08-02T12:54:07.464174+06:30 chan-dell kernel: ACPI: Added _OSI(Module Device)
2026-08-02T12:54:07.464175+06:30 chan-dell kernel: ACPI: Added _OSI(Processor Device)
2026-08-02T12:54:07.464177+06:30 chan-dell kernel: ACPI: Added _OSI(Processor Aggregator Device)
2026-08-02T12:54:07.464183+06:30 chan-dell kernel: ACPI: 10 ACPI AML tables successfully acquired and loaded
2026-08-02T12:54:07.464185+06:30 chan-dell kernel: ACPI: [Firmware Bug]: BIOS _OSI(Linux) query ignored
2026-08-02T12:54:07.464186+06:30 chan-dell kernel: ACPI: \_SB_: platform _OSC: OS support mask [006e7eff]
2026-08-02T12:54:07.464188+06:30 chan-dell kernel: ACPI: \_SB_: platform _OSC: OS control mask [0000003b]
2026-08-02T12:54:07.464189+06:30 chan-dell kernel: ACPI: Dynamic OEM Table Load:
2026-08-02T12:54:07.464191+06:30 chan-dell kernel: ACPI: SSDT 0xFFFF8CECC1A07800 0003FF (v02 PmRef  Cpu0Cst  00003001 INTL 20160422)
2026-08-02T12:54:07.464197+06:30 chan-dell kernel: ACPI: Dynamic OEM Table Load:
2026-08-02T12:54:07.464200+06:30 chan-dell kernel: ACPI: SSDT 0xFFFF8CECC1A49000 0006B4 (v02 PmRef  Cpu0Ist  00003000 INTL 20160422)
2026-08-02T12:54:07.464201+06:30 chan-dell kernel: ACPI: Dynamic OEM Table Load:
2026-08-02T12:54:07.464202+06:30 chan-dell kernel: ACPI: SSDT 0xFFFF8CECC1A4F000 00065C (v02 PmRef  ApIst    00003000 INTL 20160422)
2026-08-02T12:54:07.464204+06:30 chan-dell kernel: ACPI: Dynamic OEM Table Load:
2026-08-02T12:54:07.464205+06:30 chan-dell kernel: ACPI: SSDT 0xFFFF8CECC1257600 00018A (v02 PmRef  ApCst    00003000 INTL 20160422)
2026-08-02T12:54:07.464211+06:30 chan-dell kernel: ACPI: EC: EC started
2026-08-02T12:54:07.464213+06:30 chan-dell kernel: ACPI: EC: interrupt blocked
2026-08-02T12:54:07.464214+06:30 chan-dell kernel: ACPI: EC: EC_CMD/EC_SC=0x934, EC_DATA=0x930
2026-08-02T12:54:07.464216+06:30 chan-dell kernel: ACPI: \_SB_.PCI0.LPCB.ECDV: Boot DSDT EC used to handle transactions
2026-08-02T12:54:07.464217+06:30 chan-dell kernel: ACPI: Interpreter enabled
2026-08-02T12:54:07.464219+06:30 chan-dell kernel: ACPI: PM: (supports S0 S3 S4 S5)
2026-08-02T12:54:07.464220+06:30 chan-dell kernel: ACPI: Using IOAPIC for interrupt routing
2026-08-02T12:54:07.464227+06:30 chan-dell kernel: PCI: Using host bridge windows from ACPI; if necessary, use "pci=nocrs" and report a bug
2026-08-02T12:54:07.464229+06:30 chan-dell kernel: PCI: Ignoring E820 reservations for host bridge windows
2026-08-02T12:54:07.464230+06:30 chan-dell kernel: ACPI: Enabled 7 GPEs in block 00 to 7F
2026-08-02T12:54:07.464231+06:30 chan-dell kernel: ACPI: \_SB_.PCI0.RP09.PXSX.WRST: New power resource
2026-08-02T12:54:07.464233+06:30 chan-dell kernel: ACPI: \_SB_.PCI0.RP10.PXSX.WRST: New power resource
2026-08-02T12:54:07.464234+06:30 chan-dell kernel: ACPI: \_SB_.PCI0.RP11.PXSX.WRST: New power resource
2026-08-02T12:54:07.464240+06:30 chan-dell kernel: ACPI: \_SB_.PCI0.RP12.PXSX.WRST: New power resource
2026-08-02T12:54:07.464242+06:30 chan-dell kernel: ACPI: \_SB_.PCI0.RP13.PXSX.WRST: New power resource
2026-08-02T12:54:07.464243+06:30 chan-dell kernel: ACPI: \_SB_.PCI0.RP01.PXSX.WRST: New power resource
2026-08-02T12:54:07.464244+06:30 chan-dell kernel: ACPI: \_SB_.PCI0.RP02.PXSX.WRST: New power resource
2026-08-02T12:54:07.464245+06:30 chan-dell kernel: ACPI: \_SB_.PCI0.RP03.PXSX.WRST: New power resource
2026-08-02T12:54:07.464247+06:30 chan-dell kernel: ACPI: \_SB_.PCI0.RP04.PXSX.WRST: New power resource
2026-08-02T12:54:07.464248+06:30 chan-dell kernel: ACPI: \_SB_.PCI0.RP05.PXSX.WRST: New power resource
2026-08-02T12:54:07.464254+06:30 chan-dell kernel: ACPI: \_SB_.PCI0.RP06.PXSX.WRST: New power resource
2026-08-02T12:54:07.464256+06:30 chan-dell kernel: ACPI: \_SB_.PCI0.RP07.PXSX.WRST: New power resource
2026-08-02T12:54:07.464257+06:30 chan-dell kernel: ACPI: \_SB_.PCI0.RP08.PXSX.WRST: New power resource
2026-08-02T12:54:07.464258+06:30 chan-dell kernel: ACPI: \_SB_.PCI0.RP17.PXSX.WRST: New power resource
2026-08-02T12:54:07.464260+06:30 chan-dell kernel: ACPI: \_SB_.PCI0.RP18.PXSX.WRST: New power resource
2026-08-02T12:54:07.464261+06:30 chan-dell kernel: ACPI: \_SB_.PCI0.RP19.PXSX.WRST: New power resource
2026-08-02T12:54:07.464267+06:30 chan-dell kernel: ACPI: \_SB_.PCI0.RP20.PXSX.WRST: New power resource
2026-08-02T12:54:07.464269+06:30 chan-dell kernel: ACPI: \_SB_.PCI0.RP14.PXSX.WRST: New power resource
2026-08-02T12:54:07.464270+06:30 chan-dell kernel: ACPI: \_SB_.PCI0.RP15.PXSX.WRST: New power resource
2026-08-02T12:54:07.464272+06:30 chan-dell kernel: ACPI: \_SB_.PCI0.RP16.PXSX.WRST: New power resource
2026-08-02T12:54:07.464272+06:30 chan-dell kernel: ACPI: PCI Root Bridge [PCI0] (domain 0000 [bus 00-7e])
2026-08-02T12:54:07.464274+06:30 chan-dell kernel: acpi PNP0A08:00: _OSC: OS supports [ExtendedConfig ASPM ClockPM Segments MSI EDR HPX-Type3]
2026-08-02T12:54:07.464280+06:30 chan-dell kernel: acpi PNP0A08:00: _OSC: OS now controls [PCIeHotplug SHPCHotplug PME AER PCIeCapability LTR DPC]
2026-08-02T12:54:07.464281+06:30 chan-dell kernel: PCI host bridge to bus 0000:00
2026-08-02T12:54:07.464282+06:30 chan-dell kernel: pci_bus 0000:00: root bus resource [io  0x0000-0x0cf7 window]
2026-08-02T12:54:07.464283+06:30 chan-dell kernel: pci_bus 0000:00: root bus resource [io  0x0d00-0xffff window]
2026-08-02T12:54:07.464284+06:30 chan-dell kernel: pci_bus 0000:00: root bus resource [mem 0x000a0000-0x000dffff window]
2026-08-02T12:54:07.464286+06:30 chan-dell kernel: pci_bus 0000:00: root bus resource [mem 0xcf800000-0xefffffff window]
2026-08-02T12:54:07.464287+06:30 chan-dell kernel: pci_bus 0000:00: root bus resource [mem 0xfd000000-0xfe7fffff window]
2026-08-02T12:54:07.464293+06:30 chan-dell kernel: pci_bus 0000:00: root bus resource [bus 00-7e]
2026-08-02T12:54:07.464295+06:30 chan-dell kernel: pci 0000:00:00.0: [8086:5904] type 00 class 0x060000 conventional PCI endpoint
2026-08-02T12:54:07.464296+06:30 chan-dell kernel: pci 0000:00:02.0: [8086:5916] type 00 class 0x030000 PCIe Root Complex Integrated Endpoint
2026-08-02T12:54:07.464298+06:30 chan-dell kernel: pci 0000:00:02.0: BAR 0 [mem 0xee000000-0xeeffffff 64bit]
2026-08-02T12:54:07.464299+06:30 chan-dell kernel: pci 0000:00:02.0: BAR 2 [mem 0xd0000000-0xdfffffff 64bit pref]
2026-08-02T12:54:07.464300+06:30 chan-dell kernel: pci 0000:00:02.0: BAR 4 [io  0xf000-0xf03f]
2026-08-02T12:54:07.464306+06:30 chan-dell kernel: pci 0000:00:02.0: DMAR: Disabling IOMMU for graphics on this chipset
2026-08-02T12:54:07.464308+06:30 chan-dell kernel: pci 0000:00:02.0: Video device with shadowed ROM at [mem 0x000c0000-0x000dffff]
2026-08-02T12:54:07.464309+06:30 chan-dell kernel: pci 0000:00:04.0: [8086:1903] type 00 class 0x118000 conventional PCI endpoint
2026-08-02T12:54:07.464311+06:30 chan-dell kernel: pci 0000:00:04.0: BAR 0 [mem 0xef240000-0xef247fff 64bit]
2026-08-02T12:54:07.464312+06:30 chan-dell kernel: pci 0000:00:14.0: [8086:9d2f] type 00 class 0x0c0330 conventional PCI endpoint
2026-08-02T12:54:07.464313+06:30 chan-dell kernel: pci 0000:00:14.0: BAR 0 [mem 0xef230000-0xef23ffff 64bit]
2026-08-02T12:54:07.464314+06:30 chan-dell kernel: pci 0000:00:14.0: PME# supported from D3hot D3cold
2026-08-02T12:54:07.464319+06:30 chan-dell kernel: pci 0000:00:14.2: [8086:9d31] type 00 class 0x118000 conventional PCI endpoint
2026-08-02T12:54:07.464320+06:30 chan-dell kernel: pci 0000:00:14.2: BAR 0 [mem 0xef259000-0xef259fff 64bit]
2026-08-02T12:54:07.464321+06:30 chan-dell kernel: pci 0000:00:15.0: [8086:9d60] type 00 class 0x118000 conventional PCI endpoint
2026-08-02T12:54:07.464322+06:30 chan-dell kernel: pci 0000:00:15.0: BAR 0 [mem 0xef258000-0xef258fff 64bit]
2026-08-02T12:54:07.464322+06:30 chan-dell kernel: pci 0000:00:15.1: [8086:9d61] type 00 class 0x118000 conventional PCI endpoint
2026-08-02T12:54:07.464324+06:30 chan-dell kernel: pci 0000:00:15.1: BAR 0 [mem 0xef257000-0xef257fff 64bit]
2026-08-02T12:54:07.464330+06:30 chan-dell kernel: pci 0000:00:15.2: [8086:9d62] type 00 class 0x118000 conventional PCI endpoint
2026-08-02T12:54:07.464332+06:30 chan-dell kernel: pci 0000:00:15.2: BAR 0 [mem 0xef256000-0xef256fff 64bit]
2026-08-02T12:54:07.464333+06:30 chan-dell kernel: pci 0000:00:16.0: [8086:9d3a] type 00 class 0x078000 conventional PCI endpoint
2026-08-02T12:54:07.464334+06:30 chan-dell kernel: pci 0000:00:16.0: BAR 0 [mem 0xef255000-0xef255fff 64bit]
2026-08-02T12:54:07.464336+06:30 chan-dell kernel: pci 0000:00:16.0: PME# supported from D3hot
2026-08-02T12:54:07.464337+06:30 chan-dell kernel: pci 0000:00:17.0: [8086:9d03] type 00 class 0x010601 conventional PCI endpoint
2026-08-02T12:54:07.464343+06:30 chan-dell kernel: pci 0000:00:17.0: BAR 0 [mem 0xef250000-0xef251fff]
2026-08-02T12:54:07.464345+06:30 chan-dell kernel: pci 0000:00:17.0: BAR 1 [mem 0xef254000-0xef2540ff]
2026-08-02T12:54:07.464346+06:30 chan-dell kernel: pci 0000:00:17.0: BAR 2 [io  0xf090-0xf097]
2026-08-02T12:54:07.464348+06:30 chan-dell kernel: pci 0000:00:17.0: BAR 3 [io  0xf080-0xf083]
2026-08-02T12:54:07.464349+06:30 chan-dell kernel: pci 0000:00:17.0: BAR 4 [io  0xf060-0xf07f]
2026-08-02T12:54:07.464351+06:30 chan-dell kernel: pci 0000:00:17.0: BAR 5 [mem 0xef253000-0xef2537ff]
2026-08-02T12:54:07.464352+06:30 chan-dell kernel: pci 0000:00:17.0: PME# supported from D3hot
2026-08-02T12:54:07.464358+06:30 chan-dell kernel: pci 0000:00:1c.0: [8086:9d10] type 01 class 0x060400 PCIe Root Port
2026-08-02T12:54:07.464457+06:30 chan-dell kernel: pci 0000:00:1c.0: PCI bridge to [bus 01]
2026-08-02T12:54:07.464460+06:30 chan-dell kernel: pci 0000:00:1c.0:   bridge window [mem 0xef100000-0xef1fffff]
2026-08-02T12:54:07.464461+06:30 chan-dell kernel: pci 0000:00:1c.0: PME# supported from D0 D3hot D3cold
2026-08-02T12:54:07.464463+06:30 chan-dell kernel: pci 0000:00:1c.2: [8086:9d12] type 01 class 0x060400 PCIe Root Port
2026-08-02T12:54:07.464464+06:30 chan-dell kernel: pci 0000:00:1c.2: PCI bridge to [bus 02]
2026-08-02T12:54:07.464472+06:30 chan-dell kernel: pci 0000:00:1c.2:   bridge window [mem 0xef000000-0xef0fffff]
2026-08-02T12:54:07.464474+06:30 chan-dell kernel: pci 0000:00:1c.2: PME# supported from D0 D3hot D3cold
2026-08-02T12:54:07.464475+06:30 chan-dell kernel: pci 0000:00:1f.0: [8086:9d4e] type 00 class 0x060100 conventional PCI endpoint
2026-08-02T12:54:07.464477+06:30 chan-dell kernel: pci 0000:00:1f.2: [8086:9d21] type 00 class 0x058000 conventional PCI endpoint
2026-08-02T12:54:07.464487+06:30 chan-dell kernel: pci 0000:00:1f.2: BAR 0 [mem 0xef24c000-0xef24ffff]
2026-08-02T12:54:07.464489+06:30 chan-dell kernel: pci 0000:00:1f.3: [8086:9d71] type 00 class 0x040300 conventional PCI endpoint
2026-08-02T12:54:07.464497+06:30 chan-dell kernel: pci 0000:00:1f.3: BAR 0 [mem 0xef248000-0xef24bfff 64bit]
2026-08-02T12:54:07.464513+06:30 chan-dell kernel: pci 0000:00:1f.3: BAR 4 [mem 0xef220000-0xef22ffff 64bit]
2026-08-02T12:54:07.464516+06:30 chan-dell kernel: pci 0000:00:1f.3: PME# supported from D3hot D3cold
2026-08-02T12:54:07.464518+06:30 chan-dell kernel: pci 0000:00:1f.4: [8086:9d23] type 00 class 0x0c0500 conventional PCI endpoint
2026-08-02T12:54:07.464520+06:30 chan-dell kernel: pci 0000:00:1f.4: BAR 0 [mem 0xef252000-0xef2520ff 64bit]
2026-08-02T12:54:07.464521+06:30 chan-dell kernel: pci 0000:00:1f.4: BAR 4 [io  0xf040-0xf05f]
2026-08-02T12:54:07.464522+06:30 chan-dell kernel: pci 0000:00:1f.6: [8086:15d7] type 00 class 0x020000 conventional PCI endpoint
2026-08-02T12:54:07.464530+06:30 chan-dell kernel: pci 0000:00:1f.6: BAR 0 [mem 0xef200000-0xef21ffff]
2026-08-02T12:54:07.464532+06:30 chan-dell kernel: pci 0000:00:1f.6: PME# supported from D0 D3hot D3cold
2026-08-02T12:54:07.464533+06:30 chan-dell kernel: pci 0000:01:00.0: [10ec:525a] type 00 class 0xff0000 PCIe Endpoint
2026-08-02T12:54:07.464534+06:30 chan-dell kernel: pci 0000:01:00.0: BAR 1 [mem 0xef100000-0xef100fff]
2026-08-02T12:54:07.464536+06:30 chan-dell kernel: pci 0000:01:00.0: supports D1 D2
2026-08-02T12:54:07.464538+06:30 chan-dell kernel: pci 0000:01:00.0: PME# supported from D1 D2 D3hot D3cold
2026-08-02T12:54:07.464544+06:30 chan-dell kernel: pci 0000:00:1c.0: PCI bridge to [bus 01]
2026-08-02T12:54:07.464546+06:30 chan-dell kernel: pci 0000:02:00.0: [8086:24fd] type 00 class 0x028000 PCIe Endpoint
2026-08-02T12:54:07.464547+06:30 chan-dell kernel: pci 0000:02:00.0: BAR 0 [mem 0xef000000-0xef001fff 64bit]
2026-08-02T12:54:07.464548+06:30 chan-dell kernel: pci 0000:02:00.0: PME# supported from D0 D3hot D3cold
2026-08-02T12:54:07.464550+06:30 chan-dell kernel: pci 0000:00:1c.2: PCI bridge to [bus 02]
2026-08-02T12:54:07.464551+06:30 chan-dell kernel: ACPI: PCI: Interrupt link LNKA configured for IRQ 11
2026-08-02T12:54:07.464553+06:30 chan-dell kernel: ACPI: PCI: Interrupt link LNKB configured for IRQ 10
2026-08-02T12:54:07.464559+06:30 chan-dell kernel: ACPI: PCI: Interrupt link LNKC configured for IRQ 11
2026-08-02T12:54:07.464561+06:30 chan-dell kernel: ACPI: PCI: Interrupt link LNKD configured for IRQ 11
2026-08-02T12:54:07.464563+06:30 chan-dell kernel: ACPI: PCI: Interrupt link LNKE configured for IRQ 11
2026-08-02T12:54:07.464564+06:30 chan-dell kernel: ACPI: PCI: Interrupt link LNKF configured for IRQ 11
2026-08-02T12:54:07.464566+06:30 chan-dell kernel: ACPI: PCI: Interrupt link LNKG configured for IRQ 11
2026-08-02T12:54:07.464567+06:30 chan-dell kernel: ACPI: PCI: Interrupt link LNKH configured for IRQ 11
2026-08-02T12:54:07.464573+06:30 chan-dell kernel: ACPI: EC: interrupt unblocked
2026-08-02T12:54:07.464575+06:30 chan-dell kernel: ACPI: EC: event unblocked
2026-08-02T12:54:07.464576+06:30 chan-dell kernel: ACPI: EC: EC_CMD/EC_SC=0x934, EC_DATA=0x930
2026-08-02T12:54:07.464578+06:30 chan-dell kernel: ACPI: EC: GPE=0x6e
2026-08-02T12:54:07.464578+06:30 chan-dell kernel: ACPI: \_SB_.PCI0.LPCB.ECDV: Boot DSDT EC initialization complete
2026-08-02T12:54:07.464580+06:30 chan-dell kernel: ACPI: \_SB_.PCI0.LPCB.ECDV: EC: Used to handle transactions and events
2026-08-02T12:54:07.464581+06:30 chan-dell kernel: iommu: Default domain type: Translated
2026-08-02T12:54:07.464587+06:30 chan-dell kernel: iommu: DMA domain TLB invalidation policy: lazy mode
2026-08-02T12:54:07.464589+06:30 chan-dell kernel: SCSI subsystem initialized
2026-08-02T12:54:07.464590+06:30 chan-dell kernel: libata version 3.00 loaded.
2026-08-02T12:54:07.464592+06:30 chan-dell kernel: ACPI: bus type USB registered
2026-08-02T12:54:07.464593+06:30 chan-dell kernel: usbcore: registered new interface driver usbfs
2026-08-02T12:54:07.464595+06:30 chan-dell kernel: usbcore: registered new interface driver hub
2026-08-02T12:54:07.464601+06:30 chan-dell kernel: usbcore: registered new device driver usb
2026-08-02T12:54:07.464602+06:30 chan-dell kernel: pps_core: LinuxPPS API ver. 1 registered
2026-08-02T12:54:07.464603+06:30 chan-dell kernel: pps_core: Software ver. 5.3.6 - Copyright 2005-2007 Rodolfo Giometti <giometti@linux.it>
2026-08-02T12:54:07.464605+06:30 chan-dell kernel: PTP clock support registered
2026-08-02T12:54:07.464606+06:30 chan-dell kernel: EDAC MC: Ver: 3.0.0
2026-08-02T12:54:07.464606+06:30 chan-dell kernel: efivars: Registered efivars operations
2026-08-02T12:54:07.464612+06:30 chan-dell kernel: NetLabel: Initializing
2026-08-02T12:54:07.464614+06:30 chan-dell kernel: NetLabel:  domain hash size = 128
2026-08-02T12:54:07.464616+06:30 chan-dell kernel: NetLabel:  protocols = UNLABELED CIPSOv4 CALIPSO
2026-08-02T12:54:07.464617+06:30 chan-dell kernel: NetLabel:  unlabeled traffic allowed by default
2026-08-02T12:54:07.464618+06:30 chan-dell kernel: mctp: management component transport protocol core
2026-08-02T12:54:07.464620+06:30 chan-dell kernel: NET: Registered PF_MCTP protocol family
2026-08-02T12:54:07.464621+06:30 chan-dell kernel: PCI: Using ACPI for IRQ routing
2026-08-02T12:54:07.464631+06:30 chan-dell kernel: PCI: pci_cache_line_size set to 64 bytes
2026-08-02T12:54:07.464634+06:30 chan-dell kernel: e820: register RAM buffer resource [mem 0x00058000-0x0005ffff]
2026-08-02T12:54:07.464638+06:30 chan-dell kernel: e820: register RAM buffer resource [mem 0x0009e000-0x0009ffff]
2026-08-02T12:54:07.464640+06:30 chan-dell kernel: e820: register RAM buffer resource [mem 0xbb35f000-0xbbffffff]
2026-08-02T12:54:07.464641+06:30 chan-dell kernel: e820: register RAM buffer resource [mem 0xbb414000-0xbbffffff]
2026-08-02T12:54:07.464643+06:30 chan-dell kernel: e820: register RAM buffer resource [mem 0xc6dda000-0xc7ffffff]
2026-08-02T12:54:07.464649+06:30 chan-dell kernel: e820: register RAM buffer resource [mem 0xca161000-0xcbffffff]
2026-08-02T12:54:07.464651+06:30 chan-dell kernel: e820: register RAM buffer resource [mem 0xcb600000-0xcbffffff]
2026-08-02T12:54:07.464652+06:30 chan-dell kernel: e820: register RAM buffer resource [mem 0x42e800000-0x42fffffff]
2026-08-02T12:54:07.464654+06:30 chan-dell kernel: pci 0000:00:02.0: vgaarb: setting as boot VGA device
2026-08-02T12:54:07.464655+06:30 chan-dell kernel: pci 0000:00:02.0: vgaarb: bridge control possible
2026-08-02T12:54:07.464657+06:30 chan-dell kernel: pci 0000:00:02.0: vgaarb: VGA device added: decodes=io+mem,owns=io+mem,locks=none
2026-08-02T12:54:07.464658+06:30 chan-dell kernel: vgaarb: loaded
2026-08-02T12:54:07.464664+06:30 chan-dell kernel: clocksource: Switched to clocksource tsc-early
2026-08-02T12:54:07.464665+06:30 chan-dell kernel: VFS: Disk quotas dquot_6.6.0
2026-08-02T12:54:07.464667+06:30 chan-dell kernel: VFS: Dquot-cache hash table entries: 512 (order 0, 4096 bytes)
2026-08-02T12:54:07.464668+06:30 chan-dell kernel: AppArmor: AppArmor Filesystem Enabled
2026-08-02T12:54:07.464669+06:30 chan-dell kernel: acpi PNP0C02:00: Skipped [io  0x002e-0x002f]
2026-08-02T12:54:07.464671+06:30 chan-dell kernel: acpi PNP0C02:00: Skipped [io  0x004e-0x004f]
2026-08-02T12:54:07.464676+06:30 chan-dell kernel: acpi PNP0C02:00: Skipped [io  0x0061]
2026-08-02T12:54:07.464678+06:30 chan-dell kernel: acpi PNP0C02:00: Skipped [io  0x0063]
2026-08-02T12:54:07.464679+06:30 chan-dell kernel: acpi PNP0C02:00: Skipped [io  0x0065]
2026-08-02T12:54:07.464681+06:30 chan-dell kernel: acpi PNP0C02:00: Skipped [io  0x0067]
2026-08-02T12:54:07.464682+06:30 chan-dell kernel: acpi PNP0C02:00: Skipped [io  0x0070]
2026-08-02T12:54:07.464683+06:30 chan-dell kernel: acpi PNP0C02:00: Skipped [io  0x0080]
2026-08-02T12:54:07.464688+06:30 chan-dell kernel: acpi PNP0C02:00: Skipped [io  0x0092]
2026-08-02T12:54:07.464690+06:30 chan-dell kernel: acpi PNP0C02:00: Skipped [io  0x00b2-0x00b3]
2026-08-02T12:54:07.464692+06:30 chan-dell kernel: acpi PNP0C02:00: Reserved [io  0x0680-0x069f]
2026-08-02T12:54:07.464693+06:30 chan-dell kernel: acpi PNP0C02:00: Reserved [io  0xffff]
2026-08-02T12:54:07.464697+06:30 chan-dell kernel: message repeated 2 times: [ acpi PNP0C02:00: Reserved [io  0xffff]]
2026-08-02T12:54:07.464704+06:30 chan-dell kernel: acpi PNP0C02:00: Could not reserve [io  0x1800-0x18fe]
2026-08-02T12:54:07.464709+06:30 chan-dell kernel: acpi PNP0C02:00: Reserved [io  0x164e-0x164f]
2026-08-02T12:54:07.464711+06:30 chan-dell kernel: acpi PNP0C02:02: Reserved [mem 0xfed10000-0xfed17fff]
2026-08-02T12:54:07.464712+06:30 chan-dell kernel: acpi PNP0C02:02: Reserved [mem 0xfed18000-0xfed18fff]
2026-08-02T12:54:07.464714+06:30 chan-dell kernel: acpi PNP0C02:02: Reserved [mem 0xfed19000-0xfed19fff]
2026-08-02T12:54:07.464715+06:30 chan-dell kernel: acpi PNP0C02:02: Reserved [mem 0xf0000000-0xf7ffffff]
2026-08-02T12:54:07.464716+06:30 chan-dell kernel: acpi PNP0C02:02: Reserved [mem 0xfed20000-0xfed3ffff]
2026-08-02T12:54:07.464722+06:30 chan-dell kernel: acpi PNP0C02:02: Could not reserve [mem 0xfed90000-0xfed93fff]
2026-08-02T12:54:07.464724+06:30 chan-dell kernel: acpi PNP0C02:02: Reserved [mem 0xfed45000-0xfed8ffff]
2026-08-02T12:54:07.464725+06:30 chan-dell kernel: acpi PNP0C02:02: Reserved [mem 0xff000000-0xffffffff]
2026-08-02T12:54:07.464726+06:30 chan-dell kernel: acpi PNP0C02:02: Could not reserve [mem 0xfee00000-0xfeefffff]
2026-08-02T12:54:07.464728+06:30 chan-dell kernel: acpi PNP0C02:02: Reserved [mem 0xeffe0000-0xefffffff]
2026-08-02T12:54:07.464729+06:30 chan-dell kernel: acpi PNP0C02:03: Reserved [mem 0xfd000000-0xfdabffff]
2026-08-02T12:54:07.464734+06:30 chan-dell kernel: acpi PNP0C02:03: Reserved [mem 0xfdad0000-0xfdadffff]
2026-08-02T12:54:07.464737+06:30 chan-dell kernel: acpi PNP0C02:03: Reserved [mem 0xfdb00000-0xfdffffff]
2026-08-02T12:54:07.464738+06:30 chan-dell kernel: acpi PNP0C02:03: Could not reserve [mem 0xfe000000-0xfe01ffff]
2026-08-02T12:54:07.464739+06:30 chan-dell kernel: acpi PNP0C02:03: Reserved [mem 0xfe036000-0xfe03bfff]
2026-08-02T12:54:07.464740+06:30 chan-dell kernel: acpi PNP0C02:03: Reserved [mem 0xfe03d000-0xfe3fffff]
2026-08-02T12:54:07.464742+06:30 chan-dell kernel: acpi PNP0C02:03: Reserved [mem 0xfe410000-0xfe7fffff]
2026-08-02T12:54:07.464745+06:30 chan-dell kernel: acpi PNP0C02:04: Reserved [io  0xff00-0xfffe]
2026-08-02T12:54:07.464764+06:30 chan-dell kernel: acpi PNP0C02:05: Reserved [mem 0xfe029000-0xfe029fff]
2026-08-02T12:54:07.464765+06:30 chan-dell kernel: acpi PNP0C02:05: Reserved [mem 0xfdaf0000-0xfdafffff]
2026-08-02T12:54:07.464767+06:30 chan-dell kernel: acpi PNP0C02:05: Reserved [mem 0xfdae0000-0xfdaeffff]
2026-08-02T12:54:07.464768+06:30 chan-dell kernel: acpi PNP0C02:05: Reserved [mem 0xfdac0000-0xfdacffff]
2026-08-02T12:54:07.464845+06:30 chan-dell kernel: pnp: PnP ACPI init
2026-08-02T12:54:07.464848+06:30 chan-dell kernel: pnp: PnP ACPI: found 2 devices
2026-08-02T12:54:07.464855+06:30 chan-dell kernel: clocksource: acpi_pm: mask: 0xffffff max_cycles: 0xffffff, max_idle_ns: 2085701024 ns
2026-08-02T12:54:07.464857+06:30 chan-dell kernel: NET: Registered PF_INET protocol family
2026-08-02T12:54:07.464859+06:30 chan-dell kernel: IP idents hash table entries: 262144 (order: 9, 2097152 bytes, linear)
2026-08-02T12:54:07.464860+06:30 chan-dell kernel: tcp_listen_portaddr_hash hash table entries: 8192 (order: 5, 131072 bytes, linear)
2026-08-02T12:54:07.464862+06:30 chan-dell kernel: Table-perturb hash table entries: 65536 (order: 6, 262144 bytes, linear)
2026-08-02T12:54:07.464863+06:30 chan-dell kernel: TCP established hash table entries: 131072 (order: 8, 1048576 bytes, linear)
2026-08-02T12:54:07.464869+06:30 chan-dell kernel: TCP bind hash table entries: 65536 (order: 9, 2097152 bytes, linear)
2026-08-02T12:54:07.464871+06:30 chan-dell kernel: TCP: Hash tables configured (established 131072 bind 65536)
2026-08-02T12:54:07.464873+06:30 chan-dell kernel: MPTCP token hash table entries: 16384 (order: 7, 393216 bytes, linear)
2026-08-02T12:54:07.464874+06:30 chan-dell kernel: UDP hash table entries: 8192 (order: 7, 524288 bytes, linear)
2026-08-02T12:54:07.464876+06:30 chan-dell kernel: UDP-Lite hash table entries: 8192 (order: 7, 524288 bytes, linear)
2026-08-02T12:54:07.464878+06:30 chan-dell kernel: NET: Registered PF_UNIX/PF_LOCAL protocol family
2026-08-02T12:54:07.464879+06:30 chan-dell kernel: NET: Registered PF_XDP protocol family
2026-08-02T12:54:07.464885+06:30 chan-dell kernel: pci 0000:00:1c.0: PCI bridge to [bus 01]
2026-08-02T12:54:07.464887+06:30 chan-dell kernel: pci 0000:00:1c.0:   bridge window [mem 0xef100000-0xef1fffff]
2026-08-02T12:54:07.464888+06:30 chan-dell kernel: pci 0000:00:1c.2: PCI bridge to [bus 02]
2026-08-02T12:54:07.464890+06:30 chan-dell kernel: pci 0000:00:1c.2:   bridge window [mem 0xef000000-0xef0fffff]
2026-08-02T12:54:07.464892+06:30 chan-dell kernel: pci_bus 0000:00: resource 4 [io  0x0000-0x0cf7 window]
2026-08-02T12:54:07.464893+06:30 chan-dell kernel: pci_bus 0000:00: resource 5 [io  0x0d00-0xffff window]
2026-08-02T12:54:07.464899+06:30 chan-dell kernel: pci_bus 0000:00: resource 6 [mem 0x000a0000-0x000dffff window]
2026-08-02T12:54:07.464901+06:30 chan-dell kernel: pci_bus 0000:00: resource 7 [mem 0xcf800000-0xefffffff window]
2026-08-02T12:54:07.464903+06:30 chan-dell kernel: pci_bus 0000:00: resource 8 [mem 0xfd000000-0xfe7fffff window]
2026-08-02T12:54:07.464905+06:30 chan-dell kernel: pci_bus 0000:01: resource 1 [mem 0xef100000-0xef1fffff]
2026-08-02T12:54:07.464906+06:30 chan-dell kernel: pci_bus 0000:02: resource 1 [mem 0xef000000-0xef0fffff]
2026-08-02T12:54:07.464908+06:30 chan-dell kernel: PCI: CLS 0 bytes, default 64
2026-08-02T12:54:07.464911+06:30 chan-dell kernel: pci 0000:00:1f.1: [8086:9d20] type 00 class 0x058000 conventional PCI endpoint
2026-08-02T12:54:07.464916+06:30 chan-dell kernel: pci 0000:00:1f.1: BAR 0 [mem 0xfd000000-0xfdffffff 64bit]
2026-08-02T12:54:07.464918+06:30 chan-dell kernel: DMAR: ACPI device "device:69" under DMAR at fed91000 as 00:15.0
2026-08-02T12:54:07.464920+06:30 chan-dell kernel: DMAR: ACPI device "device:6a" under DMAR at fed91000 as 00:15.1
2026-08-02T12:54:07.464921+06:30 chan-dell kernel: DMAR: ACPI device "device:6b" under DMAR at fed91000 as 00:15.2
2026-08-02T12:54:07.464923+06:30 chan-dell kernel: DMAR: No ATSR found
2026-08-02T12:54:07.464924+06:30 chan-dell kernel: DMAR: No SATC found
2026-08-02T12:54:07.464930+06:30 chan-dell kernel: DMAR: dmar1: Using Queued invalidation
2026-08-02T12:54:07.464932+06:30 chan-dell kernel: Trying to unpack rootfs image as initramfs...
2026-08-02T12:54:07.464934+06:30 chan-dell kernel: pci 0000:00:00.0: Adding to iommu group 0
2026-08-02T12:54:07.464935+06:30 chan-dell kernel: pci 0000:00:04.0: Adding to iommu group 1
2026-08-02T12:54:07.464937+06:30 chan-dell kernel: pci 0000:00:14.0: Adding to iommu group 2
2026-08-02T12:54:07.464939+06:30 chan-dell kernel: pci 0000:00:14.2: Adding to iommu group 2
2026-08-02T12:54:07.464945+06:30 chan-dell kernel: pci 0000:00:15.0: Adding to iommu group 3
2026-08-02T12:54:07.464946+06:30 chan-dell kernel: pci 0000:00:15.1: Adding to iommu group 3
2026-08-02T12:54:07.464948+06:30 chan-dell kernel: pci 0000:00:15.2: Adding to iommu group 3
2026-08-02T12:54:07.464949+06:30 chan-dell kernel: pci 0000:00:16.0: Adding to iommu group 4
2026-08-02T12:54:07.464951+06:30 chan-dell kernel: pci 0000:00:17.0: Adding to iommu group 5
2026-08-02T12:54:07.464952+06:30 chan-dell kernel: pci 0000:00:1c.0: Intel SPT PCH root port ACS workaround enabled
2026-08-02T12:54:07.464954+06:30 chan-dell kernel: pci 0000:00:1c.0: Adding to iommu group 6
2026-08-02T12:54:07.464960+06:30 chan-dell kernel: pci 0000:00:1c.2: Intel SPT PCH root port ACS workaround enabled
2026-08-02T12:54:07.464962+06:30 chan-dell kernel: pci 0000:00:1c.2: Adding to iommu group 7
2026-08-02T12:54:07.464964+06:30 chan-dell kernel: pci 0000:00:1f.0: Adding to iommu group 8
2026-08-02T12:54:07.464965+06:30 chan-dell kernel: pci 0000:00:1f.2: Adding to iommu group 8
2026-08-02T12:54:07.464966+06:30 chan-dell kernel: pci 0000:00:1f.3: Adding to iommu group 8
2026-08-02T12:54:07.464968+06:30 chan-dell kernel: pci 0000:00:1f.4: Adding to iommu group 8
2026-08-02T12:54:07.464973+06:30 chan-dell kernel: pci 0000:00:1f.6: Adding to iommu group 8
2026-08-02T12:54:07.464974+06:30 chan-dell kernel: pci 0000:01:00.0: Adding to iommu group 9
2026-08-02T12:54:07.464975+06:30 chan-dell kernel: pci 0000:02:00.0: Adding to iommu group 10
2026-08-02T12:54:07.464976+06:30 chan-dell kernel: DMAR: Intel(R) Virtualization Technology for Directed I/O
2026-08-02T12:54:07.464976+06:30 chan-dell kernel: PCI-DMA: Using software bounce buffering for IO (SWIOTLB)
2026-08-02T12:54:07.464977+06:30 chan-dell kernel: software IO TLB: mapped [mem 0x00000000c2dda000-0x00000000c6dda000] (64MB)
2026-08-02T12:54:07.464980+06:30 chan-dell kernel: Initialise system trusted keyrings
2026-08-02T12:54:07.464982+06:30 chan-dell kernel: Key type blacklist registered
2026-08-02T12:54:07.464984+06:30 chan-dell kernel: workingset: timestamp_bits=36 max_order=22 bucket_order=0
2026-08-02T12:54:07.464985+06:30 chan-dell kernel: squashfs: version 4.0 (2009/01/31) Phillip Lougher
2026-08-02T12:54:07.464986+06:30 chan-dell kernel: fuse: init (API version 7.45)
2026-08-02T12:54:07.464987+06:30 chan-dell kernel: integrity: Platform Keyring initialized
2026-08-02T12:54:07.464988+06:30 chan-dell kernel: integrity: Machine keyring initialized
2026-08-02T12:54:07.465027+06:30 chan-dell kernel: Key type asymmetric registered
2026-08-02T12:54:07.465029+06:30 chan-dell kernel: Asymmetric key parser 'x509' registered
2026-08-02T12:54:07.465031+06:30 chan-dell kernel: Block layer SCSI generic (bsg) driver version 0.4 loaded (major 242)
2026-08-02T12:54:07.465032+06:30 chan-dell kernel: io scheduler mq-deadline registered
2026-08-02T12:54:07.465034+06:30 chan-dell kernel: ledtrig-cpu: registered to indicate activity on CPUs
2026-08-02T12:54:07.465035+06:30 chan-dell kernel: pcieport 0000:00:1c.0: Intel SPT PCH root port ACS workaround enabled
2026-08-02T12:54:07.465047+06:30 chan-dell kernel: pcieport 0000:00:1c.0: PME: Signaling with IRQ 121
2026-08-02T12:54:07.465048+06:30 chan-dell kernel: pcieport 0000:00:1c.0: AER: enabled with IRQ 121
2026-08-02T12:54:07.465049+06:30 chan-dell kernel: pcieport 0000:00:1c.2: Intel SPT PCH root port ACS workaround enabled
2026-08-02T12:54:07.465050+06:30 chan-dell kernel: pcieport 0000:00:1c.2: PME: Signaling with IRQ 122
2026-08-02T12:54:07.465052+06:30 chan-dell kernel: pcieport 0000:00:1c.2: AER: enabled with IRQ 122
2026-08-02T12:54:07.465053+06:30 chan-dell kernel: ACPI: AC: AC Adapter [AC] (off-line)
2026-08-02T12:54:07.465055+06:30 chan-dell kernel: input: Lid Switch as /devices/platform/PNP0C0D:00/input/input0
2026-08-02T12:54:07.465062+06:30 chan-dell kernel: ACPI: button: Lid Switch [LID0]
2026-08-02T12:54:07.465064+06:30 chan-dell kernel: input: Power Button as /devices/platform/PNP0C0C:00/input/input1
2026-08-02T12:54:07.465065+06:30 chan-dell kernel: ACPI: button: Power Button [PBTN]
2026-08-02T12:54:07.465067+06:30 chan-dell kernel: input: Sleep Button as /devices/platform/PNP0C0E:00/input/input2
2026-08-02T12:54:07.465069+06:30 chan-dell kernel: ACPI: button: Sleep Button [SBTN]
2026-08-02T12:54:07.465070+06:30 chan-dell kernel: input: Power Button as /devices/platform/LNXPWRBN:00/input/input3
2026-08-02T12:54:07.465077+06:30 chan-dell kernel: ACPI: button: Power Button [PWRF]
2026-08-02T12:54:07.465078+06:30 chan-dell kernel: Monitor-Mwait will be used to enter C-1 state
2026-08-02T12:54:07.465080+06:30 chan-dell kernel: Monitor-Mwait will be used to enter C-2 state
2026-08-02T12:54:07.465082+06:30 chan-dell kernel: Monitor-Mwait will be used to enter C-3 state
2026-08-02T12:54:07.465083+06:30 chan-dell kernel: acpi LNXTHERM:00: registered as thermal_zone0
2026-08-02T12:54:07.465085+06:30 chan-dell kernel: ACPI: thermal: Thermal Zone [THM] (25 C)
2026-08-02T12:54:07.465088+06:30 chan-dell kernel: Serial: 8250/16550 driver, 32 ports, IRQ sharing enabled
2026-08-02T12:54:07.465092+06:30 chan-dell kernel: hpet_acpi_add: no address or irqs in _CRS
2026-08-02T12:54:07.465094+06:30 chan-dell kernel: Linux agpgart interface v0.103
2026-08-02T12:54:07.465095+06:30 chan-dell kernel: ACPI: battery: Slot [BAT0] (battery present)
2026-08-02T12:54:07.465096+06:30 chan-dell kernel: Freeing initrd memory: 88744K
2026-08-02T12:54:07.465096+06:30 chan-dell kernel: tpm_tis MSFT0101:00: probe with driver tpm_tis failed with error -1
2026-08-02T12:54:07.465098+06:30 chan-dell kernel: loop: module loaded
2026-08-02T12:54:07.465105+06:30 chan-dell kernel: ACPI: bus type drm_connector registered
2026-08-02T12:54:07.465107+06:30 chan-dell kernel: tun: Universal TUN/TAP device driver, 1.6
2026-08-02T12:54:07.465108+06:30 chan-dell kernel: PPP generic driver version 2.4.2
2026-08-02T12:54:07.465110+06:30 chan-dell kernel: xhci_hcd 0000:00:14.0: xHCI Host Controller
2026-08-02T12:54:07.465111+06:30 chan-dell kernel: xhci_hcd 0000:00:14.0: new USB bus registered, assigned bus number 1
2026-08-02T12:54:07.465113+06:30 chan-dell kernel: xhci_hcd 0000:00:14.0: hcc params 0x200077c1 hci version 0x100 quirks 0x0000000081109810
2026-08-02T12:54:07.465119+06:30 chan-dell kernel: xhci_hcd 0000:00:14.0: xHCI Host Controller
2026-08-02T12:54:07.465122+06:30 chan-dell kernel: xhci_hcd 0000:00:14.0: new USB bus registered, assigned bus number 2
2026-08-02T12:54:07.465123+06:30 chan-dell kernel: xhci_hcd 0000:00:14.0: Host supports USB 3.0 SuperSpeed
2026-08-02T12:54:07.465125+06:30 chan-dell kernel: usb usb1: New USB device found, idVendor=1d6b, idProduct=0002, bcdDevice= 7.00
2026-08-02T12:54:07.465126+06:30 chan-dell kernel: usb usb1: New USB device strings: Mfr=3, Product=2, SerialNumber=1
2026-08-02T12:54:07.465128+06:30 chan-dell kernel: usb usb1: Product: xHCI Host Controller
2026-08-02T12:54:07.465129+06:30 chan-dell kernel: usb usb1: Manufacturer: Linux 7.0.0-28-generic xhci-hcd
2026-08-02T12:54:07.465136+06:30 chan-dell kernel: usb usb1: SerialNumber: 0000:00:14.0
2026-08-02T12:54:07.465137+06:30 chan-dell kernel: hub 1-0:1.0: USB hub found
2026-08-02T12:54:07.465139+06:30 chan-dell kernel: hub 1-0:1.0: 12 ports detected
2026-08-02T12:54:07.465140+06:30 chan-dell kernel: usb usb2: New USB device found, idVendor=1d6b, idProduct=0003, bcdDevice= 7.00
2026-08-02T12:54:07.465142+06:30 chan-dell kernel: usb usb2: New USB device strings: Mfr=3, Product=2, SerialNumber=1
2026-08-02T12:54:07.465143+06:30 chan-dell kernel: usb usb2: Product: xHCI Host Controller
2026-08-02T12:54:07.465149+06:30 chan-dell kernel: usb usb2: Manufacturer: Linux 7.0.0-28-generic xhci-hcd
2026-08-02T12:54:07.465236+06:30 chan-dell kernel: usb usb2: SerialNumber: 0000:00:14.0
2026-08-02T12:54:07.465239+06:30 chan-dell kernel: hub 2-0:1.0: USB hub found
2026-08-02T12:54:07.465240+06:30 chan-dell kernel: hub 2-0:1.0: 6 ports detected
2026-08-02T12:54:07.465242+06:30 chan-dell kernel: i8042: PNP: PS/2 Controller [PNP0303:PS2K] at 0x60,0x64 irq 1
2026-08-02T12:54:07.465244+06:30 chan-dell kernel: i8042: PNP: PS/2 appears to have AUX port disabled, if this is incorrect please boot with i8042.nopnp
2026-08-02T12:54:07.465252+06:30 chan-dell kernel: i8042: Warning: Keylock active
2026-08-02T12:54:07.465254+06:30 chan-dell kernel: serio: i8042 KBD port at 0x60,0x64 irq 1
2026-08-02T12:54:07.465255+06:30 chan-dell kernel: mousedev: PS/2 mouse device common for all mice
2026-08-02T12:54:07.465257+06:30 chan-dell kernel: rtc_cmos 00:00: RTC can wake from S4
2026-08-02T12:54:07.465258+06:30 chan-dell kernel: rtc_cmos 00:00: registered as rtc0
2026-08-02T12:54:07.465259+06:30 chan-dell kernel: input: AT Translated Set 2 keyboard as /devices/platform/i8042/serio0/input/input4
2026-08-02T12:54:07.465260+06:30 chan-dell kernel: rtc_cmos 00:00: setting system clock to 2026-08-02T06:22:34 UTC (1785651754)
2026-08-02T12:54:07.465267+06:30 chan-dell kernel: rtc_cmos 00:00: alarms up to one month, y3k, 242 bytes nvram
2026-08-02T12:54:07.465269+06:30 chan-dell kernel: i2c_dev: i2c /dev entries driver
2026-08-02T12:54:07.465271+06:30 chan-dell kernel: device-mapper: core: CONFIG_IMA_DISABLE_HTABLE is disabled. Duplicate IMA measurements will not be recorded in the IMA log.
2026-08-02T12:54:07.465273+06:30 chan-dell kernel: device-mapper: uevent: version 1.0.3
2026-08-02T12:54:07.465274+06:30 chan-dell kernel: device-mapper: ioctl: 4.50.0-ioctl (2025-04-28) initialised: dm-devel@lists.linux.dev
2026-08-02T12:54:07.465276+06:30 chan-dell kernel: intel_pstate: Intel P-state driver initializing
2026-08-02T12:54:07.465288+06:30 chan-dell kernel: intel_pstate: HWP enabled
2026-08-02T12:54:07.465290+06:30 chan-dell kernel: simple-framebuffer simple-framebuffer.0: [drm] Registered 1 planes with drm panic
2026-08-02T12:54:07.465291+06:30 chan-dell kernel: [drm] Initialized simpledrm 1.0.0 for simple-framebuffer.0 on minor 0
2026-08-02T12:54:07.465293+06:30 chan-dell kernel: fbcon: Deferring console take-over
2026-08-02T12:54:07.465294+06:30 chan-dell kernel: simple-framebuffer simple-framebuffer.0: [drm] fb0: simpledrmdrmfb frame buffer device
2026-08-02T12:54:07.465296+06:30 chan-dell kernel: drop_monitor: Initializing network drop monitor service
2026-08-02T12:54:07.465302+06:30 chan-dell kernel: NET: Registered PF_INET6 protocol family
2026-08-02T12:54:07.465303+06:30 chan-dell kernel: Segment Routing with IPv6
2026-08-02T12:54:07.465304+06:30 chan-dell kernel: In-situ OAM (IOAM) with IPv6
2026-08-02T12:54:07.465306+06:30 chan-dell kernel: NET: Registered PF_PACKET protocol family
2026-08-02T12:54:07.465307+06:30 chan-dell kernel: Key type dns_resolver registered
2026-08-02T12:54:07.465309+06:30 chan-dell kernel: ENERGY_PERF_BIAS: Set to 'normal', was 'performance'
2026-08-02T12:54:07.465311+06:30 chan-dell kernel: microcode: Current revision: 0x000000f6
2026-08-02T12:54:07.465317+06:30 chan-dell kernel: IPI shorthand broadcast: enabled
2026-08-02T12:54:07.465319+06:30 chan-dell kernel: sched_clock: Marking stable (1235001884, 6045743)->(1307956307, -66908680)
2026-08-02T12:54:07.465320+06:30 chan-dell kernel: registered taskstats version 1
2026-08-02T12:54:07.465322+06:30 chan-dell kernel: Loading compiled-in X.509 certificates
2026-08-02T12:54:07.465323+06:30 chan-dell kernel: Loaded X.509 cert 'Build time autogenerated kernel key: 612d4ce9117ab18d75baf7b23385785460a821bb'
2026-08-02T12:54:07.465325+06:30 chan-dell kernel: Loaded X.509 cert 'Canonical Ltd. Live Patch Signing 2025 Kmod: d541cef61dc7e793b7eb7e899970a2eef0b5dc8c'
2026-08-02T12:54:07.465332+06:30 chan-dell kernel: Loaded X.509 cert 'Canonical Ltd. Live Patch Signing: 14df34d1a87cf37625abec039ef2bf521249b969'
2026-08-02T12:54:07.465337+06:30 chan-dell kernel: Loaded X.509 cert 'Canonical Ltd. Kernel Module Signing 2025 Kmod: 4627603d2357a2a3f81006370894c221175893e9'
2026-08-02T12:54:07.465339+06:30 chan-dell kernel: Loaded X.509 cert 'Canonical Ltd. Kernel Module Signing: 88f752e560a1e0737e31163a466ad7b70a850c19'
2026-08-02T12:54:07.465341+06:30 chan-dell kernel: blacklist: Loading compiled-in revocation X.509 certificates
2026-08-02T12:54:07.465342+06:30 chan-dell kernel: Loaded X.509 cert 'Canonical Ltd. Secure Boot Signing: 61482aa2830d0ab2ad5af10b7250da9033ddcef0'
2026-08-02T12:54:07.465344+06:30 chan-dell kernel: Loaded X.509 cert 'Canonical Ltd. Secure Boot Signing (2017): 242ade75ac4a15e50d50c84b0d45ff3eae707a03'
2026-08-02T12:54:07.465350+06:30 chan-dell kernel: Loaded X.509 cert 'Canonical Ltd. Secure Boot Signing (ESM 2018): 365188c1d374d6b07c3c8f240f8ef722433d6a8b'
2026-08-02T12:54:07.465352+06:30 chan-dell kernel: Loaded X.509 cert 'Canonical Ltd. Secure Boot Signing (2019): c0746fd6c5da3ae827864651ad66ae47fe24b3e8'
2026-08-02T12:54:07.465356+06:30 chan-dell kernel: Loaded X.509 cert 'Canonical Ltd. Secure Boot Signing (2021 v1): a8d54bbb3825cfb94fa13c9f8a594a195c107b8d'
2026-08-02T12:54:07.465358+06:30 chan-dell kernel: Loaded X.509 cert 'Canonical Ltd. Secure Boot Signing (2021 v2): 4cf046892d6fd3c9a5b03f98d845f90851dc6a8c'
2026-08-02T12:54:07.465359+06:30 chan-dell kernel: Loaded X.509 cert 'Canonical Ltd. Secure Boot Signing (2021 v3): 100437bb6de6e469b581e61cd66bce3ef4ed53af'
2026-08-02T12:54:07.465368+06:30 chan-dell kernel: Loaded X.509 cert 'Canonical Ltd. Secure Boot Signing (Ubuntu Core 2019): c1d57b8f6b743f23ee41f4f7ee292f06eecadfb9'
2026-08-02T12:54:07.465370+06:30 chan-dell kernel: Demotion targets for Node 0: null
2026-08-02T12:54:07.465371+06:30 chan-dell kernel: Key type .fscrypt registered
2026-08-02T12:54:07.465373+06:30 chan-dell kernel: Key type fscrypt-provisioning registered
2026-08-02T12:54:07.465376+06:30 chan-dell kernel: Key type big_key registered
2026-08-02T12:54:07.465377+06:30 chan-dell kernel: Key type encrypted registered
2026-08-02T12:54:07.465381+06:30 chan-dell kernel: AppArmor: AppArmor sha256 policy hashing enabled
2026-08-02T12:54:07.465385+06:30 chan-dell kernel: ima: No TPM chip found, activating TPM-bypass!
2026-08-02T12:54:07.465387+06:30 chan-dell kernel: Loading compiled-in module X.509 certificates
2026-08-02T12:54:07.465389+06:30 chan-dell kernel: Loaded X.509 cert 'Build time autogenerated kernel key: 612d4ce9117ab18d75baf7b23385785460a821bb'
2026-08-02T12:54:07.465393+06:30 chan-dell kernel: ima: Allocated hash algorithm: sha256
2026-08-02T12:54:07.465395+06:30 chan-dell kernel: ima: No architecture policies found
2026-08-02T12:54:07.465396+06:30 chan-dell kernel: evm: Initialising EVM extended attributes:
2026-08-02T12:54:07.465403+06:30 chan-dell kernel: evm: security.selinux
2026-08-02T12:54:07.465405+06:30 chan-dell kernel: evm: security.SMACK64
2026-08-02T12:54:07.465407+06:30 chan-dell kernel: evm: security.SMACK64EXEC
2026-08-02T12:54:07.465409+06:30 chan-dell kernel: evm: security.SMACK64TRANSMUTE
2026-08-02T12:54:07.465411+06:30 chan-dell kernel: evm: security.SMACK64MMAP
2026-08-02T12:54:07.465413+06:30 chan-dell kernel: evm: security.apparmor
2026-08-02T12:54:07.465420+06:30 chan-dell kernel: evm: security.ima
2026-08-02T12:54:07.465421+06:30 chan-dell kernel: evm: security.capability
2026-08-02T12:54:07.465424+06:30 chan-dell kernel: evm: HMAC attrs: 0x1
2026-08-02T12:54:07.465425+06:30 chan-dell kernel: integrity: Loading X.509 certificate: UEFI:db
2026-08-02T12:54:07.465426+06:30 chan-dell kernel: integrity: Loaded X.509 cert 'Dell Inc. UEFI DB: 5ddb772dc880660055ba0bc131886bb630a639e7'
2026-08-02T12:54:07.465427+06:30 chan-dell kernel: integrity: Loading X.509 certificate: UEFI:db
2026-08-02T12:54:07.465428+06:30 chan-dell kernel: integrity: Loaded X.509 cert 'Microsoft Corporation UEFI CA 2011: 13adbf4309bd82709c8cd54f316ed522988a1bd4'
2026-08-02T12:54:07.465434+06:30 chan-dell kernel: integrity: Loading X.509 certificate: UEFI:db
2026-08-02T12:54:07.465435+06:30 chan-dell kernel: integrity: Loaded X.509 cert 'Microsoft Windows Production PCA 2011: a92902398e16c49778cd90f99e4f9ae17c55af53'
2026-08-02T12:54:07.465436+06:30 chan-dell kernel: integrity: Loading X.509 certificate: UEFI:db
2026-08-02T12:54:07.465437+06:30 chan-dell kernel: integrity: Loaded X.509 cert 'Microsoft UEFI CA 2023: 81aa6b3244c935bce0d6628af39827421e32497d'
2026-08-02T12:54:07.465477+06:30 chan-dell kernel: integrity: Loading X.509 certificate: UEFI:db
2026-08-02T12:54:07.465479+06:30 chan-dell kernel: integrity: Loaded X.509 cert 'Microsoft Option ROM UEFI CA 2023: 514fbf937fa46fb57bf07af8bed84b3b864b1711'
2026-08-02T12:54:07.465491+06:30 chan-dell kernel: integrity: Revoking X.509 certificate: UEFI:dbx
2026-08-02T12:54:07.465492+06:30 chan-dell kernel: blacklist: Revoked X.509 cert 'Microsoft Windows PCA 2010: d14fa98a0708cef4241898e500fff3d6791d37bc'
2026-08-02T12:54:07.465493+06:30 chan-dell kernel: PM:   Magic number: 6:618:366
2026-08-02T12:54:07.465494+06:30 chan-dell kernel: RAS: Correctable Errors collector initialized.
2026-08-02T12:54:07.465533+06:30 chan-dell kernel: clk: Disabling unused clocks
2026-08-02T12:54:07.465535+06:30 chan-dell kernel: PM: genpd: Disabling unused power domains
2026-08-02T12:54:07.465542+06:30 chan-dell kernel: Freeing unused decrypted memory: 2028K
2026-08-02T12:54:07.465544+06:30 chan-dell kernel: Freeing unused kernel image (initmem) memory: 5292K
2026-08-02T12:54:07.465545+06:30 chan-dell kernel: Write protecting the kernel read-only data: 43008k
2026-08-02T12:54:07.465547+06:30 chan-dell kernel: Freeing unused kernel image (text/rodata gap) memory: 776K
2026-08-02T12:54:07.465548+06:30 chan-dell kernel: Freeing unused kernel image (rodata/data gap) memory: 1668K
2026-08-02T12:54:07.465548+06:30 chan-dell kernel: x86/mm: Checked W+X mappings: passed, no W+X pages found.
2026-08-02T12:54:07.465553+06:30 chan-dell kernel: x86/mm: Checking user space page tables
2026-08-02T12:54:07.465555+06:30 chan-dell kernel: x86/mm: Checked W+X mappings: passed, no W+X pages found.
2026-08-02T12:54:07.465557+06:30 chan-dell kernel: Run /init as init process
2026-08-02T12:54:07.465557+06:30 chan-dell kernel:   with arguments:
2026-08-02T12:54:07.465558+06:30 chan-dell kernel:     /init
2026-08-02T12:54:07.465559+06:30 chan-dell kernel:     splash
2026-08-02T12:54:07.465560+06:30 chan-dell kernel:   with environment:
2026-08-02T12:54:07.465566+06:30 chan-dell kernel:     HOME=/
2026-08-02T12:54:07.465568+06:30 chan-dell kernel:     TERM=linux
2026-08-02T12:54:07.465569+06:30 chan-dell kernel: tsc: Refined TSC clocksource calibration: 2711.999 MHz
2026-08-02T12:54:07.465570+06:30 chan-dell kernel: clocksource: tsc: mask: 0xffffffffffffffff max_cycles: 0x271785701be, max_idle_ns: 440795203568 ns
2026-08-02T12:54:07.465571+06:30 chan-dell kernel: clocksource: Switched to clocksource tsc
2026-08-02T12:54:07.465572+06:30 chan-dell kernel: usb 1-5: new high-speed USB device number 2 using xhci_hcd
2026-08-02T12:54:07.465577+06:30 chan-dell kernel: usb 1-5: New USB device found, idVendor=1bcf, idProduct=2b96, bcdDevice=68.25
2026-08-02T12:54:07.465578+06:30 chan-dell kernel: usb 1-5: New USB device strings: Mfr=1, Product=2, SerialNumber=0
2026-08-02T12:54:07.465579+06:30 chan-dell kernel: usb 1-5: Product: Integrated_Webcam_HD
2026-08-02T12:54:07.465581+06:30 chan-dell kernel: usb 1-5: Manufacturer: CNFGH19N362101001E02
2026-08-02T12:54:07.465582+06:30 chan-dell kernel: intel-lpss 0000:00:15.0: enabling device (0000 -> 0002)
2026-08-02T12:54:07.465584+06:30 chan-dell kernel: platform idma64.0: Adding to iommu group 11
2026-08-02T12:54:07.465665+06:30 chan-dell kernel: idma64 idma64.0: Found Intel integrated DMA 64-bit
2026-08-02T12:54:07.465668+06:30 chan-dell kernel: platform i2c_designware.0: Adding to iommu group 12
2026-08-02T12:54:07.465670+06:30 chan-dell kernel: ahci 0000:00:17.0: AHCI vers 0001.0301, 32 command slots, 6 Gbps, SATA mode
2026-08-02T12:54:07.465671+06:30 chan-dell kernel: ahci 0000:00:17.0: 1/1 ports implemented (port mask 0x4)
2026-08-02T12:54:07.465672+06:30 chan-dell kernel: ahci 0000:00:17.0: flags: 64bit ncq pm led clo only pio slum part deso sadm sds apst 
2026-08-02T12:54:07.465674+06:30 chan-dell kernel: intel-lpss 0000:00:15.1: enabling device (0000 -> 0002)
2026-08-02T12:54:07.465675+06:30 chan-dell kernel: platform idma64.1: Adding to iommu group 13
2026-08-02T12:54:07.465681+06:30 chan-dell kernel: scsi host0: ahci
2026-08-02T12:54:07.465682+06:30 chan-dell kernel: idma64 idma64.1: Found Intel integrated DMA 64-bit
2026-08-02T12:54:07.465684+06:30 chan-dell kernel: platform i2c_designware.1: Adding to iommu group 14
2026-08-02T12:54:07.465685+06:30 chan-dell kernel: scsi host1: ahci
2026-08-02T12:54:07.465686+06:30 chan-dell kernel: scsi host2: ahci
2026-08-02T12:54:07.465688+06:30 chan-dell kernel: ata1: DUMMY
2026-08-02T12:54:07.465693+06:30 chan-dell kernel: ata2: DUMMY
2026-08-02T12:54:07.465695+06:30 chan-dell kernel: ata3: SATA max UDMA/133 abar m2048@0xef253000 port 0xef253200 irq 128 lpm-pol 3
2026-08-02T12:54:07.465696+06:30 chan-dell kernel: usb 1-7: new full-speed USB device number 3 using xhci_hcd
2026-08-02T12:54:07.465698+06:30 chan-dell kernel: intel-lpss 0000:00:15.2: enabling device (0000 -> 0002)
2026-08-02T12:54:07.465699+06:30 chan-dell kernel: platform idma64.2: Adding to iommu group 15
2026-08-02T12:54:07.465700+06:30 chan-dell kernel: idma64 idma64.2: Found Intel integrated DMA 64-bit
2026-08-02T12:54:07.465702+06:30 chan-dell kernel: wmi_bus wmi_bus-PNP0C14:01: [Firmware Bug]: WQBC data block query control method not found
2026-08-02T12:54:07.465707+06:30 chan-dell kernel: platform i2c_designware.2: Adding to iommu group 16
2026-08-02T12:54:07.465709+06:30 chan-dell kernel: rtsx_pci 0000:01:00.0: enabling device (0000 -> 0002)
2026-08-02T12:54:07.465710+06:30 chan-dell kernel: hid: raw HID events driver (C) Jiri Kosina
2026-08-02T12:54:07.465711+06:30 chan-dell kernel: e1000e: Intel(R) PRO/1000 Network Driver
2026-08-02T12:54:07.465713+06:30 chan-dell kernel: e1000e: Copyright(c) 1999 - 2015 Intel Corporation.
2026-08-02T12:54:07.465714+06:30 chan-dell kernel: e1000e 0000:00:1f.6: Interrupt Throttling Rate (ints/sec) set to dynamic conservative mode
2026-08-02T12:54:07.465719+06:30 chan-dell kernel: usb 1-7: New USB device found, idVendor=8087, idProduct=0a2b, bcdDevice= 0.10
2026-08-02T12:54:07.465721+06:30 chan-dell kernel: usb 1-7: New USB device strings: Mfr=0, Product=0, SerialNumber=0
2026-08-02T12:54:07.465722+06:30 chan-dell kernel: ata3: SATA link up 6.0 Gbps (SStatus 133 SControl 300)
2026-08-02T12:54:07.465724+06:30 chan-dell kernel: ata3.00: Model 'Micron 1100 SATA 512GB', rev ' M0DL003', applying quirks: zeroaftertrim
2026-08-02T12:54:07.465725+06:30 chan-dell kernel: ata3.00: ACPI cmd f5/00:00:00:00:00:00(SECURITY FREEZE LOCK) filtered out
2026-08-02T12:54:07.465726+06:30 chan-dell kernel: ata3.00: ACPI cmd b1/c1:00:00:00:00:00(DEVICE CONFIGURATION OVERLAY) filtered out
2026-08-02T12:54:07.465732+06:30 chan-dell kernel: ata3.00: ATA-10: Micron 1100 SATA 512GB,  M0DL003, max UDMA/133
2026-08-02T12:54:07.465733+06:30 chan-dell kernel: ata3.00: 1000215216 sectors, multi 16: LBA48 NCQ (depth 32), AA
2026-08-02T12:54:07.465735+06:30 chan-dell kernel: ata3.00: Features: Dev-Sleep HIPM DIPM NCQ-sndrcv NCQ-prio
2026-08-02T12:54:07.465736+06:30 chan-dell kernel: ata3.00: ACPI cmd f5/00:00:00:00:00:00(SECURITY FREEZE LOCK) filtered out
2026-08-02T12:54:07.465737+06:30 chan-dell kernel: ata3.00: ACPI cmd b1/c1:00:00:00:00:00(DEVICE CONFIGURATION OVERLAY) filtered out
2026-08-02T12:54:07.465739+06:30 chan-dell kernel: ata3.00: configured for UDMA/133
2026-08-02T12:54:07.465740+06:30 chan-dell kernel: scsi 2:0:0:0: Direct-Access     ATA      Micron 1100 SATA L003 PQ: 0 ANSI: 5
2026-08-02T12:54:07.465772+06:30 chan-dell kernel: sd 2:0:0:0: Attached scsi generic sg0 type 0
2026-08-02T12:54:07.465775+06:30 chan-dell kernel: ata3.00: Enabling discard_zeroes_data
2026-08-02T12:54:07.465776+06:30 chan-dell kernel: sd 2:0:0:0: [sda] 1000215216 512-byte logical blocks: (512 GB/477 GiB)
2026-08-02T12:54:07.465786+06:30 chan-dell kernel: sd 2:0:0:0: [sda] 4096-byte physical blocks
2026-08-02T12:54:07.465788+06:30 chan-dell kernel: sd 2:0:0:0: [sda] Write Protect is off
2026-08-02T12:54:07.465789+06:30 chan-dell kernel: sd 2:0:0:0: [sda] Mode Sense: 00 3a 00 00
2026-08-02T12:54:07.465796+06:30 chan-dell kernel: sd 2:0:0:0: [sda] Write cache: enabled, read cache: enabled, doesn't support DPO or FUA
2026-08-02T12:54:07.465798+06:30 chan-dell kernel: sd 2:0:0:0: [sda] Preferred minimum I/O size 4096 bytes
2026-08-02T12:54:07.465799+06:30 chan-dell kernel: ata3.00: Enabling discard_zeroes_data
2026-08-02T12:54:07.465801+06:30 chan-dell kernel:  sda: sda1 sda2
2026-08-02T12:54:07.465802+06:30 chan-dell kernel: sd 2:0:0:0: [sda] Attached SCSI disk
2026-08-02T12:54:07.465804+06:30 chan-dell kernel: e1000e 0000:00:1f.6 0000:00:1f.6 (uninitialized): registered PHC clock
2026-08-02T12:54:07.465805+06:30 chan-dell kernel: input: DLL07A0:01 044E:120B as /devices/pci0000:00/0000:00:15.1/i2c_designware.1/i2c-1/i2c-DLL07A0:01/0018:044E:120B.0001/input/input5
2026-08-02T12:54:07.465812+06:30 chan-dell kernel: hid-alps 0018:044E:120B.0001: input,hidraw0: I2C HID v1.00 Mouse [DLL07A0:01 044E:120B] on i2c-DLL07A0:01
2026-08-02T12:54:07.465813+06:30 chan-dell kernel: e1000e 0000:00:1f.6 eth0: (PCI Express:2.5GT/s:Width x1) a4:4c:c8:55:a7:34
2026-08-02T12:54:07.465815+06:30 chan-dell kernel: e1000e 0000:00:1f.6 eth0: Intel(R) PRO/1000 Network Connection
2026-08-02T12:54:07.465816+06:30 chan-dell kernel: e1000e 0000:00:1f.6 eth0: MAC: 12, PHY: 12, PBA No: FFFFFF-0FF
2026-08-02T12:54:07.465817+06:30 chan-dell kernel: e1000e 0000:00:1f.6 enp0s31f6: renamed from eth0
2026-08-02T12:54:07.465821+06:30 chan-dell kernel: EXT4-fs (sda2): mounted filesystem 58b7fd87-d542-4c25-9c30-5404b0b1e113 ro with ordered data mode. Quota mode: none.
2026-08-02T12:54:07.466038+06:30 chan-dell kernel: pstore: Using crash dump compression: deflate
2026-08-02T12:54:07.466051+06:30 chan-dell kernel: EXT4-fs (sda2): re-mounted 58b7fd87-d542-4c25-9c30-5404b0b1e113 r/w.
2026-08-02T12:54:07.466064+06:30 chan-dell kernel: pstore: Registered efi_pstore as persistent store backend
2026-08-02T12:54:07.466081+06:30 chan-dell kernel: ppdev: user-space parallel port driver
2026-08-02T12:54:07.466082+06:30 chan-dell kernel: lp: driver loaded but no devices found
2026-08-02T12:54:07.466097+06:30 chan-dell kernel: Adding 2097148k swap on /swapfile.  Priority:-1 extents:16 across:146931712k SS
2026-08-02T12:54:07.466138+06:30 chan-dell kernel: input: Intel HID events as /devices/platform/INT33D5:00/input/input6
2026-08-02T12:54:07.466139+06:30 chan-dell kernel: intel-hid INT33D5:00: platform supports 5 button array
2026-08-02T12:54:07.466141+06:30 chan-dell kernel: input: Intel HID 5 button array as /devices/platform/INT33D5:00/input/input7
2026-08-02T12:54:07.466142+06:30 chan-dell kernel: intel_pmc_core INT33A1:00:  initialized
2026-08-02T12:54:07.466144+06:30 chan-dell kernel: ACPI Warning: SystemMemory range 0x00000000FE028000-0x00000000FE0281FF conflicts with OpRegion 0x00000000FE028000-0x00000000FE028207 (\_SB.PCI0.GEXP.BAR0) (20251212/utaddress-204)
2026-08-02T12:54:07.466150+06:30 chan-dell kernel: ACPI: OSL: Resource conflict; ACPI support missing from driver?
2026-08-02T12:54:07.466221+06:30 chan-dell kernel: intel-lpss INT3446:00: probe with driver intel-lpss failed with error -16
2026-08-02T12:54:07.466224+06:30 chan-dell kernel: proc_thermal 0000:00:04.0: enabling device (0000 -> 0002)
2026-08-02T12:54:07.466226+06:30 chan-dell kernel: intel_rapl_common: Found RAPL domain package
2026-08-02T12:54:07.466228+06:30 chan-dell kernel: intel_rapl_common: Found RAPL domain dram
2026-08-02T12:54:07.466229+06:30 chan-dell kernel: loop0: detected capacity change from 0 to 8
2026-08-02T12:54:07.466237+06:30 chan-dell kernel: loop1: detected capacity change from 0 to 963400
2026-08-02T12:54:07.466239+06:30 chan-dell kernel: loop2: detected capacity change from 0 to 1033072
2026-08-02T12:54:07.466240+06:30 chan-dell kernel: loop3: detected capacity change from 0 to 113640
2026-08-02T12:54:07.466241+06:30 chan-dell kernel: loop4: detected capacity change from 0 to 130624
2026-08-02T12:54:07.466243+06:30 chan-dell kernel: loop5: detected capacity change from 0 to 152112
2026-08-02T12:54:07.466244+06:30 chan-dell kernel: loop6: detected capacity change from 0 to 151512
2026-08-02T12:54:07.466250+06:30 chan-dell kernel: loop7: detected capacity change from 0 to 1034424
2026-08-02T12:54:07.466253+06:30 chan-dell kernel: loop8: detected capacity change from 0 to 136816
2026-08-02T12:54:07.466254+06:30 chan-dell kernel: loop9: detected capacity change from 0 to 555496
2026-08-02T12:54:07.466256+06:30 chan-dell kernel: i915 0000:00:02.0: [drm] Found kabylake/ult (device ID 5916) integrated display version 9.00 stepping B0
2026-08-02T12:54:07.466257+06:30 chan-dell kernel: mc: Linux media interface: v0.10
2026-08-02T12:54:07.466258+06:30 chan-dell kernel: Bluetooth: Core ver 2.22
2026-08-02T12:54:07.466260+06:30 chan-dell kernel: NET: Registered PF_BLUETOOTH protocol family
2026-08-02T12:54:07.466267+06:30 chan-dell kernel: Bluetooth: HCI device and connection manager initialized
2026-08-02T12:54:07.466269+06:30 chan-dell kernel: Bluetooth: HCI socket layer initialized
2026-08-02T12:54:07.466270+06:30 chan-dell kernel: Bluetooth: L2CAP socket layer initialized
2026-08-02T12:54:07.466272+06:30 chan-dell kernel: Bluetooth: SCO socket layer initialized
2026-08-02T12:54:07.466274+06:30 chan-dell kernel: i915 0000:00:02.0: vgaarb: deactivate vga console
2026-08-02T12:54:07.466275+06:30 chan-dell kernel: i915 0000:00:02.0: vgaarb: VGA decodes changed: olddecodes=io+mem,decodes=io+mem:owns=io+mem
2026-08-02T12:54:07.466282+06:30 chan-dell kernel: i915 0000:00:02.0: [drm] Finished loading DMC firmware i915/kbl_dmc_ver1_04.bin (v1.4)
2026-08-02T12:54:07.466284+06:30 chan-dell kernel: intel_rapl_common: Found RAPL domain package
2026-08-02T12:54:07.466285+06:30 chan-dell kernel: intel_rapl_common: Found RAPL domain core
2026-08-02T12:54:07.466287+06:30 chan-dell kernel: intel_rapl_common: Found RAPL domain uncore
2026-08-02T12:54:07.466289+06:30 chan-dell kernel: intel_rapl_common: Found RAPL domain dram
2026-08-02T12:54:07.466290+06:30 chan-dell kernel: intel_rapl_common: Found RAPL domain psys
2026-08-02T12:54:07.466297+06:30 chan-dell kernel: cfg80211: Loading compiled-in X.509 certificates for regulatory database
2026-08-02T12:54:07.466298+06:30 chan-dell kernel: i915 0000:00:02.0: [drm] Registered 3 planes with drm panic
2026-08-02T12:54:07.466300+06:30 chan-dell kernel: Loaded X.509 cert 'sforshee: 00b28ddf47aef9cea7'
2026-08-02T12:54:07.466301+06:30 chan-dell kernel: Loaded X.509 cert 'wens: 61c038651aabdcf94bd0ac7ff06c7248db18c600'
2026-08-02T12:54:07.466303+06:30 chan-dell kernel: [drm] Initialized i915 1.6.0 for 0000:00:02.0 on minor 1
2026-08-02T12:54:07.466304+06:30 chan-dell kernel: mei_me 0000:00:16.0: enabling device (0000 -> 0002)
2026-08-02T12:54:07.466306+06:30 chan-dell kernel: i801_smbus 0000:00:1f.4: SPD Write Disable is set
2026-08-02T12:54:07.466312+06:30 chan-dell kernel: i801_smbus 0000:00:1f.4: SMBus using PCI interrupt
2026-08-02T12:54:07.466314+06:30 chan-dell kernel: ACPI: video: Video Device [GFX0] (multi-head: yes  rom: no  post: no)
2026-08-02T12:54:07.466316+06:30 chan-dell kernel: input: Video Bus as /devices/pci0000:00/acpi.video_bus.0/input/input8
2026-08-02T12:54:07.466317+06:30 chan-dell kernel: audit: type=1400 audit(1785651759.128:2): apparmor="STATUS" operation="profile_load" profile="unconfined" name=4D6F6E676F444220436F6D70617373 pid=608 comm="apparmor_parser"
2026-08-02T12:54:07.466319+06:30 chan-dell kernel: i2c i2c-8: Successfully instantiated SPD at 0x50
2026-08-02T12:54:07.466323+06:30 chan-dell kernel: audit: type=1400 audit(1785651759.133:3): apparmor="STATUS" operation="profile_load" profile="unconfined" name="Discord" pid=607 comm="apparmor_parser"
2026-08-02T12:54:07.466329+06:30 chan-dell kernel: audit: type=1400 audit(1785651759.134:4): apparmor="STATUS" operation="profile_load" profile="unconfined" name="QtWebEngineProcess" pid=613 comm="apparmor_parser"
2026-08-02T12:54:07.466332+06:30 chan-dell kernel: audit: type=1400 audit(1785651759.136:5): apparmor="STATUS" operation="profile_load" profile="unconfined" name="1password" pid=606 comm="apparmor_parser"
2026-08-02T12:54:07.466333+06:30 chan-dell kernel: videodev: Linux video capture interface: v2.00
2026-08-02T12:54:07.466335+06:30 chan-dell kernel: RAPL PMU: API unit is 2^-32 Joules, 5 fixed counters, 655360 ms ovfl timer
2026-08-02T12:54:07.466337+06:30 chan-dell kernel: RAPL PMU: hw unit of domain pp0-core 2^-14 Joules
2026-08-02T12:54:07.466343+06:30 chan-dell kernel: RAPL PMU: hw unit of domain package 2^-14 Joules
2026-08-02T12:54:07.466345+06:30 chan-dell kernel: RAPL PMU: hw unit of domain dram 2^-14 Joules
2026-08-02T12:54:07.466346+06:30 chan-dell kernel: RAPL PMU: hw unit of domain pp1-gpu 2^-14 Joules
2026-08-02T12:54:07.466348+06:30 chan-dell kernel: RAPL PMU: hw unit of domain psys 2^-14 Joules
2026-08-02T12:54:07.466350+06:30 chan-dell kernel: dcdbas dcdbas: Dell Systems Management Base Driver (version 5.6.0-3.4)
2026-08-02T12:54:07.466351+06:30 chan-dell kernel: fbcon: i915drmfb (fb0) is primary device
2026-08-02T12:54:07.466353+06:30 chan-dell kernel: fbcon: Deferring console take-over
2026-08-02T12:54:07.466359+06:30 chan-dell kernel: i915 0000:00:02.0: [drm] fb0: i915drmfb frame buffer device
2026-08-02T12:54:07.466362+06:30 chan-dell kernel: input: Dell WMI hotkeys as /devices/platform/PNP0C14:01/wmi_bus/wmi_bus-PNP0C14:01/9DBB5994-A997-11DA-B012-B622A1EF5492/input/input9
2026-08-02T12:54:07.466363+06:30 chan-dell kernel: audit: type=1400 audit(1785651759.159:6): apparmor="STATUS" operation="profile_load" profile="unconfined" name="balena-etcher" pid=625 comm="apparmor_parser"
2026-08-02T12:54:07.466364+06:30 chan-dell kernel: audit: type=1400 audit(1785651759.166:7): apparmor="STATUS" operation="profile_load" profile="unconfined" name="babeld" pid=622 comm="apparmor_parser"
2026-08-02T12:54:07.466365+06:30 chan-dell kernel: audit: type=1400 audit(1785651759.167:8): apparmor="STATUS" operation="profile_load" profile="unconfined" name="bfdd" pid=626 comm="apparmor_parser"
2026-08-02T12:54:07.466374+06:30 chan-dell kernel: dell_laptop: Using i8042 filter function for receiving events
2026-08-02T12:54:07.466377+06:30 chan-dell kernel: ACPI: battery: new hook: Dell Primary Battery Extension
2026-08-02T12:54:07.466378+06:30 chan-dell kernel: audit: type=1400 audit(1785651759.185:9): apparmor="STATUS" operation="profile_load" profile="unconfined" name="alsamixer" pid=621 comm="apparmor_parser"
2026-08-02T12:54:07.466380+06:30 chan-dell kernel: audit: type=1400 audit(1785651759.193:10): apparmor="STATUS" operation="profile_load" profile="unconfined" name="brave" pid=630 comm="apparmor_parser"
2026-08-02T12:54:07.466381+06:30 chan-dell kernel: audit: type=1400 audit(1785651759.193:11): apparmor="STATUS" operation="profile_load" profile="unconfined" name="brave-browser-stable" pid=631 comm="apparmor_parser"
2026-08-02T12:54:07.466383+06:30 chan-dell kernel: iwlwifi 0000:02:00.0: enabling device (0000 -> 0002)
2026-08-02T12:54:07.466389+06:30 chan-dell kernel: iwlwifi 0000:02:00.0: Detected crf-id 0xbadcafe, cnv-id 0x10 wfpm id 0x80000000
2026-08-02T12:54:07.466391+06:30 chan-dell kernel: iwlwifi 0000:02:00.0: PCI dev 24fd/0050, rev=0x230, rfid=0xd55555d5
2026-08-02T12:54:07.466393+06:30 chan-dell kernel: iwlwifi 0000:02:00.0: Detected Intel(R) Dual Band Wireless-AC 8265
2026-08-02T12:54:07.466395+06:30 chan-dell kernel: iwlwifi 0000:02:00.0: loaded firmware version 36.c8e8e144.0 8265-36.ucode op_mode iwlmvm
2026-08-02T12:54:07.466397+06:30 chan-dell kernel: usbcore: registered new interface driver btusb
2026-08-02T12:54:07.466398+06:30 chan-dell kernel: Bluetooth: hci0: Firmware revision 0.1 build 19 week 44 2021
2026-08-02T12:54:07.466405+06:30 chan-dell kernel: Bluetooth: hci0: Reading supported features failed (-16)
2026-08-02T12:54:07.466407+06:30 chan-dell kernel: Bluetooth: hci0: Error reading debug features
2026-08-02T12:54:07.466408+06:30 chan-dell kernel: Bluetooth: hci0: HCI LE Coded PHY feature bit is set, but its usage is not supported.
2026-08-02T12:54:07.466410+06:30 chan-dell kernel: uvcvideo 1-5:1.0: Found UVC 1.00 device Integrated_Webcam_HD (1bcf:2b96)
2026-08-02T12:54:07.466411+06:30 chan-dell kernel: usbcore: registered new interface driver uvcvideo
2026-08-02T12:54:07.466413+06:30 chan-dell kernel: intel_tcc_cooling: Programmable TCC Offset detected
2026-08-02T12:54:07.466414+06:30 chan-dell kernel: mei_hdcp 0000:00:16.0-b638ab7e-94e2-4ea2-a552-d1c54b627f04: bound 0000:00:02.0 (ops i915_hdcp_ops [i915])
2026-08-02T12:54:07.466421+06:30 chan-dell kernel: iwlwifi 0000:02:00.0: base HW address: 28:c6:3f:1a:a9:50, OTP minor version: 0x4
2026-08-02T12:54:07.466423+06:30 chan-dell kernel: ieee80211 phy0: Selected rate control algorithm 'iwl-mvm-rs'
2026-08-02T12:54:07.466425+06:30 chan-dell kernel: ee1004 8-0050: 512 byte EE1004-compliant SPD EEPROM, read-only
2026-08-02T12:54:07.466427+06:30 chan-dell kernel: iwlwifi 0000:02:00.0 wlp2s0: renamed from wlan0
2026-08-02T12:54:07.466428+06:30 chan-dell kernel: snd_hda_intel 0000:00:1f.3: enabling device (0000 -> 0002)
2026-08-02T12:54:07.466429+06:30 chan-dell kernel: snd_hda_intel 0000:00:1f.3: bound 0000:00:02.0 (ops intel_audio_component_bind_ops [i915])
2026-08-02T12:54:07.466436+06:30 chan-dell kernel: snd_hda_codec_alc269 hdaudioC0D0: ALC3246: picked fixup  (pin match)
2026-08-02T12:54:07.466438+06:30 chan-dell kernel: snd_hda_codec_alc269 hdaudioC0D0: autoconfig for ALC3246: line_outs=1 (0x14/0x0/0x0/0x0/0x0) type:speaker
2026-08-02T12:54:07.466439+06:30 chan-dell kernel: snd_hda_codec_alc269 hdaudioC0D0:    speaker_outs=0 (0x0/0x0/0x0/0x0/0x0)
2026-08-02T12:54:07.466441+06:30 chan-dell kernel: snd_hda_codec_alc269 hdaudioC0D0:    hp_outs=1 (0x21/0x0/0x0/0x0/0x0)
2026-08-02T12:54:07.466443+06:30 chan-dell kernel: snd_hda_codec_alc269 hdaudioC0D0:    mono: mono_out=0x0
2026-08-02T12:54:07.466444+06:30 chan-dell kernel: snd_hda_codec_alc269 hdaudioC0D0:    inputs:
2026-08-02T12:54:07.466451+06:30 chan-dell kernel: snd_hda_codec_alc269 hdaudioC0D0:      Internal Mic=0x12
2026-08-02T12:54:07.466463+06:30 chan-dell kernel: snd_hda_codec_alc269 hdaudioC0D0:      Headset Mic=0x19
2026-08-02T12:54:07.466465+06:30 chan-dell kernel: snd_hda_codec_alc269 hdaudioC0D0:      Headphone Mic=0x1a
2026-08-02T12:54:07.466466+06:30 chan-dell kernel: input: HDA Intel PCH Headphone Mic as /devices/pci0000:00/0000:00:1f.3/sound/card0/input10
2026-08-02T12:54:07.466467+06:30 chan-dell kernel: input: HDA Intel PCH HDMI/DP,pcm=3 as /devices/pci0000:00/0000:00:1f.3/sound/card0/input11
2026-08-02T12:54:07.466492+06:30 chan-dell kernel: input: HDA Intel PCH HDMI/DP,pcm=7 as /devices/pci0000:00/0000:00:1f.3/sound/card0/input12
2026-08-02T12:54:07.466523+06:30 chan-dell kernel: input: HDA Intel PCH HDMI/DP,pcm=8 as /devices/pci0000:00/0000:00:1f.3/sound/card0/input13
2026-08-02T12:54:07.466526+06:30 chan-dell kernel: kauditd_printk_skb: 242 callbacks suppressed
2026-08-02T12:54:07.466528+06:30 chan-dell kernel: audit: type=1400 audit(1785651847.320:254): apparmor="STATUS" operation="profile_replace" info="same as current profile, skipping" profile="unconfined" name="rsyslogd" pid=1126 comm="apparmor_parser"
2026-08-02T12:54:07.557602+06:30 chan-dell kernel: Bluetooth: BNEP (Ethernet Emulation) ver 1.3
2026-08-02T12:54:07.557622+06:30 chan-dell kernel: Bluetooth: BNEP filters: protocol multicast
2026-08-02T12:54:07.557625+06:30 chan-dell kernel: Bluetooth: BNEP socket layer initialized
2026-08-02T12:54:07.578527+06:30 chan-dell kernel: Bluetooth: MGMT ver 1.23
2026-08-02T12:54:07.600612+06:30 chan-dell kernel: NET: Registered PF_ALG protocol family
2026-08-02T12:54:07.886136+06:30 chan-dell kernel: NET: Registered PF_QIPCRTR protocol family
2026-08-02T12:54:08.379576+06:30 chan-dell kernel: audit: type=1400 audit(1785651848.377:255): apparmor="DENIED" operation="open" class="file" profile="/usr/sbin/cupsd" name="/etc/paperspecs" pid=1440 comm="cupsd" requested_mask="r" denied_mask="r" fsuid=0 ouid=0
2026-08-02T12:54:08.417522+06:30 chan-dell kernel: audit: type=1400 audit(1785651848.415:256): apparmor="DENIED" operation="capable" class="cap" profile="/usr/sbin/cupsd" pid=1440 comm="cupsd" capability=12  capname="net_admin"
2026-08-02T12:54:08.756564+06:30 chan-dell kernel: kvm_amd: CPU 2 isn't AMD or Hygon
2026-08-02T12:54:08.788530+06:30 chan-dell kernel: vboxdrv: loading out-of-tree module taints kernel.
2026-08-02T12:54:08.788550+06:30 chan-dell kernel: vboxdrv: module verification failed: signature and/or required key missing - tainting kernel
2026-08-02T12:54:08.806804+06:30 chan-dell kernel: vboxdrv: Found 4 processor cores/threads
2026-08-02T12:54:08.928521+06:30 chan-dell kernel: rtR0InitNative: g_pLnxInitMm=0000000018e0aca9
2026-08-02T12:54:08.955541+06:30 chan-dell kernel: vboxdrv: TSC mode is Invariant, tentative frequency 2711993351 Hz
2026-08-02T12:54:08.955561+06:30 chan-dell kernel: vboxdrv: Successfully loaded version 7.2.14 r174565 (interface 0x00390001)
2026-08-02T12:54:09.176534+06:30 chan-dell kernel: kvm_amd: CPU 3 isn't AMD or Hygon
2026-08-02T12:54:09.196524+06:30 chan-dell kernel: VBoxNetFlt: Successfully started.
2026-08-02T12:54:09.213559+06:30 chan-dell kernel: kvm_amd: CPU 3 isn't AMD or Hygon
2026-08-02T12:54:09.237673+06:30 chan-dell kernel: VBoxNetAdp: Successfully started.
2026-08-02T12:54:09.325212+06:30 chan-dell kernel: set_capacity_and_notify: 14 callbacks suppressed
2026-08-02T12:54:09.325231+06:30 chan-dell kernel: loop24: detected capacity change from 0 to 8
2026-08-02T12:54:11.841619+06:30 chan-dell kernel: wlp2s0: authenticate with d0:96:fb:26:69:ff (local address=28:c6:3f:1a:a9:50)
2026-08-02T12:54:11.842527+06:30 chan-dell kernel: wlp2s0: send auth to d0:96:fb:26:69:ff (try 1/3)
2026-08-02T12:54:11.850527+06:30 chan-dell kernel: wlp2s0: authenticated
2026-08-02T12:54:11.850535+06:30 chan-dell kernel: wlp2s0: associating to AP d0:96:fb:26:69:ff with corrupt probe response
2026-08-02T12:54:11.851643+06:30 chan-dell kernel: wlp2s0: associate with d0:96:fb:26:69:ff (try 1/3)
2026-08-02T12:54:11.855556+06:30 chan-dell kernel: wlp2s0: RX AssocResp from d0:96:fb:26:69:ff (capab=0x411 status=0 aid=2)
2026-08-02T12:54:11.858528+06:30 chan-dell kernel: wlp2s0: associated
2026-08-02T12:54:14.238531+06:30 chan-dell kernel: bridge: filtering via arp/ip/ip6tables is no longer available by default. Update your scripts to load br_netfilter if you need this.
2026-08-02T12:54:14.716614+06:30 chan-dell kernel: kvm_intel: L1TF CPU bug present and SMT on, data leak possible. See CVE-2018-3646 and https://www.kernel.org/doc/html/latest/admin-guide/hw-vuln/l1tf.html for details.
2026-08-02T12:54:14.883798+06:30 chan-dell kernel: pcieport 0000:00:1c.0: Intel SPT PCH root port ACS workaround enabled
2026-08-02T12:54:15.119946+06:30 chan-dell kernel: audit: type=1400 audit(1785651855.116:257): apparmor="DENIED" operation="capable" class="cap" profile="fusermount3" pid=2113 comm="fusermount3" capability=1  capname="dac_override"
2026-08-02T12:54:15.119964+06:30 chan-dell kernel: audit: type=1400 audit(1785651855.116:258): apparmor="DENIED" operation="capable" class="cap" profile="fusermount3" pid=2113 comm="fusermount3" capability=7  capname="setuid"
2026-08-02T12:54:15.119967+06:30 chan-dell kernel: audit: type=1400 audit(1785651855.117:259): apparmor="DENIED" operation="capable" class="cap" profile="fusermount3" pid=2114 comm="fusermount3" capability=7  capname="setuid"
2026-08-02T12:54:15.443526+06:30 chan-dell kernel: Bluetooth: RFCOMM TTY layer initialized
2026-08-02T12:54:15.443546+06:30 chan-dell kernel: Bluetooth: RFCOMM socket layer initialized
2026-08-02T12:54:15.443548+06:30 chan-dell kernel: Bluetooth: RFCOMM ver 1.11
2026-08-02T12:54:15.849749+06:30 chan-dell kernel: audit: type=1400 audit(1785651855.847:260): apparmor="DENIED" operation="open" class="file" profile="snap-update-ns.snapd-desktop-integration" name="/run/gdm3/home/gdm-greeter/" pid=2173 comm="snap-update-ns" requested_mask="r" denied_mask="r" fsuid=60578 ouid=60578
2026-08-02T12:54:15.851559+06:30 chan-dell kernel: audit: type=1400 audit(1785651855.849:261): apparmor="DENIED" operation="open" class="file" profile="/snap/snapd/27591/usr/lib/snapd/snap-confine" name="/run/gdm3/" pid=2023 comm="snap-confine" requested_mask="r" denied_mask="r" fsuid=60578 ouid=0
2026-08-02T12:54:18.017628+06:30 chan-dell kernel: rfkill: input handler disabled
2026-08-02T12:54:56.578197+06:30 chan-dell kernel: audit: type=1400 audit(1785651896.574:262): apparmor="DENIED" operation="capable" class="cap" profile="fusermount3" pid=3050 comm="fusermount3" capability=1  capname="dac_override"
2026-08-02T12:54:56.578216+06:30 chan-dell kernel: audit: type=1400 audit(1785651896.574:263): apparmor="DENIED" operation="capable" class="cap" profile="fusermount3" pid=3050 comm="fusermount3" capability=7  capname="setuid"
2026-08-02T12:54:56.579635+06:30 chan-dell kernel: audit: type=1400 audit(1785651896.578:264): apparmor="DENIED" operation="capable" class="cap" profile="fusermount3" pid=3051 comm="fusermount3" capability=7  capname="setuid"
2026-08-02T12:54:56.681661+06:30 chan-dell kernel: rfkill: input handler enabled
2026-08-02T12:54:57.114677+06:30 chan-dell kernel: audit: type=1400 audit(1785651897.112:265): apparmor="DENIED" operation="capable" class="cap" profile="fusermount3" pid=3232 comm="fusermount3" capability=1  capname="dac_override"
2026-08-02T12:54:57.114698+06:30 chan-dell kernel: audit: type=1400 audit(1785651897.112:266): apparmor="DENIED" operation="capable" class="cap" profile="fusermount3" pid=3232 comm="fusermount3" capability=7  capname="setuid"
2026-08-02T12:54:57.117860+06:30 chan-dell kernel: audit: type=1400 audit(1785651897.115:267): apparmor="DENIED" operation="capable" class="cap" profile="fusermount3" pid=3233 comm="fusermount3" capability=7  capname="setuid"
2026-08-02T12:54:59.150755+06:30 chan-dell kernel: rfkill: input handler disabled
2026-08-02T12:55:00.923543+06:30 chan-dell kernel: audit: type=1400 audit(1785651900.922:268): apparmor="DENIED" operation="capable" class="cap" profile="fusermount3" pid=3958 comm="fusermount3" capability=1  capname="dac_override"
2026-08-02T12:55:00.923642+06:30 chan-dell kernel: audit: type=1400 audit(1785651900.922:269): apparmor="DENIED" operation="capable" class="cap" profile="fusermount3" pid=3958 comm="fusermount3" capability=7  capname="setuid"
2026-08-02T12:55:00.923683+06:30 chan-dell kernel: audit: type=1400 audit(1785651900.922:270): apparmor="DENIED" operation="capable" class="cap" profile="fusermount3" pid=3971 comm="fusermount3" capability=7  capname="setuid"
2026-08-02T12:55:00.953535+06:30 chan-dell kernel: audit: type=1400 audit(1785651900.951:271): apparmor="DENIED" operation="mount" class="mount" info="failed mntpnt match" error=-13 profile="fusermount3" name="/" pid=3985 comm="fusermount3" flags="rw, rprivate"
2026-08-02T12:55:06.775657+06:30 chan-dell kernel: audit: type=1107 audit(1785651906.773:272): pid=1069 uid=102 auid=4294967295 ses=4294967295 subj=unconfined msg='apparmor="DENIED" operation="dbus_method_call"  bus="system" path="/org/freedesktop/PolicyKit1/Authority" interface="org.freedesktop.DBus.Properties" member="GetAll" mask="send" name=":1.12" pid=3537 label="snap.snap-store.ubuntu-software" peer_pid=1076 peer_label="unconfined"
2026-08-02T12:55:06.775677+06:30 chan-dell kernel:  exe="/usr/bin/dbus-daemon" sauid=102 hostname=? addr=? terminal=?'
2026-08-02T12:55:06.775680+06:30 chan-dell kernel: audit: type=1107 audit(1785651906.774:273): pid=1069 uid=102 auid=4294967295 ses=4294967295 subj=unconfined msg='apparmor="DENIED" operation="dbus_method_call"  bus="system" path="/org/freedesktop/PolicyKit1/Authority" interface="org.freedesktop.PolicyKit1.Authority" member="CheckAuthorization" mask="send" name=":1.12" pid=3537 label="snap.snap-store.ubuntu-software" peer_pid=1076 peer_label="unconfined"
2026-08-02T12:55:06.775681+06:30 chan-dell kernel:  exe="/usr/bin/dbus-daemon" sauid=102 hostname=? addr=? terminal=?'
2026-08-02T12:55:06.800537+06:30 chan-dell kernel: audit: type=1107 audit(1785651906.798:274): pid=1069 uid=102 auid=4294967295 ses=4294967295 subj=unconfined msg='apparmor="DENIED" operation="dbus_method_call"  bus="system" path="/org/freedesktop/PolicyKit1/Authority" interface="org.freedesktop.DBus.Properties" member="GetAll" mask="send" name=":1.12" pid=3537 label="snap.snap-store.ubuntu-software" peer_pid=1076 peer_label="unconfined"
2026-08-02T12:55:06.800628+06:30 chan-dell kernel:  exe="/usr/bin/dbus-daemon" sauid=102 hostname=? addr=? terminal=?'
2026-08-02T12:55:06.801536+06:30 chan-dell kernel: audit: type=1107 audit(1785651906.799:275): pid=1069 uid=102 auid=4294967295 ses=4294967295 subj=unconfined msg='apparmor="DENIED" operation="dbus_method_call"  bus="system" path="/org/freedesktop/PolicyKit1/Authority" interface="org.freedesktop.PolicyKit1.Authority" member="CheckAuthorization" mask="send" name=":1.12" pid=3537 label="snap.snap-store.ubuntu-software" peer_pid=1076 peer_label="unconfined"
2026-08-02T12:55:06.801553+06:30 chan-dell kernel:  exe="/usr/bin/dbus-daemon" sauid=102 hostname=? addr=? terminal=?'
2026-08-02T12:55:30.368549+06:30 chan-dell kernel: warning: `ThreadPoolForeg' uses wireless extensions which will stop working for Wi-Fi 7 hardware; use nl80211
2026-08-02T12:57:33.970782+06:30 chan-dell kernel: audit: type=1400 audit(1785652053.968:276): apparmor="AUDIT" operation="userns_create" class="namespace" info="Userns create - transitioning profile" profile="unconfined" pid=5294 comm="(ubuntu-insigh)" requested="userns_create" target="unprivileged_userns" execpath="/usr/lib/systemd/systemd-executor"
2026-08-02T12:57:33.971532+06:30 chan-dell kernel: audit: type=1400 audit(1785652053.969:277): apparmor="DENIED" operation="capable" class="cap" profile="unprivileged_userns" pid=5294 comm="(ubuntu-insigh)" capability=21  capname="sys_admin"
2026-08-02T12:57:34.031624+06:30 chan-dell kernel: audit: type=1400 audit(1785652054.029:278): apparmor="DENIED" operation="getattr" class="file" info="Failed name lookup - disconnected path" error=-13 profile="unprivileged_userns" name="" pid=5302 comm="systemd-detect-" requested_mask="r" denied_mask="r" fsuid=1000 ouid=0
2026-08-02T13:00:33.975539+06:30 chan-dell kernel: audit: type=1400 audit(1785652233.974:279): apparmor="AUDIT" operation="userns_create" class="namespace" info="Userns create - transitioning profile" profile="unconfined" pid=5776 comm="(ubuntu-insigh)" requested="userns_create" target="unprivileged_userns" execpath="/usr/lib/systemd/systemd-executor"
2026-08-02T13:00:33.975638+06:30 chan-dell kernel: audit: type=1400 audit(1785652233.975:280): apparmor="DENIED" operation="capable" class="cap" profile="unprivileged_userns" pid=5776 comm="(ubuntu-insigh)" capability=21  capname="sys_admin"
2026-08-02T13:02:08.206595+06:30 chan-dell kernel: workqueue: delayed_fput hogged CPU for >10000us 4 times, consider switching to WQ_UNBOUND
2026-08-02T13:04:24.399794+06:30 chan-dell kernel: workqueue: delayed_fput hogged CPU for >10000us 5 times, consider switching to WQ_UNBOUND
2026-08-02T13:04:52.293691+06:30 chan-dell kernel: workqueue: delayed_fput hogged CPU for >10000us 7 times, consider switching to WQ_UNBOUND
2026-08-02T13:27:14.321156+06:30 chan-dell kernel: workqueue: delayed_fput hogged CPU for >10000us 11 times, consider switching to WQ_UNBOUND
2026-08-02T13:28:00.279537+06:30 chan-dell kernel: wlp2s0: deauthenticating from d0:96:fb:26:69:ff by local choice (Reason: 3=DEAUTH_LEAVING)
2026-08-02T13:28:01.705700+06:30 chan-dell kernel: PM: suspend entry (deep)
2026-08-02T13:28:01.711535+06:30 chan-dell kernel: Filesystems sync: 0.005 seconds
2026-08-02T13:40:54.059456+06:30 chan-dell kernel: Freezing user space processes
2026-08-02T13:40:54.059680+06:30 chan-dell kernel: Freezing user space processes completed (elapsed 0.003 seconds)
2026-08-02T13:40:54.059711+06:30 chan-dell kernel: OOM killer disabled.
2026-08-02T13:40:54.059731+06:30 chan-dell kernel: Freezing remaining freezable tasks
2026-08-02T13:40:54.059738+06:30 chan-dell kernel: Freezing remaining freezable tasks completed (elapsed 0.001 seconds)
2026-08-02T13:40:54.059747+06:30 chan-dell kernel: printk: Suspending console(s) (use no_console_suspend to debug)
2026-08-02T13:40:54.059753+06:30 chan-dell kernel: e1000e: EEE TX LPI TIMER: 00000011
2026-08-02T13:40:54.059758+06:30 chan-dell kernel: sd 2:0:0:0: [sda] Synchronizing SCSI cache
2026-08-02T13:40:54.059764+06:30 chan-dell kernel: ata3.00: Entering standby power mode
2026-08-02T13:40:54.062068+06:30 chan-dell kernel: pcieport 0000:00:1c.0: Intel SPT PCH root port ACS workaround enabled
2026-08-02T13:40:54.062088+06:30 chan-dell kernel: ACPI: EC: interrupt blocked
2026-08-02T13:40:54.062095+06:30 chan-dell kernel: ACPI: PM: Preparing to enter system sleep state S3
2026-08-02T13:40:54.062102+06:30 chan-dell kernel: ACPI: EC: event blocked
2026-08-02T13:40:54.062110+06:30 chan-dell kernel: ACPI: EC: EC stopped
2026-08-02T13:40:54.062119+06:30 chan-dell kernel: ACPI: PM: Saving platform NVS memory
2026-08-02T13:40:54.062124+06:30 chan-dell kernel: Disabling non-boot CPUs ...
2026-08-02T13:40:54.062130+06:30 chan-dell kernel: smpboot: CPU 3 is now offline
2026-08-02T13:40:54.062136+06:30 chan-dell kernel: smpboot: CPU 2 is now offline
2026-08-02T13:40:54.062141+06:30 chan-dell kernel: smpboot: CPU 1 is now offline
2026-08-02T13:40:54.062153+06:30 chan-dell kernel: ACPI: PM: Low-level resume complete
2026-08-02T13:40:54.062159+06:30 chan-dell kernel: ACPI: EC: EC started
2026-08-02T13:40:54.062166+06:30 chan-dell kernel: ACPI: PM: Restoring platform NVS memory
2026-08-02T13:40:54.062172+06:30 chan-dell kernel: Enabling non-boot CPUs ...
2026-08-02T13:40:54.062183+06:30 chan-dell kernel: smpboot: Booting Node 0 Processor 1 APIC 0x2
2026-08-02T13:40:54.062240+06:30 chan-dell kernel: CPU1 is up
2026-08-02T13:40:54.062246+06:30 chan-dell kernel: smpboot: Booting Node 0 Processor 2 APIC 0x1
2026-08-02T13:40:54.062251+06:30 chan-dell kernel: CPU2 is up
2026-08-02T13:40:54.062260+06:30 chan-dell kernel: smpboot: Booting Node 0 Processor 3 APIC 0x3
2026-08-02T13:40:54.062264+06:30 chan-dell kernel: CPU3 is up
2026-08-02T13:40:54.062268+06:30 chan-dell kernel: ACPI: PM: Waking up from system sleep state S3
2026-08-02T13:40:54.062272+06:30 chan-dell kernel: pcieport 0000:00:1c.0: Intel SPT PCH root port ACS workaround enabled
2026-08-02T13:40:54.062278+06:30 chan-dell kernel: pcieport 0000:00:1c.2: Intel SPT PCH root port ACS workaround enabled
2026-08-02T13:40:54.062283+06:30 chan-dell kernel: ACPI: EC: interrupt unblocked
2026-08-02T13:40:54.062286+06:30 chan-dell kernel: xhci_hcd 0000:00:14.0: xHC error in resume, USBSTS 0x411, Reinit
2026-08-02T13:40:54.062290+06:30 chan-dell kernel: usb usb1: root hub lost power or was reset
2026-08-02T13:40:54.062295+06:30 chan-dell kernel: usb usb2: root hub lost power or was reset
2026-08-02T13:40:54.062301+06:30 chan-dell kernel: ACPI: EC: event unblocked
2026-08-02T13:40:54.062309+06:30 chan-dell kernel: usb 1-7: WARN: invalid context state for evaluate context command.
2026-08-02T13:40:54.062315+06:30 chan-dell kernel: ata3: SATA link up 6.0 Gbps (SStatus 133 SControl 300)
2026-08-02T13:40:54.062321+06:30 chan-dell kernel: ata3.00: ACPI cmd f5/00:00:00:00:00:00(SECURITY FREEZE LOCK) filtered out
2026-08-02T13:40:54.062328+06:30 chan-dell kernel: ata3.00: ACPI cmd b1/c1:00:00:00:00:00(DEVICE CONFIGURATION OVERLAY) filtered out
2026-08-02T13:40:54.062334+06:30 chan-dell kernel: sd 2:0:0:0: [sda] Starting disk
2026-08-02T13:40:54.062340+06:30 chan-dell kernel: ata3.00: ACPI cmd f5/00:00:00:00:00:00(SECURITY FREEZE LOCK) filtered out
2026-08-02T13:40:54.062349+06:30 chan-dell kernel: ata3.00: ACPI cmd b1/c1:00:00:00:00:00(DEVICE CONFIGURATION OVERLAY) filtered out
2026-08-02T13:40:54.062355+06:30 chan-dell kernel: ata3.00: configured for UDMA/133
2026-08-02T13:40:54.062361+06:30 chan-dell kernel: ata3.00: Enabling discard_zeroes_data
2026-08-02T13:40:54.062367+06:30 chan-dell kernel: usb 1-7: reset full-speed USB device number 3 using xhci_hcd
2026-08-02T13:40:54.062624+06:30 chan-dell kernel: usb 1-5: reset high-speed USB device number 2 using xhci_hcd
2026-08-02T13:40:54.062639+06:30 chan-dell kernel: mei_hdcp 0000:00:16.0-b638ab7e-94e2-4ea2-a552-d1c54b627f04: bound 0000:00:02.0 (ops i915_hdcp_ops [i915])
2026-08-02T13:40:54.062662+06:30 chan-dell kernel: OOM killer enabled.
2026-08-02T13:40:54.062669+06:30 chan-dell kernel: Restarting tasks: Starting
2026-08-02T13:40:54.062675+06:30 chan-dell kernel: Bluetooth: hci0: Bootloader revision 0.0 build 26 week 38 2015
2026-08-02T13:40:54.062692+06:30 chan-dell kernel: Bluetooth: hci0: Device revision is 16
2026-08-02T13:40:54.062700+06:30 chan-dell kernel: Bluetooth: hci0: Secure boot is enabled
2026-08-02T13:40:54.062707+06:30 chan-dell kernel: Bluetooth: hci0: OTP lock is enabled
2026-08-02T13:40:54.062714+06:30 chan-dell kernel: Bluetooth: hci0: API lock is enabled
2026-08-02T13:40:54.062721+06:30 chan-dell kernel: Bluetooth: hci0: Debug lock is disabled
2026-08-02T13:40:54.062728+06:30 chan-dell kernel: Bluetooth: hci0: Minimum firmware build 1 week 10 2014
2026-08-02T13:40:54.064232+06:30 chan-dell kernel: Restarting tasks: Done
2026-08-02T13:40:54.064273+06:30 chan-dell kernel: efivarfs: resyncing variable state
2026-08-02T13:40:54.084062+06:30 chan-dell kernel: Bluetooth: hci0: Found device firmware: intel/ibt-12-16.sfi
2026-08-02T13:40:54.128070+06:30 chan-dell kernel: efivarfs: finished resyncing variable state
2026-08-02T13:40:54.128129+06:30 chan-dell kernel: random: crng reseeded on system resumption
2026-08-02T13:40:54.364115+06:30 chan-dell kernel: PM: suspend exit
2026-08-02T13:40:54.586328+06:30 chan-dell kernel: e1000e 0000:00:1f.6 enp0s31f6: NIC Link is Down
2026-08-02T13:40:55.924080+06:30 chan-dell kernel: Bluetooth: hci0: Waiting for firmware download to complete
2026-08-02T13:40:55.924137+06:30 chan-dell kernel: Bluetooth: hci0: Firmware loaded in 1796955 usecs
2026-08-02T13:40:55.925070+06:30 chan-dell kernel: Bluetooth: hci0: Waiting for device to boot
2026-08-02T13:40:55.938128+06:30 chan-dell kernel: Bluetooth: hci0: Device booted in 12730 usecs
2026-08-02T13:40:55.943100+06:30 chan-dell kernel: Bluetooth: hci0: Found Intel DDC parameters: intel/ibt-12-16.ddc
2026-08-02T13:40:55.947116+06:30 chan-dell kernel: Bluetooth: hci0: Applying Intel DDC parameters completed
2026-08-02T13:40:55.947193+06:30 chan-dell kernel: Bluetooth: hci0: Firmware revision 0.1 build 19 week 44 2021
2026-08-02T13:40:55.950127+06:30 chan-dell kernel: Bluetooth: hci0: Reading supported features failed (-16)
2026-08-02T13:40:55.950173+06:30 chan-dell kernel: Bluetooth: hci0: Error reading debug features
2026-08-02T13:40:55.950185+06:30 chan-dell kernel: Bluetooth: hci0: HCI LE Coded PHY feature bit is set, but its usage is not supported.
2026-08-02T13:40:56.001071+06:30 chan-dell kernel: Bluetooth: MGMT ver 1.23
2026-08-02T13:40:58.693025+06:30 chan-dell kernel: wlp2s0: authenticate with d0:96:fb:26:69:ff (local address=28:c6:3f:1a:a9:50)
2026-08-02T13:40:58.694196+06:30 chan-dell kernel: wlp2s0: send auth to d0:96:fb:26:69:ff (try 1/3)
2026-08-02T13:40:58.701018+06:30 chan-dell kernel: wlp2s0: authenticated
2026-08-02T13:40:58.701034+06:30 chan-dell kernel: wlp2s0: associating to AP d0:96:fb:26:69:ff with corrupt probe response
2026-08-02T13:40:58.702015+06:30 chan-dell kernel: wlp2s0: associate with d0:96:fb:26:69:ff (try 1/3)
2026-08-02T13:40:58.706178+06:30 chan-dell kernel: wlp2s0: RX AssocResp from d0:96:fb:26:69:ff (capab=0x411 status=0 aid=2)
2026-08-02T13:40:58.708024+06:30 chan-dell kernel: wlp2s0: associated
2026-08-02T13:41:03.813341+06:30 chan-dell kernel: audit: type=1400 audit(1785654663.811:281): apparmor="DENIED" operation="open" class="file" profile="/usr/bin/wsdd" name="/usr/share/coreutils/locales/uucore/en-US.ftl" pid=8745 comm="wsdd" requested_mask="r" denied_mask="r" fsuid=1000 ouid=0
2026-08-02T13:41:45.520055+06:30 chan-dell kernel: perf: interrupt took too long (2542 > 2500), lowering kernel.perf_event_max_sample_rate to 78000
2026-08-02T13:45:49.034052+06:30 chan-dell kernel: audit: type=1400 audit(1785654949.032:282): apparmor="STATUS" operation="profile_load" profile="unconfined" name="libvirt-26ce8aae-004d-4dee-9ea2-0831380cd87c" pid=10449 comm="apparmor_parser"
2026-08-02T13:45:49.034068+06:30 chan-dell kernel: audit: type=1400 audit(1785654949.032:283): apparmor="STATUS" operation="profile_load" profile="unconfined" name="libvirt-26ce8aae-004d-4dee-9ea2-0831380cd87c//passt" pid=10449 comm="apparmor_parser"
2026-08-02T13:45:49.147159+06:30 chan-dell kernel: audit: type=1400 audit(1785654949.145:284): apparmor="STATUS" operation="profile_replace" profile="unconfined" name="libvirt-26ce8aae-004d-4dee-9ea2-0831380cd87c" pid=10497 comm="apparmor_parser"
2026-08-02T13:45:49.151052+06:30 chan-dell kernel: audit: type=1400 audit(1785654949.149:285): apparmor="STATUS" operation="profile_replace" info="same as current profile, skipping" profile="unconfined" name="libvirt-26ce8aae-004d-4dee-9ea2-0831380cd87c//passt" pid=10497 comm="apparmor_parser"
2026-08-02T13:45:49.257140+06:30 chan-dell kernel: audit: type=1400 audit(1785654949.255:286): apparmor="STATUS" operation="profile_replace" profile="unconfined" name="libvirt-26ce8aae-004d-4dee-9ea2-0831380cd87c" pid=10506 comm="apparmor_parser"
2026-08-02T13:45:49.265059+06:30 chan-dell kernel: audit: type=1400 audit(1785654949.263:287): apparmor="STATUS" operation="profile_replace" info="same as current profile, skipping" profile="unconfined" name="libvirt-26ce8aae-004d-4dee-9ea2-0831380cd87c//passt" pid=10506 comm="apparmor_parser"
2026-08-02T13:45:49.374043+06:30 chan-dell kernel: audit: type=1400 audit(1785654949.372:288): apparmor="STATUS" operation="profile_replace" info="same as current profile, skipping" profile="unconfined" name="libvirt-26ce8aae-004d-4dee-9ea2-0831380cd87c" pid=10510 comm="apparmor_parser"
2026-08-02T13:45:49.375014+06:30 chan-dell kernel: audit: type=1400 audit(1785654949.373:289): apparmor="STATUS" operation="profile_replace" info="same as current profile, skipping" profile="unconfined" name="libvirt-26ce8aae-004d-4dee-9ea2-0831380cd87c//passt" pid=10510 comm="apparmor_parser"
2026-08-02T13:45:49.393030+06:30 chan-dell kernel: virbr0: port 1(vnet0) entered blocking state
2026-08-02T13:45:49.393052+06:30 chan-dell kernel: virbr0: port 1(vnet0) entered disabled state
2026-08-02T13:45:49.393055+06:30 chan-dell kernel: vnet0: entered allmulticast mode
2026-08-02T13:45:49.393058+06:30 chan-dell kernel: vnet0: entered promiscuous mode
2026-08-02T13:45:49.393059+06:30 chan-dell kernel: virbr0: port 1(vnet0) entered blocking state
2026-08-02T13:45:49.393060+06:30 chan-dell kernel: virbr0: port 1(vnet0) entered listening state
2026-08-02T13:45:49.521148+06:30 chan-dell kernel: audit: type=1400 audit(1785654949.519:290): apparmor="STATUS" operation="profile_replace" profile="unconfined" name="libvirt-26ce8aae-004d-4dee-9ea2-0831380cd87c" pid=10520 comm="apparmor_parser"
2026-08-02T13:45:49.530048+06:30 chan-dell kernel: audit: type=1400 audit(1785654949.528:291): apparmor="STATUS" operation="profile_replace" info="same as current profile, skipping" profile="unconfined" name="libvirt-26ce8aae-004d-4dee-9ea2-0831380cd87c//passt" pid=10520 comm="apparmor_parser"
2026-08-02T13:45:51.429059+06:30 chan-dell kernel: virbr0: port 1(vnet0) entered learning state
2026-08-02T13:45:53.477235+06:30 chan-dell kernel: virbr0: port 1(vnet0) entered forwarding state
2026-08-02T13:45:53.477250+06:30 chan-dell kernel: virbr0: topology change detected, propagating
2026-08-02T13:50:15.447040+06:30 chan-dell kernel: virbr0: port 1(vnet0) entered disabled state
2026-08-02T13:50:15.449307+06:30 chan-dell kernel: vnet0 (unregistering): left allmulticast mode
2026-08-02T13:50:15.449331+06:30 chan-dell kernel: vnet0 (unregistering): left promiscuous mode
2026-08-02T13:50:15.449334+06:30 chan-dell kernel: virbr0: port 1(vnet0) entered disabled state
2026-08-02T13:50:15.834019+06:30 chan-dell kernel: kauditd_printk_skb: 2 callbacks suppressed
2026-08-02T13:50:15.834038+06:30 chan-dell kernel: audit: type=1400 audit(1785655215.832:294): apparmor="STATUS" operation="profile_remove" profile="unconfined" name="libvirt-26ce8aae-004d-4dee-9ea2-0831380cd87c" pid=11570 comm="apparmor_parser"
2026-08-02T13:59:32.997606+06:30 chan-dell kernel: audit: type=1400 audit(1785655772.996:295): apparmor="STATUS" operation="profile_load" profile="unconfined" name="libvirt-002d1989-e06e-48d9-bb80-8b0bec9412d4" pid=14058 comm="apparmor_parser"
2026-08-02T13:59:32.998603+06:30 chan-dell kernel: audit: type=1400 audit(1785655772.997:296): apparmor="STATUS" operation="profile_load" profile="unconfined" name="libvirt-002d1989-e06e-48d9-bb80-8b0bec9412d4//passt" pid=14058 comm="apparmor_parser"
2026-08-02T13:59:33.155603+06:30 chan-dell kernel: audit: type=1400 audit(1785655773.154:297): apparmor="STATUS" operation="profile_replace" profile="unconfined" name="libvirt-002d1989-e06e-48d9-bb80-8b0bec9412d4" pid=14089 comm="apparmor_parser"
2026-08-02T13:59:33.157601+06:30 chan-dell kernel: audit: type=1400 audit(1785655773.156:298): apparmor="STATUS" operation="profile_replace" info="same as current profile, skipping" profile="unconfined" name="libvirt-002d1989-e06e-48d9-bb80-8b0bec9412d4//passt" pid=14089 comm="apparmor_parser"
2026-08-02T13:59:33.273726+06:30 chan-dell kernel: audit: type=1400 audit(1785655773.272:299): apparmor="STATUS" operation="profile_replace" profile="unconfined" name="libvirt-002d1989-e06e-48d9-bb80-8b0bec9412d4" pid=14208 comm="apparmor_parser"
2026-08-02T13:59:33.280606+06:30 chan-dell kernel: audit: type=1400 audit(1785655773.279:300): apparmor="STATUS" operation="profile_replace" info="same as current profile, skipping" profile="unconfined" name="libvirt-002d1989-e06e-48d9-bb80-8b0bec9412d4//passt" pid=14208 comm="apparmor_parser"
2026-08-02T13:59:33.417635+06:30 chan-dell kernel: audit: type=1400 audit(1785655773.416:301): apparmor="STATUS" operation="profile_replace" info="same as current profile, skipping" profile="unconfined" name="libvirt-002d1989-e06e-48d9-bb80-8b0bec9412d4" pid=14221 comm="apparmor_parser"
2026-08-02T13:59:33.417654+06:30 chan-dell kernel: audit: type=1400 audit(1785655773.416:302): apparmor="STATUS" operation="profile_replace" info="same as current profile, skipping" profile="unconfined" name="libvirt-002d1989-e06e-48d9-bb80-8b0bec9412d4//passt" pid=14221 comm="apparmor_parser"
2026-08-02T13:59:33.439942+06:30 chan-dell kernel: virbr0: port 1(vnet1) entered blocking state
2026-08-02T13:59:33.439967+06:30 chan-dell kernel: virbr0: port 1(vnet1) entered disabled state
2026-08-02T13:59:33.439971+06:30 chan-dell kernel: vnet1: entered allmulticast mode
2026-08-02T13:59:33.439972+06:30 chan-dell kernel: vnet1: entered promiscuous mode
2026-08-02T13:59:33.439974+06:30 chan-dell kernel: virbr0: port 1(vnet1) entered blocking state
2026-08-02T13:59:33.439975+06:30 chan-dell kernel: virbr0: port 1(vnet1) entered listening state
2026-08-02T13:59:33.606724+06:30 chan-dell kernel: audit: type=1400 audit(1785655773.605:303): apparmor="STATUS" operation="profile_replace" profile="unconfined" name="libvirt-002d1989-e06e-48d9-bb80-8b0bec9412d4" pid=14233 comm="apparmor_parser"
2026-08-02T13:59:33.610600+06:30 chan-dell kernel: audit: type=1400 audit(1785655773.609:304): apparmor="STATUS" operation="profile_replace" info="same as current profile, skipping" profile="unconfined" name="libvirt-002d1989-e06e-48d9-bb80-8b0bec9412d4//passt" pid=14233 comm="apparmor_parser"
2026-08-02T13:59:35.482604+06:30 chan-dell kernel: virbr0: port 1(vnet1) entered learning state
2026-08-02T13:59:37.530958+06:30 chan-dell kernel: virbr0: port 1(vnet1) entered forwarding state
2026-08-02T13:59:37.530976+06:30 chan-dell kernel: virbr0: topology change detected, propagating
2026-08-02T14:01:12.682277+06:30 chan-dell kernel: virbr0: port 1(vnet1) entered disabled state
2026-08-02T14:01:12.682423+06:30 chan-dell kernel: vnet1 (unregistering): left allmulticast mode
2026-08-02T14:01:12.682443+06:30 chan-dell kernel: vnet1 (unregistering): left promiscuous mode
2026-08-02T14:01:12.682452+06:30 chan-dell kernel: virbr0: port 1(vnet1) entered disabled state
2026-08-02T14:01:13.014615+06:30 chan-dell kernel: kauditd_printk_skb: 2 callbacks suppressed
2026-08-02T14:01:13.014631+06:30 chan-dell kernel: audit: type=1400 audit(1785655873.013:307): apparmor="STATUS" operation="profile_remove" profile="unconfined" name="libvirt-002d1989-e06e-48d9-bb80-8b0bec9412d4" pid=14668 comm="apparmor_parser"
2026-08-02T14:06:29.253701+06:30 chan-dell kernel: workqueue: delayed_fput hogged CPU for >10000us 19 times, consider switching to WQ_UNBOUND
2026-08-02T14:08:40.720681+06:30 chan-dell kernel: audit: type=1400 audit(1785656320.718:308): apparmor="STATUS" operation="profile_load" profile="unconfined" name="libvirt-61384d40-4541-443f-8ba3-2dccbd7838c1" pid=17113 comm="apparmor_parser"
2026-08-02T14:08:40.720708+06:30 chan-dell kernel: audit: type=1400 audit(1785656320.718:309): apparmor="STATUS" operation="profile_load" profile="unconfined" name="libvirt-61384d40-4541-443f-8ba3-2dccbd7838c1//passt" pid=17113 comm="apparmor_parser"
2026-08-02T14:08:40.868612+06:30 chan-dell kernel: audit: type=1400 audit(1785656320.867:310): apparmor="STATUS" operation="profile_replace" profile="unconfined" name="libvirt-61384d40-4541-443f-8ba3-2dccbd7838c1" pid=17133 comm="apparmor_parser"
2026-08-02T14:08:40.873612+06:30 chan-dell kernel: audit: type=1400 audit(1785656320.872:311): apparmor="STATUS" operation="profile_replace" info="same as current profile, skipping" profile="unconfined" name="libvirt-61384d40-4541-443f-8ba3-2dccbd7838c1//passt" pid=17133 comm="apparmor_parser"
2026-08-02T14:08:40.998605+06:30 chan-dell kernel: audit: type=1400 audit(1785656320.997:312): apparmor="STATUS" operation="profile_replace" profile="unconfined" name="libvirt-61384d40-4541-443f-8ba3-2dccbd7838c1" pid=17257 comm="apparmor_parser"
2026-08-02T14:08:41.002635+06:30 chan-dell kernel: audit: type=1400 audit(1785656321.001:313): apparmor="STATUS" operation="profile_replace" info="same as current profile, skipping" profile="unconfined" name="libvirt-61384d40-4541-443f-8ba3-2dccbd7838c1//passt" pid=17257 comm="apparmor_parser"
2026-08-02T14:08:41.125644+06:30 chan-dell kernel: audit: type=1400 audit(1785656321.124:314): apparmor="STATUS" operation="profile_replace" info="same as current profile, skipping" profile="unconfined" name="libvirt-61384d40-4541-443f-8ba3-2dccbd7838c1" pid=17276 comm="apparmor_parser"
2026-08-02T14:08:41.126632+06:30 chan-dell kernel: audit: type=1400 audit(1785656321.125:315): apparmor="STATUS" operation="profile_replace" info="same as current profile, skipping" profile="unconfined" name="libvirt-61384d40-4541-443f-8ba3-2dccbd7838c1//passt" pid=17276 comm="apparmor_parser"
2026-08-02T14:08:41.140779+06:30 chan-dell kernel: virbr0: port 1(vnet2) entered blocking state
2026-08-02T14:08:41.140800+06:30 chan-dell kernel: virbr0: port 1(vnet2) entered disabled state
2026-08-02T14:08:41.140803+06:30 chan-dell kernel: vnet2: entered allmulticast mode
2026-08-02T14:08:41.140804+06:30 chan-dell kernel: vnet2: entered promiscuous mode
2026-08-02T14:08:41.140805+06:30 chan-dell kernel: virbr0: port 1(vnet2) entered blocking state
2026-08-02T14:08:41.140806+06:30 chan-dell kernel: virbr0: port 1(vnet2) entered listening state
2026-08-02T14:08:41.281635+06:30 chan-dell kernel: audit: type=1400 audit(1785656321.280:316): apparmor="STATUS" operation="profile_replace" profile="unconfined" name="libvirt-61384d40-4541-443f-8ba3-2dccbd7838c1" pid=17287 comm="apparmor_parser"
2026-08-02T14:08:41.285601+06:30 chan-dell kernel: audit: type=1400 audit(1785656321.284:317): apparmor="STATUS" operation="profile_replace" info="same as current profile, skipping" profile="unconfined" name="libvirt-61384d40-4541-443f-8ba3-2dccbd7838c1//passt" pid=17287 comm="apparmor_parser"
2026-08-02T14:08:43.194684+06:30 chan-dell kernel: virbr0: port 1(vnet2) entered learning state
2026-08-02T14:08:45.242604+06:30 chan-dell kernel: virbr0: port 1(vnet2) entered forwarding state
2026-08-02T14:08:45.242609+06:30 chan-dell kernel: virbr0: topology change detected, propagating
2026-08-02T14:12:23.683815+06:30 chan-dell kernel: virbr0: port 1(vnet2) entered disabled state
2026-08-02T14:12:23.684936+06:30 chan-dell kernel: vnet2 (unregistering): left allmulticast mode
2026-08-02T14:12:23.684953+06:30 chan-dell kernel: vnet2 (unregistering): left promiscuous mode
2026-08-02T14:12:23.684956+06:30 chan-dell kernel: virbr0: port 1(vnet2) entered disabled state
2026-08-02T14:12:24.107610+06:30 chan-dell kernel: kauditd_printk_skb: 2 callbacks suppressed
2026-08-02T14:12:24.107634+06:30 chan-dell kernel: audit: type=1400 audit(1785656544.106:320): apparmor="STATUS" operation="profile_remove" profile="unconfined" name="libvirt-61384d40-4541-443f-8ba3-2dccbd7838c1" pid=18919 comm="apparmor_parser"
2026-08-02T14:16:53.901610+06:30 chan-dell kernel: audit: type=1400 audit(1785656813.899:321): apparmor="STATUS" operation="profile_load" profile="unconfined" name="libvirt-2d5681c7-f389-4d63-a419-959a80a700f2" pid=20743 comm="apparmor_parser"
2026-08-02T14:16:53.902602+06:30 chan-dell kernel: audit: type=1400 audit(1785656813.900:322): apparmor="STATUS" operation="profile_load" profile="unconfined" name="libvirt-2d5681c7-f389-4d63-a419-959a80a700f2//passt" pid=20743 comm="apparmor_parser"
2026-08-02T14:16:54.050605+06:30 chan-dell kernel: audit: type=1400 audit(1785656814.048:323): apparmor="STATUS" operation="profile_replace" profile="unconfined" name="libvirt-2d5681c7-f389-4d63-a419-959a80a700f2" pid=20783 comm="apparmor_parser"
2026-08-02T14:16:54.054610+06:30 chan-dell kernel: audit: type=1400 audit(1785656814.052:324): apparmor="STATUS" operation="profile_replace" info="same as current profile, skipping" profile="unconfined" name="libvirt-2d5681c7-f389-4d63-a419-959a80a700f2//passt" pid=20783 comm="apparmor_parser"
2026-08-02T14:16:54.185602+06:30 chan-dell kernel: audit: type=1400 audit(1785656814.183:325): apparmor="STATUS" operation="profile_replace" profile="unconfined" name="libvirt-2d5681c7-f389-4d63-a419-959a80a700f2" pid=20886 comm="apparmor_parser"
2026-08-02T14:16:54.187634+06:30 chan-dell kernel: audit: type=1400 audit(1785656814.185:326): apparmor="STATUS" operation="profile_replace" info="same as current profile, skipping" profile="unconfined" name="libvirt-2d5681c7-f389-4d63-a419-959a80a700f2//passt" pid=20886 comm="apparmor_parser"
2026-08-02T14:16:54.336605+06:30 chan-dell kernel: audit: type=1400 audit(1785656814.334:327): apparmor="STATUS" operation="profile_replace" info="same as current profile, skipping" profile="unconfined" name="libvirt-2d5681c7-f389-4d63-a419-959a80a700f2" pid=20915 comm="apparmor_parser"
2026-08-02T14:16:54.336630+06:30 chan-dell kernel: audit: type=1400 audit(1785656814.334:328): apparmor="STATUS" operation="profile_replace" info="same as current profile, skipping" profile="unconfined" name="libvirt-2d5681c7-f389-4d63-a419-959a80a700f2//passt" pid=20915 comm="apparmor_parser"
2026-08-02T14:16:54.351617+06:30 chan-dell kernel: virbr0: port 1(vnet3) entered blocking state
2026-08-02T14:16:54.351635+06:30 chan-dell kernel: virbr0: port 1(vnet3) entered disabled state
2026-08-02T14:16:54.351638+06:30 chan-dell kernel: vnet3: entered allmulticast mode
2026-08-02T14:16:54.351640+06:30 chan-dell kernel: vnet3: entered promiscuous mode
2026-08-02T14:16:54.351642+06:30 chan-dell kernel: virbr0: port 1(vnet3) entered blocking state
2026-08-02T14:16:54.351644+06:30 chan-dell kernel: virbr0: port 1(vnet3) entered listening state
2026-08-02T14:16:54.492606+06:30 chan-dell kernel: audit: type=1400 audit(1785656814.490:329): apparmor="STATUS" operation="profile_replace" profile="unconfined" name="libvirt-2d5681c7-f389-4d63-a419-959a80a700f2" pid=20926 comm="apparmor_parser"
2026-08-02T14:16:54.498638+06:30 chan-dell kernel: audit: type=1400 audit(1785656814.496:330): apparmor="STATUS" operation="profile_replace" info="same as current profile, skipping" profile="unconfined" name="libvirt-2d5681c7-f389-4d63-a419-959a80a700f2//passt" pid=20926 comm="apparmor_parser"
2026-08-02T14:16:56.378660+06:30 chan-dell kernel: virbr0: port 1(vnet3) entered learning state
2026-08-02T14:16:58.426606+06:30 chan-dell kernel: virbr0: port 1(vnet3) entered forwarding state
2026-08-02T14:16:58.426622+06:30 chan-dell kernel: virbr0: topology change detected, propagating
2026-08-02T14:20:21.673611+06:30 chan-dell kernel: virbr0: port 1(vnet3) entered disabled state
2026-08-02T14:20:21.676683+06:30 chan-dell kernel: vnet3 (unregistering): left allmulticast mode
2026-08-02T14:20:21.676689+06:30 chan-dell kernel: vnet3 (unregistering): left promiscuous mode
2026-08-02T14:20:21.676691+06:30 chan-dell kernel: virbr0: port 1(vnet3) entered disabled state
2026-08-02T14:20:22.047604+06:30 chan-dell kernel: kauditd_printk_skb: 2 callbacks suppressed
2026-08-02T14:20:22.047621+06:30 chan-dell kernel: audit: type=1400 audit(1785657022.046:333): apparmor="STATUS" operation="profile_remove" profile="unconfined" name="libvirt-2d5681c7-f389-4d63-a419-959a80a700f2" pid=23245 comm="apparmor_parser"
2026-08-02T14:21:02.586664+06:30 chan-dell kernel: perf: interrupt took too long (3181 > 3177), lowering kernel.perf_event_max_sample_rate to 62000
2026-08-02T14:27:44.266698+06:30 chan-dell kernel: workqueue: delayed_fput hogged CPU for >10000us 35 times, consider switching to WQ_UNBOUND
2026-08-02T14:34:29.439602+06:30 chan-dell kernel: audit: type=1400 audit(1785657869.438:334): apparmor="STATUS" operation="profile_load" profile="unconfined" name="libvirt-0ce567eb-7dab-48a3-b1ab-c3b5373a17c6" pid=27709 comm="apparmor_parser"
2026-08-02T14:34:29.440637+06:30 chan-dell kernel: audit: type=1400 audit(1785657869.439:335): apparmor="STATUS" operation="profile_load" profile="unconfined" name="libvirt-0ce567eb-7dab-48a3-b1ab-c3b5373a17c6//passt" pid=27709 comm="apparmor_parser"
2026-08-02T14:34:29.557622+06:30 chan-dell kernel: audit: type=1400 audit(1785657869.556:336): apparmor="STATUS" operation="profile_replace" profile="unconfined" name="libvirt-0ce567eb-7dab-48a3-b1ab-c3b5373a17c6" pid=27712 comm="apparmor_parser"
2026-08-02T14:34:29.563603+06:30 chan-dell kernel: audit: type=1400 audit(1785657869.562:337): apparmor="STATUS" operation="profile_replace" info="same as current profile, skipping" profile="unconfined" name="libvirt-0ce567eb-7dab-48a3-b1ab-c3b5373a17c6//passt" pid=27712 comm="apparmor_parser"
2026-08-02T14:34:29.681609+06:30 chan-dell kernel: audit: type=1400 audit(1785657869.680:338): apparmor="STATUS" operation="profile_replace" profile="unconfined" name="libvirt-0ce567eb-7dab-48a3-b1ab-c3b5373a17c6" pid=27716 comm="apparmor_parser"
2026-08-02T14:34:29.685628+06:30 chan-dell kernel: audit: type=1400 audit(1785657869.684:339): apparmor="STATUS" operation="profile_replace" info="same as current profile, skipping" profile="unconfined" name="libvirt-0ce567eb-7dab-48a3-b1ab-c3b5373a17c6//passt" pid=27716 comm="apparmor_parser"
2026-08-02T14:34:29.814605+06:30 chan-dell kernel: audit: type=1400 audit(1785657869.813:340): apparmor="STATUS" operation="profile_replace" info="same as current profile, skipping" profile="unconfined" name="libvirt-0ce567eb-7dab-48a3-b1ab-c3b5373a17c6" pid=27720 comm="apparmor_parser"
2026-08-02T14:34:29.815605+06:30 chan-dell kernel: audit: type=1400 audit(1785657869.814:341): apparmor="STATUS" operation="profile_replace" info="same as current profile, skipping" profile="unconfined" name="libvirt-0ce567eb-7dab-48a3-b1ab-c3b5373a17c6//passt" pid=27720 comm="apparmor_parser"
2026-08-02T14:34:29.836605+06:30 chan-dell kernel: virbr0: port 1(vnet4) entered blocking state
2026-08-02T14:34:29.836625+06:30 chan-dell kernel: virbr0: port 1(vnet4) entered disabled state
2026-08-02T14:34:29.836628+06:30 chan-dell kernel: vnet4: entered allmulticast mode
2026-08-02T14:34:29.837646+06:30 chan-dell kernel: vnet4: entered promiscuous mode
2026-08-02T14:34:29.839982+06:30 chan-dell kernel: virbr0: port 1(vnet4) entered blocking state
2026-08-02T14:34:29.839990+06:30 chan-dell kernel: virbr0: port 1(vnet4) entered listening state
2026-08-02T14:34:29.977621+06:30 chan-dell kernel: audit: type=1400 audit(1785657869.976:342): apparmor="STATUS" operation="profile_replace" profile="unconfined" name="libvirt-0ce567eb-7dab-48a3-b1ab-c3b5373a17c6" pid=27734 comm="apparmor_parser"
2026-08-02T14:34:29.981612+06:30 chan-dell kernel: audit: type=1400 audit(1785657869.980:343): apparmor="STATUS" operation="profile_replace" info="same as current profile, skipping" profile="unconfined" name="libvirt-0ce567eb-7dab-48a3-b1ab-c3b5373a17c6//passt" pid=27734 comm="apparmor_parser"
2026-08-02T14:34:31.866611+06:30 chan-dell kernel: virbr0: port 1(vnet4) entered learning state
2026-08-02T14:34:33.914625+06:30 chan-dell kernel: virbr0: port 1(vnet4) entered forwarding state
2026-08-02T14:34:33.914644+06:30 chan-dell kernel: virbr0: topology change detected, propagating
2026-08-02T14:55:52.293891+06:30 chan-dell kernel: perf: interrupt took too long (3993 > 3976), lowering kernel.perf_event_max_sample_rate to 50000
2026-08-02T15:09:32.137900+06:30 chan-dell kernel: virbr0: port 1(vnet4) entered disabled state
2026-08-02T15:09:32.137919+06:30 chan-dell kernel: vnet4 (unregistering): left allmulticast mode
2026-08-02T15:09:32.137922+06:30 chan-dell kernel: vnet4 (unregistering): left promiscuous mode
2026-08-02T15:09:32.137924+06:30 chan-dell kernel: virbr0: port 1(vnet4) entered disabled state
2026-08-02T15:09:32.494644+06:30 chan-dell kernel: kauditd_printk_skb: 2 callbacks suppressed
2026-08-02T15:09:32.494660+06:30 chan-dell kernel: audit: type=1400 audit(1785659972.492:346): apparmor="STATUS" operation="profile_remove" profile="unconfined" name="libvirt-0ce567eb-7dab-48a3-b1ab-c3b5373a17c6" pid=29019 comm="apparmor_parser"
2026-08-02T15:09:32.628638+06:30 chan-dell kernel: audit: type=1400 audit(1785659972.626:347): apparmor="STATUS" operation="profile_load" profile="unconfined" name="libvirt-0ce567eb-7dab-48a3-b1ab-c3b5373a17c6" pid=29028 comm="apparmor_parser"
2026-08-02T15:09:32.628655+06:30 chan-dell kernel: audit: type=1400 audit(1785659972.626:348): apparmor="STATUS" operation="profile_load" profile="unconfined" name="libvirt-0ce567eb-7dab-48a3-b1ab-c3b5373a17c6//passt" pid=29028 comm="apparmor_parser"
2026-08-02T15:09:32.739635+06:30 chan-dell kernel: audit: type=1400 audit(1785659972.737:349): apparmor="STATUS" operation="profile_replace" profile="unconfined" name="libvirt-0ce567eb-7dab-48a3-b1ab-c3b5373a17c6" pid=29031 comm="apparmor_parser"
2026-08-02T15:09:32.743611+06:30 chan-dell kernel: audit: type=1400 audit(1785659972.741:350): apparmor="STATUS" operation="profile_replace" info="same as current profile, skipping" profile="unconfined" name="libvirt-0ce567eb-7dab-48a3-b1ab-c3b5373a17c6//passt" pid=29031 comm="apparmor_parser"
2026-08-02T15:09:32.854722+06:30 chan-dell kernel: audit: type=1400 audit(1785659972.851:351): apparmor="STATUS" operation="profile_replace" profile="unconfined" name="libvirt-0ce567eb-7dab-48a3-b1ab-c3b5373a17c6" pid=29037 comm="apparmor_parser"
2026-08-02T15:09:32.857643+06:30 chan-dell kernel: audit: type=1400 audit(1785659972.855:352): apparmor="STATUS" operation="profile_replace" info="same as current profile, skipping" profile="unconfined" name="libvirt-0ce567eb-7dab-48a3-b1ab-c3b5373a17c6//passt" pid=29037 comm="apparmor_parser"
2026-08-02T15:09:32.957606+06:30 chan-dell kernel: audit: type=1400 audit(1785659972.955:353): apparmor="STATUS" operation="profile_replace" info="same as current profile, skipping" profile="unconfined" name="libvirt-0ce567eb-7dab-48a3-b1ab-c3b5373a17c6" pid=29045 comm="apparmor_parser"
2026-08-02T15:09:32.958598+06:30 chan-dell kernel: audit: type=1400 audit(1785659972.956:354): apparmor="STATUS" operation="profile_replace" info="same as current profile, skipping" profile="unconfined" name="libvirt-0ce567eb-7dab-48a3-b1ab-c3b5373a17c6//passt" pid=29045 comm="apparmor_parser"
2026-08-02T15:09:32.978518+06:30 chan-dell kernel: virbr0: port 1(vnet5) entered blocking state
2026-08-02T15:09:32.978539+06:30 chan-dell kernel: virbr0: port 1(vnet5) entered disabled state
2026-08-02T15:09:32.978542+06:30 chan-dell kernel: vnet5: entered allmulticast mode
2026-08-02T15:09:32.978544+06:30 chan-dell kernel: vnet5: entered promiscuous mode
2026-08-02T15:09:32.978546+06:30 chan-dell kernel: virbr0: port 1(vnet5) entered blocking state
2026-08-02T15:09:32.978547+06:30 chan-dell kernel: virbr0: port 1(vnet5) entered listening state
2026-08-02T15:09:33.092635+06:30 chan-dell kernel: audit: type=1400 audit(1785659973.090:355): apparmor="STATUS" operation="profile_replace" profile="unconfined" name="libvirt-0ce567eb-7dab-48a3-b1ab-c3b5373a17c6" pid=29069 comm="apparmor_parser"
2026-08-02T15:09:35.034611+06:30 chan-dell kernel: virbr0: port 1(vnet5) entered learning state
2026-08-02T15:09:37.082609+06:30 chan-dell kernel: virbr0: port 1(vnet5) entered forwarding state
2026-08-02T15:09:37.082634+06:30 chan-dell kernel: virbr0: topology change detected, propagating
2026-08-02T15:12:31.066643+06:30 chan-dell kernel: wlp2s0: authenticate with d0:96:fb:26:69:ff (local address=28:c6:3f:1a:a9:50)
2026-08-02T15:12:31.067632+06:30 chan-dell kernel: wlp2s0: send auth to d0:96:fb:26:69:ff (try 1/3)
2026-08-02T15:12:31.246644+06:30 chan-dell kernel: wlp2s0: send auth to d0:96:fb:26:69:ff (try 2/3)
2026-08-02T15:12:31.296720+06:30 chan-dell kernel: wlp2s0: send auth to d0:96:fb:26:69:ff (try 3/3)
2026-08-02T15:12:31.458629+06:30 chan-dell kernel: wlp2s0: authentication with d0:96:fb:26:69:ff timed out
2026-08-02T15:13:12.795610+06:30 chan-dell kernel: wlp2s0: authenticate with d0:96:fb:26:69:ff (local address=28:c6:3f:1a:a9:50)
2026-08-02T15:13:12.797920+06:30 chan-dell kernel: wlp2s0: send auth to d0:96:fb:26:69:ff (try 1/3)
2026-08-02T15:13:12.804608+06:30 chan-dell kernel: wlp2s0: authenticated
2026-08-02T15:13:12.804632+06:30 chan-dell kernel: wlp2s0: associating to AP d0:96:fb:26:69:ff with corrupt probe response
2026-08-02T15:13:12.805637+06:30 chan-dell kernel: wlp2s0: associate with d0:96:fb:26:69:ff (try 1/3)
2026-08-02T15:13:12.811618+06:30 chan-dell kernel: wlp2s0: RX AssocResp from d0:96:fb:26:69:ff (capab=0x411 status=0 aid=2)
2026-08-02T15:13:12.815614+06:30 chan-dell kernel: wlp2s0: associated
2026-08-02T15:13:16.422620+06:30 chan-dell kernel: wlp2s0: deauthenticating from d0:96:fb:26:69:ff by local choice (Reason: 3=DEAUTH_LEAVING)
2026-08-02T15:13:18.423684+06:30 chan-dell kernel: PM: suspend entry (deep)
2026-08-02T15:13:18.429240+06:30 chan-dell kernel: Filesystems sync: 0.005 seconds
2026-08-02T15:41:38.961079+06:30 chan-dell kernel: Freezing user space processes
2026-08-02T15:41:38.961367+06:30 chan-dell kernel: Freezing user space processes completed (elapsed 0.001 seconds)
2026-08-02T15:41:38.961383+06:30 chan-dell kernel: OOM killer disabled.
2026-08-02T15:41:38.961390+06:30 chan-dell kernel: Freezing remaining freezable tasks
2026-08-02T15:41:38.961397+06:30 chan-dell kernel: Freezing remaining freezable tasks completed (elapsed 0.001 seconds)
2026-08-02T15:41:38.961404+06:30 chan-dell kernel: printk: Suspending console(s) (use no_console_suspend to debug)
2026-08-02T15:41:38.961411+06:30 chan-dell kernel: e1000e: EEE TX LPI TIMER: 00000011
2026-08-02T15:41:38.961419+06:30 chan-dell kernel: sd 2:0:0:0: [sda] Synchronizing SCSI cache
2026-08-02T15:41:38.961425+06:30 chan-dell kernel: ata3.00: Entering standby power mode
2026-08-02T15:41:38.961432+06:30 chan-dell kernel: pcieport 0000:00:1c.0: Intel SPT PCH root port ACS workaround enabled
2026-08-02T15:41:38.961441+06:30 chan-dell kernel: ACPI: EC: interrupt blocked
2026-08-02T15:41:38.961448+06:30 chan-dell kernel: ACPI: PM: Preparing to enter system sleep state S3
2026-08-02T15:41:38.961458+06:30 chan-dell kernel: ACPI: EC: event blocked
2026-08-02T15:41:38.961465+06:30 chan-dell kernel: ACPI: EC: EC stopped
2026-08-02T15:41:38.961472+06:30 chan-dell kernel: ACPI: PM: Saving platform NVS memory
2026-08-02T15:41:38.961478+06:30 chan-dell kernel: Disabling non-boot CPUs ...
2026-08-02T15:41:38.961483+06:30 chan-dell kernel: smpboot: CPU 3 is now offline
2026-08-02T15:41:38.961487+06:30 chan-dell kernel: smpboot: CPU 2 is now offline
2026-08-02T15:41:38.961494+06:30 chan-dell kernel: smpboot: CPU 1 is now offline
2026-08-02T15:41:38.961499+06:30 chan-dell kernel: ACPI: PM: Low-level resume complete
2026-08-02T15:41:38.961503+06:30 chan-dell kernel: ACPI: EC: EC started
2026-08-02T15:41:38.961509+06:30 chan-dell kernel: ACPI: PM: Restoring platform NVS memory
2026-08-02T15:41:38.961514+06:30 chan-dell kernel: Enabling non-boot CPUs ...
2026-08-02T15:41:38.961517+06:30 chan-dell kernel: smpboot: Booting Node 0 Processor 1 APIC 0x2
2026-08-02T15:41:38.961521+06:30 chan-dell kernel: CPU1 is up
2026-08-02T15:41:38.961526+06:30 chan-dell kernel: smpboot: Booting Node 0 Processor 2 APIC 0x1
2026-08-02T15:41:38.961530+06:30 chan-dell kernel: CPU2 is up
2026-08-02T15:41:38.961534+06:30 chan-dell kernel: smpboot: Booting Node 0 Processor 3 APIC 0x3
2026-08-02T15:41:38.961539+06:30 chan-dell kernel: CPU3 is up
2026-08-02T15:41:38.961543+06:30 chan-dell kernel: ACPI: PM: Waking up from system sleep state S3
2026-08-02T15:41:38.961550+06:30 chan-dell kernel: pcieport 0000:00:1c.0: Intel SPT PCH root port ACS workaround enabled
2026-08-02T15:41:38.961555+06:30 chan-dell kernel: pcieport 0000:00:1c.2: Intel SPT PCH root port ACS workaround enabled
2026-08-02T15:41:38.961559+06:30 chan-dell kernel: ACPI: EC: interrupt unblocked
2026-08-02T15:41:38.961564+06:30 chan-dell kernel: DMAR: DRHD: handling fault status reg 2
2026-08-02T15:41:38.961569+06:30 chan-dell kernel: DMAR: [INTR-REMAP] Request device [f0:1f.0] fault index 0x2bc0 [fault reason 0x25] Blocked a compatibility format interrupt request
2026-08-02T15:41:38.961574+06:30 chan-dell kernel: xhci_hcd 0000:00:14.0: xHC error in resume, USBSTS 0x411, Reinit
2026-08-02T15:41:38.961579+06:30 chan-dell kernel: usb usb1: root hub lost power or was reset
2026-08-02T15:41:38.961584+06:30 chan-dell kernel: usb usb2: root hub lost power or was reset
2026-08-02T15:41:38.961591+06:30 chan-dell kernel: ACPI: EC: event unblocked
2026-08-02T15:41:38.961595+06:30 chan-dell kernel: usb 1-7: WARN: invalid context state for evaluate context command.
2026-08-02T15:41:38.961600+06:30 chan-dell kernel: usb 1-7: reset full-speed USB device number 3 using xhci_hcd
2026-08-02T15:41:38.961605+06:30 chan-dell kernel: ata3: SATA link up 6.0 Gbps (SStatus 133 SControl 300)
2026-08-02T15:41:38.961609+06:30 chan-dell kernel: ata3.00: ACPI cmd f5/00:00:00:00:00:00(SECURITY FREEZE LOCK) filtered out
2026-08-02T15:41:38.961614+06:30 chan-dell kernel: ata3.00: ACPI cmd b1/c1:00:00:00:00:00(DEVICE CONFIGURATION OVERLAY) filtered out
2026-08-02T15:41:38.961621+06:30 chan-dell kernel: sd 2:0:0:0: [sda] Starting disk
2026-08-02T15:41:38.961625+06:30 chan-dell kernel: ata3.00: ACPI cmd f5/00:00:00:00:00:00(SECURITY FREEZE LOCK) filtered out
2026-08-02T15:41:38.961630+06:30 chan-dell kernel: ata3.00: ACPI cmd b1/c1:00:00:00:00:00(DEVICE CONFIGURATION OVERLAY) filtered out
2026-08-02T15:41:38.961635+06:30 chan-dell kernel: ata3.00: configured for UDMA/133
2026-08-02T15:41:38.961639+06:30 chan-dell kernel: ata3.00: Enabling discard_zeroes_data
2026-08-02T15:41:38.961643+06:30 chan-dell kernel: usb 1-5: reset high-speed USB device number 2 using xhci_hcd
2026-08-02T15:41:38.961648+06:30 chan-dell kernel: Bluetooth: hci0: Bootloader revision 0.0 build 26 week 38 2015
2026-08-02T15:41:38.961679+06:30 chan-dell kernel: Bluetooth: hci0: Device revision is 16
2026-08-02T15:41:38.961690+06:30 chan-dell kernel: Bluetooth: hci0: Secure boot is enabled
2026-08-02T15:41:38.961698+06:30 chan-dell kernel: Bluetooth: hci0: OTP lock is enabled
2026-08-02T15:41:38.961702+06:30 chan-dell kernel: Bluetooth: hci0: API lock is enabled
2026-08-02T15:41:38.961709+06:30 chan-dell kernel: Bluetooth: hci0: Debug lock is disabled
2026-08-02T15:41:38.961715+06:30 chan-dell kernel: Bluetooth: hci0: Minimum firmware build 1 week 10 2014
2026-08-02T15:41:38.961721+06:30 chan-dell kernel: OOM killer enabled.
2026-08-02T15:41:38.961725+06:30 chan-dell kernel: Restarting tasks: Starting
2026-08-02T15:41:38.961730+06:30 chan-dell kernel: Bluetooth: hci0: Found device firmware: intel/ibt-12-16.sfi
2026-08-02T15:41:38.964360+06:30 chan-dell kernel: mei_hdcp 0000:00:16.0-b638ab7e-94e2-4ea2-a552-d1c54b627f04: bound 0000:00:02.0 (ops i915_hdcp_ops [i915])
2026-08-02T15:41:38.966763+06:30 chan-dell kernel: Restarting tasks: Done
2026-08-02T15:41:38.966790+06:30 chan-dell kernel: efivarfs: resyncing variable state
2026-08-02T15:41:39.028444+06:30 chan-dell kernel: efivarfs: finished resyncing variable state
2026-08-02T15:41:39.028495+06:30 chan-dell kernel: random: crng reseeded on system resumption
2026-08-02T15:41:39.267281+06:30 chan-dell kernel: PM: suspend exit
2026-08-02T15:41:39.687129+06:30 chan-dell kernel: e1000e 0000:00:1f.6 enp0s31f6: NIC Link is Down
2026-08-02T15:41:40.885759+06:30 chan-dell kernel: Bluetooth: hci0: Waiting for firmware download to complete
2026-08-02T15:41:40.885802+06:30 chan-dell kernel: Bluetooth: hci0: Firmware loaded in 1882279 usecs
2026-08-02T15:41:40.885810+06:30 chan-dell kernel: Bluetooth: hci0: Waiting for device to boot
2026-08-02T15:41:40.898780+06:30 chan-dell kernel: Bluetooth: hci0: Device booted in 12705 usecs
2026-08-02T15:41:40.898819+06:30 chan-dell kernel: Bluetooth: hci0: Found Intel DDC parameters: intel/ibt-12-16.ddc
2026-08-02T15:41:40.901756+06:30 chan-dell kernel: Bluetooth: hci0: Applying Intel DDC parameters completed
2026-08-02T15:41:40.902759+06:30 chan-dell kernel: Bluetooth: hci0: Firmware revision 0.1 build 19 week 44 2021
2026-08-02T15:41:40.904766+06:30 chan-dell kernel: Bluetooth: hci0: Reading supported features failed (-16)
2026-08-02T15:41:40.904792+06:30 chan-dell kernel: Bluetooth: hci0: Error reading debug features
2026-08-02T15:41:40.904800+06:30 chan-dell kernel: Bluetooth: hci0: HCI LE Coded PHY feature bit is set, but its usage is not supported.
2026-08-02T15:41:40.956758+06:30 chan-dell kernel: Bluetooth: MGMT ver 1.23
2026-08-02T15:41:43.665686+06:30 chan-dell kernel: wlp2s0: authenticate with d0:96:fb:26:69:ff (local address=28:c6:3f:1a:a9:50)
2026-08-02T15:41:43.667847+06:30 chan-dell kernel: wlp2s0: send auth to d0:96:fb:26:69:ff (try 1/3)
2026-08-02T15:41:43.674753+06:30 chan-dell kernel: wlp2s0: authenticated
2026-08-02T15:41:43.674769+06:30 chan-dell kernel: wlp2s0: associating to AP d0:96:fb:26:69:ff with corrupt probe response
2026-08-02T15:41:43.674771+06:30 chan-dell kernel: wlp2s0: associate with d0:96:fb:26:69:ff (try 1/3)
2026-08-02T15:41:43.679682+06:30 chan-dell kernel: wlp2s0: RX AssocResp from d0:96:fb:26:69:ff (capab=0x411 status=0 aid=7)
2026-08-02T15:41:43.682761+06:30 chan-dell kernel: wlp2s0: associated
2026-08-02T16:01:36.839500+06:30 chan-dell kernel: virbr0: port 1(vnet5) entered disabled state
2026-08-02T16:01:36.839552+06:30 chan-dell kernel: vnet5 (unregistering): left allmulticast mode
2026-08-02T16:01:36.839561+06:30 chan-dell kernel: vnet5 (unregistering): left promiscuous mode
2026-08-02T16:01:36.839570+06:30 chan-dell kernel: virbr0: port 1(vnet5) entered disabled state
2026-08-02T16:01:37.205681+06:30 chan-dell kernel: kauditd_printk_skb: 3 callbacks suppressed
2026-08-02T16:01:37.205699+06:30 chan-dell kernel: audit: type=1400 audit(1785663097.204:359): apparmor="STATUS" operation="profile_remove" profile="unconfined" name="libvirt-0ce567eb-7dab-48a3-b1ab-c3b5373a17c6" pid=31112 comm="apparmor_parser"
2026-08-02T16:16:29.231827+06:30 chan-dell kernel: audit: type=1400 audit(1785663989.230:360): apparmor="STATUS" operation="profile_load" profile="unconfined" name="libvirt-e43c334a-3ebc-42fc-8f74-fbe7ee806599" pid=35251 comm="apparmor_parser"
2026-08-02T16:16:29.232925+06:30 chan-dell kernel: audit: type=1400 audit(1785663989.231:361): apparmor="STATUS" operation="profile_load" profile="unconfined" name="libvirt-e43c334a-3ebc-42fc-8f74-fbe7ee806599//passt" pid=35251 comm="apparmor_parser"
2026-08-02T16:16:29.323978+06:30 chan-dell kernel: audit: type=1400 audit(1785663989.322:362): apparmor="STATUS" operation="profile_replace" profile="unconfined" name="libvirt-e43c334a-3ebc-42fc-8f74-fbe7ee806599" pid=35254 comm="apparmor_parser"
2026-08-02T16:16:29.328817+06:30 chan-dell kernel: audit: type=1400 audit(1785663989.327:363): apparmor="STATUS" operation="profile_replace" info="same as current profile, skipping" profile="unconfined" name="libvirt-e43c334a-3ebc-42fc-8f74-fbe7ee806599//passt" pid=35254 comm="apparmor_parser"
2026-08-02T16:16:29.421983+06:30 chan-dell kernel: audit: type=1400 audit(1785663989.420:364): apparmor="STATUS" operation="profile_replace" profile="unconfined" name="libvirt-e43c334a-3ebc-42fc-8f74-fbe7ee806599" pid=35258 comm="apparmor_parser"
2026-08-02T16:16:29.427818+06:30 chan-dell kernel: audit: type=1400 audit(1785663989.426:365): apparmor="STATUS" operation="profile_replace" info="same as current profile, skipping" profile="unconfined" name="libvirt-e43c334a-3ebc-42fc-8f74-fbe7ee806599//passt" pid=35258 comm="apparmor_parser"
2026-08-02T16:16:29.522845+06:30 chan-dell kernel: audit: type=1400 audit(1785663989.521:366): apparmor="STATUS" operation="profile_replace" info="same as current profile, skipping" profile="unconfined" name="libvirt-e43c334a-3ebc-42fc-8f74-fbe7ee806599" pid=35262 comm="apparmor_parser"
2026-08-02T16:16:29.523815+06:30 chan-dell kernel: audit: type=1400 audit(1785663989.522:367): apparmor="STATUS" operation="profile_replace" info="same as current profile, skipping" profile="unconfined" name="libvirt-e43c334a-3ebc-42fc-8f74-fbe7ee806599//passt" pid=35262 comm="apparmor_parser"
2026-08-02T16:16:29.536065+06:30 chan-dell kernel: virbr0: port 1(vnet6) entered blocking state
2026-08-02T16:16:29.536084+06:30 chan-dell kernel: virbr0: port 1(vnet6) entered disabled state
2026-08-02T16:16:29.536086+06:30 chan-dell kernel: vnet6: entered allmulticast mode
2026-08-02T16:16:29.536087+06:30 chan-dell kernel: vnet6: entered promiscuous mode
2026-08-02T16:16:29.536089+06:30 chan-dell kernel: virbr0: port 1(vnet6) entered blocking state
2026-08-02T16:16:29.536090+06:30 chan-dell kernel: virbr0: port 1(vnet6) entered listening state
2026-08-02T16:16:29.650818+06:30 chan-dell kernel: audit: type=1400 audit(1785663989.649:368): apparmor="STATUS" operation="profile_replace" profile="unconfined" name="libvirt-e43c334a-3ebc-42fc-8f74-fbe7ee806599" pid=35273 comm="apparmor_parser"
2026-08-02T16:16:29.654858+06:30 chan-dell kernel: audit: type=1400 audit(1785663989.653:369): apparmor="STATUS" operation="profile_replace" info="same as current profile, skipping" profile="unconfined" name="libvirt-e43c334a-3ebc-42fc-8f74-fbe7ee806599//passt" pid=35273 comm="apparmor_parser"
2026-08-02T16:16:31.584941+06:30 chan-dell kernel: virbr0: port 1(vnet6) entered learning state
2026-08-02T16:16:33.632899+06:30 chan-dell kernel: virbr0: port 1(vnet6) entered forwarding state
2026-08-02T16:16:33.632933+06:30 chan-dell kernel: virbr0: topology change detected, propagating
2026-08-02T16:40:39.698828+06:30 chan-dell kernel: virbr0: port 1(vnet6) entered disabled state
2026-08-02T16:40:39.699881+06:30 chan-dell kernel: vnet6 (unregistering): left allmulticast mode
2026-08-02T16:40:39.699891+06:30 chan-dell kernel: vnet6 (unregistering): left promiscuous mode
2026-08-02T16:40:39.699892+06:30 chan-dell kernel: virbr0: port 1(vnet6) entered disabled state
2026-08-02T16:40:40.062856+06:30 chan-dell kernel: kauditd_printk_skb: 2 callbacks suppressed
2026-08-02T16:40:40.062876+06:30 chan-dell kernel: audit: type=1400 audit(1785665440.060:372): apparmor="STATUS" operation="profile_remove" profile="unconfined" name="libvirt-e43c334a-3ebc-42fc-8f74-fbe7ee806599" pid=36517 comm="apparmor_parser"
2026-08-02T16:40:40.189860+06:30 chan-dell kernel: audit: type=1400 audit(1785665440.187:373): apparmor="STATUS" operation="profile_load" profile="unconfined" name="libvirt-e43c334a-3ebc-42fc-8f74-fbe7ee806599" pid=36524 comm="apparmor_parser"
2026-08-02T16:40:40.189883+06:30 chan-dell kernel: audit: type=1400 audit(1785665440.187:374): apparmor="STATUS" operation="profile_load" profile="unconfined" name="libvirt-e43c334a-3ebc-42fc-8f74-fbe7ee806599//passt" pid=36524 comm="apparmor_parser"
2026-08-02T16:40:40.294826+06:30 chan-dell kernel: audit: type=1400 audit(1785665440.292:375): apparmor="STATUS" operation="profile_replace" profile="unconfined" name="libvirt-e43c334a-3ebc-42fc-8f74-fbe7ee806599" pid=36527 comm="apparmor_parser"
2026-08-02T16:40:40.299833+06:30 chan-dell kernel: audit: type=1400 audit(1785665440.298:376): apparmor="STATUS" operation="profile_replace" info="same as current profile, skipping" profile="unconfined" name="libvirt-e43c334a-3ebc-42fc-8f74-fbe7ee806599//passt" pid=36527 comm="apparmor_parser"
2026-08-02T16:40:40.416959+06:30 chan-dell kernel: audit: type=1400 audit(1785665440.414:377): apparmor="STATUS" operation="profile_replace" profile="unconfined" name="libvirt-e43c334a-3ebc-42fc-8f74-fbe7ee806599" pid=36531 comm="apparmor_parser"
2026-08-02T16:40:40.420870+06:30 chan-dell kernel: audit: type=1400 audit(1785665440.418:378): apparmor="STATUS" operation="profile_replace" info="same as current profile, skipping" profile="unconfined" name="libvirt-e43c334a-3ebc-42fc-8f74-fbe7ee806599//passt" pid=36531 comm="apparmor_parser"
2026-08-02T16:40:40.537860+06:30 chan-dell kernel: audit: type=1400 audit(1785665440.535:379): apparmor="STATUS" operation="profile_replace" info="same as current profile, skipping" profile="unconfined" name="libvirt-e43c334a-3ebc-42fc-8f74-fbe7ee806599" pid=36535 comm="apparmor_parser"
2026-08-02T16:40:40.537879+06:30 chan-dell kernel: audit: type=1400 audit(1785665440.535:380): apparmor="STATUS" operation="profile_replace" info="same as current profile, skipping" profile="unconfined" name="libvirt-e43c334a-3ebc-42fc-8f74-fbe7ee806599//passt" pid=36535 comm="apparmor_parser"
2026-08-02T16:40:40.552234+06:30 chan-dell kernel: virbr0: port 1(vnet7) entered blocking state
2026-08-02T16:40:40.552254+06:30 chan-dell kernel: virbr0: port 1(vnet7) entered disabled state
2026-08-02T16:40:40.552256+06:30 chan-dell kernel: vnet7: entered allmulticast mode
2026-08-02T16:40:40.552259+06:30 chan-dell kernel: vnet7: entered promiscuous mode
2026-08-02T16:40:40.552260+06:30 chan-dell kernel: virbr0: port 1(vnet7) entered blocking state
2026-08-02T16:40:40.552261+06:30 chan-dell kernel: virbr0: port 1(vnet7) entered listening state
2026-08-02T16:40:40.662932+06:30 chan-dell kernel: audit: type=1400 audit(1785665440.661:381): apparmor="STATUS" operation="profile_replace" profile="unconfined" name="libvirt-e43c334a-3ebc-42fc-8f74-fbe7ee806599" pid=36555 comm="apparmor_parser"
2026-08-02T16:40:42.592306+06:30 chan-dell kernel: virbr0: port 1(vnet7) entered learning state
2026-08-02T16:40:44.640829+06:30 chan-dell kernel: virbr0: port 1(vnet7) entered forwarding state
2026-08-02T16:40:44.640835+06:30 chan-dell kernel: virbr0: topology change detected, propagating
2026-08-02T16:46:36.942060+06:30 chan-dell kernel: virbr0: port 1(vnet7) entered disabled state
2026-08-02T16:46:36.942084+06:30 chan-dell kernel: vnet7 (unregistering): left allmulticast mode
2026-08-02T16:46:36.942087+06:30 chan-dell kernel: vnet7 (unregistering): left promiscuous mode
2026-08-02T16:46:36.942089+06:30 chan-dell kernel: virbr0: port 1(vnet7) entered disabled state
2026-08-02T16:46:37.231824+06:30 chan-dell kernel: kauditd_printk_skb: 3 callbacks suppressed
2026-08-02T16:46:37.231855+06:30 chan-dell kernel: audit: type=1400 audit(1785665797.229:385): apparmor="STATUS" operation="profile_remove" profile="unconfined" name="libvirt-e43c334a-3ebc-42fc-8f74-fbe7ee806599" pid=37643 comm="apparmor_parser"
2026-08-02T16:47:25.417849+06:30 chan-dell kernel: audit: type=1400 audit(1785665845.416:386): apparmor="STATUS" operation="profile_load" profile="unconfined" name="libvirt-e43c334a-3ebc-42fc-8f74-fbe7ee806599" pid=38372 comm="apparmor_parser"
2026-08-02T16:47:25.417866+06:30 chan-dell kernel: audit: type=1400 audit(1785665845.416:387): apparmor="STATUS" operation="profile_load" profile="unconfined" name="libvirt-e43c334a-3ebc-42fc-8f74-fbe7ee806599//passt" pid=38372 comm="apparmor_parser"
2026-08-02T16:47:25.502983+06:30 chan-dell kernel: audit: type=1400 audit(1785665845.501:388): apparmor="STATUS" operation="profile_replace" profile="unconfined" name="libvirt-e43c334a-3ebc-42fc-8f74-fbe7ee806599" pid=38375 comm="apparmor_parser"
2026-08-02T16:47:25.506867+06:30 chan-dell kernel: audit: type=1400 audit(1785665845.505:389): apparmor="STATUS" operation="profile_replace" info="same as current profile, skipping" profile="unconfined" name="libvirt-e43c334a-3ebc-42fc-8f74-fbe7ee806599//passt" pid=38375 comm="apparmor_parser"
2026-08-02T16:47:25.588982+06:30 chan-dell kernel: audit: type=1400 audit(1785665845.587:390): apparmor="STATUS" operation="profile_replace" profile="unconfined" name="libvirt-e43c334a-3ebc-42fc-8f74-fbe7ee806599" pid=38379 comm="apparmor_parser"
2026-08-02T16:47:25.592856+06:30 chan-dell kernel: audit: type=1400 audit(1785665845.591:391): apparmor="STATUS" operation="profile_replace" info="same as current profile, skipping" profile="unconfined" name="libvirt-e43c334a-3ebc-42fc-8f74-fbe7ee806599//passt" pid=38379 comm="apparmor_parser"
2026-08-02T16:47:25.674853+06:30 chan-dell kernel: audit: type=1400 audit(1785665845.673:392): apparmor="STATUS" operation="profile_replace" info="same as current profile, skipping" profile="unconfined" name="libvirt-e43c334a-3ebc-42fc-8f74-fbe7ee806599" pid=38383 comm="apparmor_parser"
2026-08-02T16:47:25.674869+06:30 chan-dell kernel: audit: type=1400 audit(1785665845.673:393): apparmor="STATUS" operation="profile_replace" info="same as current profile, skipping" profile="unconfined" name="libvirt-e43c334a-3ebc-42fc-8f74-fbe7ee806599//passt" pid=38383 comm="apparmor_parser"
2026-08-02T16:47:25.687174+06:30 chan-dell kernel: virbr0: port 1(vnet8) entered blocking state
2026-08-02T16:47:25.687194+06:30 chan-dell kernel: virbr0: port 1(vnet8) entered disabled state
2026-08-02T16:47:25.687197+06:30 chan-dell kernel: vnet8: entered allmulticast mode
2026-08-02T16:47:25.687198+06:30 chan-dell kernel: vnet8: entered promiscuous mode
2026-08-02T16:47:25.687200+06:30 chan-dell kernel: virbr0: port 1(vnet8) entered blocking state
2026-08-02T16:47:25.687202+06:30 chan-dell kernel: virbr0: port 1(vnet8) entered listening state
2026-08-02T16:47:25.786966+06:30 chan-dell kernel: audit: type=1400 audit(1785665845.784:394): apparmor="STATUS" operation="profile_replace" profile="unconfined" name="libvirt-e43c334a-3ebc-42fc-8f74-fbe7ee806599" pid=38394 comm="apparmor_parser"
2026-08-02T16:47:25.790858+06:30 chan-dell kernel: audit: type=1400 audit(1785665845.789:395): apparmor="STATUS" operation="profile_replace" info="same as current profile, skipping" profile="unconfined" name="libvirt-e43c334a-3ebc-42fc-8f74-fbe7ee806599//passt" pid=38394 comm="apparmor_parser"
2026-08-02T16:47:27.712827+06:30 chan-dell kernel: virbr0: port 1(vnet8) entered learning state
2026-08-02T16:47:29.761138+06:30 chan-dell kernel: virbr0: port 1(vnet8) entered forwarding state
2026-08-02T16:47:29.761151+06:30 chan-dell kernel: virbr0: topology change detected, propagating
2026-08-02T16:55:40.482950+06:30 chan-dell kernel: virbr0: port 1(vnet8) entered disabled state
2026-08-02T16:55:40.482972+06:30 chan-dell kernel: vnet8 (unregistering): left allmulticast mode
2026-08-02T16:55:40.482975+06:30 chan-dell kernel: vnet8 (unregistering): left promiscuous mode
2026-08-02T16:55:40.482978+06:30 chan-dell kernel: virbr0: port 1(vnet8) entered disabled state
2026-08-02T16:55:40.773881+06:30 chan-dell kernel: kauditd_printk_skb: 2 callbacks suppressed
2026-08-02T16:55:40.773899+06:30 chan-dell kernel: audit: type=1400 audit(1785666340.772:398): apparmor="STATUS" operation="profile_remove" profile="unconfined" name="libvirt-e43c334a-3ebc-42fc-8f74-fbe7ee806599" pid=38916 comm="apparmor_parser"
2026-08-02T16:58:37.882016+06:30 chan-dell kernel: wlp2s0: deauthenticating from d0:96:fb:26:69:ff by local choice (Reason: 3=DEAUTH_LEAVING)
2026-08-02T16:58:39.206819+06:30 chan-dell kernel: PM: suspend entry (deep)
2026-08-02T16:58:39.217926+06:30 chan-dell kernel: Filesystems sync: 0.010 seconds
2026-08-02T17:44:34.810198+06:30 chan-dell kernel: Freezing user space processes
2026-08-02T17:44:34.810263+06:30 chan-dell kernel: Freezing user space processes completed (elapsed 0.001 seconds)
2026-08-02T17:44:34.810266+06:30 chan-dell kernel: OOM killer disabled.
2026-08-02T17:44:34.810267+06:30 chan-dell kernel: Freezing remaining freezable tasks
2026-08-02T17:44:34.810268+06:30 chan-dell kernel: Freezing remaining freezable tasks completed (elapsed 0.001 seconds)
2026-08-02T17:44:34.810270+06:30 chan-dell kernel: printk: Suspending console(s) (use no_console_suspend to debug)
2026-08-02T17:44:34.810271+06:30 chan-dell kernel: e1000e: EEE TX LPI TIMER: 00000011
2026-08-02T17:44:34.810272+06:30 chan-dell kernel: sd 2:0:0:0: [sda] Synchronizing SCSI cache
2026-08-02T17:44:34.810273+06:30 chan-dell kernel: ata3.00: Entering standby power mode
2026-08-02T17:44:34.810274+06:30 chan-dell kernel: pcieport 0000:00:1c.0: Intel SPT PCH root port ACS workaround enabled
2026-08-02T17:44:34.810275+06:30 chan-dell kernel: ACPI: EC: interrupt blocked
2026-08-02T17:44:34.810276+06:30 chan-dell kernel: ACPI: PM: Preparing to enter system sleep state S3
2026-08-02T17:44:34.810277+06:30 chan-dell kernel: ACPI: EC: event blocked
2026-08-02T17:44:34.810278+06:30 chan-dell kernel: ACPI: EC: EC stopped
2026-08-02T17:44:34.810279+06:30 chan-dell kernel: ACPI: PM: Saving platform NVS memory
2026-08-02T17:44:34.810281+06:30 chan-dell kernel: Disabling non-boot CPUs ...
2026-08-02T17:44:34.810282+06:30 chan-dell kernel: smpboot: CPU 3 is now offline
2026-08-02T17:44:34.810283+06:30 chan-dell kernel: smpboot: CPU 2 is now offline
2026-08-02T17:44:34.810284+06:30 chan-dell kernel: smpboot: CPU 1 is now offline
2026-08-02T17:44:34.810285+06:30 chan-dell kernel: ACPI: PM: Low-level resume complete
2026-08-02T17:44:34.810286+06:30 chan-dell kernel: ACPI: EC: EC started
2026-08-02T17:44:34.810287+06:30 chan-dell kernel: ACPI: PM: Restoring platform NVS memory
2026-08-02T17:44:34.810288+06:30 chan-dell kernel: Enabling non-boot CPUs ...
2026-08-02T17:44:34.810289+06:30 chan-dell kernel: smpboot: Booting Node 0 Processor 1 APIC 0x2
2026-08-02T17:44:34.810291+06:30 chan-dell kernel: CPU1 is up
2026-08-02T17:44:34.810292+06:30 chan-dell kernel: smpboot: Booting Node 0 Processor 2 APIC 0x1
2026-08-02T17:44:34.810293+06:30 chan-dell kernel: CPU2 is up
2026-08-02T17:44:34.810294+06:30 chan-dell kernel: smpboot: Booting Node 0 Processor 3 APIC 0x3
2026-08-02T17:44:34.810295+06:30 chan-dell kernel: CPU3 is up
2026-08-02T17:44:34.810296+06:30 chan-dell kernel: ACPI: PM: Waking up from system sleep state S3
2026-08-02T17:44:34.810298+06:30 chan-dell kernel: pcieport 0000:00:1c.0: Intel SPT PCH root port ACS workaround enabled
2026-08-02T17:44:34.810299+06:30 chan-dell kernel: ACPI: EC: interrupt unblocked
2026-08-02T17:44:34.810300+06:30 chan-dell kernel: pcieport 0000:00:1c.2: Intel SPT PCH root port ACS workaround enabled
2026-08-02T17:44:34.810301+06:30 chan-dell kernel: xhci_hcd 0000:00:14.0: xHC error in resume, USBSTS 0x411, Reinit
2026-08-02T17:44:34.810302+06:30 chan-dell kernel: usb usb1: root hub lost power or was reset
2026-08-02T17:44:34.810303+06:30 chan-dell kernel: usb usb2: root hub lost power or was reset
2026-08-02T17:44:34.810304+06:30 chan-dell kernel: usb 1-7: WARN: invalid context state for evaluate context command.
2026-08-02T17:44:34.810305+06:30 chan-dell kernel: usb 1-7: reset full-speed USB device number 3 using xhci_hcd
2026-08-02T17:44:34.810306+06:30 chan-dell kernel: ata3: SATA link up 6.0 Gbps (SStatus 133 SControl 300)
2026-08-02T17:44:34.810307+06:30 chan-dell kernel: ata3.00: ACPI cmd f5/00:00:00:00:00:00(SECURITY FREEZE LOCK) filtered out
2026-08-02T17:44:34.810308+06:30 chan-dell kernel: ata3.00: ACPI cmd b1/c1:00:00:00:00:00(DEVICE CONFIGURATION OVERLAY) filtered out
2026-08-02T17:44:34.810309+06:30 chan-dell kernel: sd 2:0:0:0: [sda] Starting disk
2026-08-02T17:44:34.810310+06:30 chan-dell kernel: ata3.00: ACPI cmd f5/00:00:00:00:00:00(SECURITY FREEZE LOCK) filtered out
2026-08-02T17:44:34.810311+06:30 chan-dell kernel: ata3.00: ACPI cmd b1/c1:00:00:00:00:00(DEVICE CONFIGURATION OVERLAY) filtered out
2026-08-02T17:44:34.810313+06:30 chan-dell kernel: ata3.00: configured for UDMA/133
2026-08-02T17:44:34.810313+06:30 chan-dell kernel: ata3.00: Enabling discard_zeroes_data
2026-08-02T17:44:34.810314+06:30 chan-dell kernel: ACPI: EC: event unblocked
2026-08-02T17:44:34.810315+06:30 chan-dell kernel: usb 1-5: reset high-speed USB device number 2 using xhci_hcd
2026-08-02T17:44:34.810316+06:30 chan-dell kernel: OOM killer enabled.
2026-08-02T17:44:34.810317+06:30 chan-dell kernel: Restarting tasks: Starting
2026-08-02T17:44:34.810318+06:30 chan-dell kernel: Bluetooth: hci0: Bootloader revision 0.0 build 26 week 38 2015
2026-08-02T17:44:34.810320+06:30 chan-dell kernel: Bluetooth: hci0: Device revision is 16
2026-08-02T17:44:34.810321+06:30 chan-dell kernel: Bluetooth: hci0: Secure boot is enabled
2026-08-02T17:44:34.810322+06:30 chan-dell kernel: Bluetooth: hci0: OTP lock is enabled
2026-08-02T17:44:34.810323+06:30 chan-dell kernel: Bluetooth: hci0: API lock is enabled
2026-08-02T17:44:34.810324+06:30 chan-dell kernel: Bluetooth: hci0: Debug lock is disabled
2026-08-02T17:44:34.810325+06:30 chan-dell kernel: Bluetooth: hci0: Minimum firmware build 1 week 10 2014
2026-08-02T17:44:34.815786+06:30 chan-dell kernel: Restarting tasks: Done
2026-08-02T17:44:34.815802+06:30 chan-dell kernel: efivarfs: resyncing variable state
2026-08-02T17:44:34.815804+06:30 chan-dell kernel: Bluetooth: hci0: Found device firmware: intel/ibt-12-16.sfi
2026-08-02T17:44:34.852298+06:30 chan-dell kernel: efivarfs: finished resyncing variable state
2026-08-02T17:44:34.852319+06:30 chan-dell kernel: random: crng reseeded on system resumption
2026-08-02T17:44:34.891818+06:30 chan-dell kernel: PM: suspend exit
2026-08-02T17:44:34.896718+06:30 chan-dell kernel: mei_hdcp 0000:00:16.0-b638ab7e-94e2-4ea2-a552-d1c54b627f04: bound 0000:00:02.0 (ops i915_hdcp_ops [i915])
2026-08-02T17:44:35.198251+06:30 chan-dell kernel: e1000e 0000:00:1f.6 enp0s31f6: NIC Link is Down
2026-08-02T17:44:36.592783+06:30 chan-dell kernel: Bluetooth: hci0: Waiting for firmware download to complete
2026-08-02T17:44:36.592835+06:30 chan-dell kernel: Bluetooth: hci0: Firmware loaded in 1736728 usecs
2026-08-02T17:44:36.592847+06:30 chan-dell kernel: Bluetooth: hci0: Waiting for device to boot
2026-08-02T17:44:36.605777+06:30 chan-dell kernel: Bluetooth: hci0: Device booted in 12745 usecs
2026-08-02T17:44:36.606762+06:30 chan-dell kernel: Bluetooth: hci0: Found Intel DDC parameters: intel/ibt-12-16.ddc
2026-08-02T17:44:36.608743+06:30 chan-dell kernel: Bluetooth: hci0: Applying Intel DDC parameters completed
2026-08-02T17:44:36.609752+06:30 chan-dell kernel: Bluetooth: hci0: Firmware revision 0.1 build 19 week 44 2021
2026-08-02T17:44:36.611792+06:30 chan-dell kernel: Bluetooth: hci0: Reading supported features failed (-16)
2026-08-02T17:44:36.611881+06:30 chan-dell kernel: Bluetooth: hci0: Error reading debug features
2026-08-02T17:44:36.611893+06:30 chan-dell kernel: Bluetooth: hci0: HCI LE Coded PHY feature bit is set, but its usage is not supported.
2026-08-02T17:44:36.664778+06:30 chan-dell kernel: Bluetooth: MGMT ver 1.23
2026-08-02T17:44:39.324751+06:30 chan-dell kernel: wlp2s0: authenticate with d0:96:fb:26:69:ff (local address=28:c6:3f:1a:a9:50)
2026-08-02T17:44:39.326838+06:30 chan-dell kernel: wlp2s0: send auth to d0:96:fb:26:69:ff (try 1/3)
2026-08-02T17:44:39.333730+06:30 chan-dell kernel: wlp2s0: authenticated
2026-08-02T17:44:39.333749+06:30 chan-dell kernel: wlp2s0: associating to AP d0:96:fb:26:69:ff with corrupt probe response
2026-08-02T17:44:39.335751+06:30 chan-dell kernel: wlp2s0: associate with d0:96:fb:26:69:ff (try 1/3)
2026-08-02T17:44:39.342757+06:30 chan-dell kernel: wlp2s0: RX AssocResp from d0:96:fb:26:69:ff (capab=0x411 status=0 aid=4)
2026-08-02T17:44:39.350729+06:30 chan-dell kernel: wlp2s0: associated
2026-08-02T17:44:41.738844+06:30 chan-dell kernel: audit: type=1107 audit(1785669281.737:399): pid=1069 uid=102 auid=4294967295 ses=4294967295 subj=unconfined msg='apparmor="DENIED" operation="dbus_signal"  bus="system" path="/" interface="org.freedesktop.Avahi.Server" member="StateChanged" name=":1.7" mask="receive" pid=2638 label="/usr/libexec/geoclue" peer_pid=1067 peer_label="unconfined"
2026-08-02T17:44:41.738917+06:30 chan-dell kernel:  exe="/usr/bin/dbus-daemon" sauid=102 hostname=? addr=? terminal=?'
2026-08-02T17:44:41.739717+06:30 chan-dell kernel: audit: type=1107 audit(1785669281.738:400): pid=1069 uid=102 auid=4294967295 ses=4294967295 subj=unconfined msg='apparmor="DENIED" operation="dbus_signal"  bus="system" path="/" interface="org.freedesktop.Avahi.Server" member="StateChanged" name=":1.7" mask="receive" pid=2638 label="/usr/libexec/geoclue" peer_pid=1067 peer_label="unconfined"
2026-08-02T17:44:41.739793+06:30 chan-dell kernel:  exe="/usr/bin/dbus-daemon" sauid=102 hostname=? addr=? terminal=?'
2026-08-02T17:44:41.739880+06:30 chan-dell kernel: audit: type=1107 audit(1785669281.738:401): pid=1069 uid=102 auid=4294967295 ses=4294967295 subj=unconfined msg='apparmor="DENIED" operation="dbus_signal"  bus="system" path="/" interface="org.freedesktop.Avahi.Server" member="StateChanged" name=":1.7" mask="receive" pid=2638 label="/usr/libexec/geoclue" peer_pid=1067 peer_label="unconfined"
2026-08-02T17:44:41.739921+06:30 chan-dell kernel:  exe="/usr/bin/dbus-daemon" sauid=102 hostname=? addr=? terminal=?'
2026-08-02T17:44:41.739933+06:30 chan-dell kernel: audit: type=1107 audit(1785669281.739:402): pid=1069 uid=102 auid=4294967295 ses=4294967295 subj=unconfined msg='apparmor="DENIED" operation="dbus_signal"  bus="system" path="/" interface="org.freedesktop.Avahi.Server" member="StateChanged" name=":1.7" mask="receive" pid=2638 label="/usr/libexec/geoclue" peer_pid=1067 peer_label="unconfined"
2026-08-02T17:44:41.739936+06:30 chan-dell kernel:  exe="/usr/bin/dbus-daemon" sauid=102 hostname=? addr=? terminal=?'
2026-08-02T17:44:44.590778+06:30 chan-dell kernel: audit: type=1107 audit(1785669284.589:403): pid=1069 uid=102 auid=4294967295 ses=4294967295 subj=unconfined msg='apparmor="DENIED" operation="dbus_signal"  bus="system" path="/" interface="org.freedesktop.Avahi.Server" member="StateChanged" name=":1.7" mask="receive" pid=2638 label="/usr/libexec/geoclue" peer_pid=1067 peer_label="unconfined"
2026-08-02T17:44:44.590860+06:30 chan-dell kernel:  exe="/usr/bin/dbus-daemon" sauid=102 hostname=? addr=? terminal=?'
2026-08-02T17:50:37.058006+06:30 chan-dell kernel: wlp2s0: deauthenticating from d0:96:fb:26:69:ff by local choice (Reason: 3=DEAUTH_LEAVING)
2026-08-02T17:50:38.794846+06:30 chan-dell kernel: PM: suspend entry (deep)
2026-08-02T17:50:38.797770+06:30 chan-dell kernel: Filesystems sync: 0.003 seconds
2026-08-02T19:18:12.715653+06:30 chan-dell kernel: Freezing user space processes
2026-08-02T19:18:12.715806+06:30 chan-dell kernel: Freezing user space processes completed (elapsed 0.002 seconds)
2026-08-02T19:18:12.715813+06:30 chan-dell kernel: OOM killer disabled.
2026-08-02T19:18:12.715818+06:30 chan-dell kernel: Freezing remaining freezable tasks
2026-08-02T19:18:12.715823+06:30 chan-dell kernel: Freezing remaining freezable tasks completed (elapsed 0.001 seconds)
2026-08-02T19:18:12.715826+06:30 chan-dell kernel: printk: Suspending console(s) (use no_console_suspend to debug)
2026-08-02T19:18:12.715830+06:30 chan-dell kernel: e1000e: EEE TX LPI TIMER: 00000011
2026-08-02T19:18:12.715835+06:30 chan-dell kernel: sd 2:0:0:0: [sda] Synchronizing SCSI cache
2026-08-02T19:18:12.715839+06:30 chan-dell kernel: ata3.00: Entering standby power mode
2026-08-02T19:18:12.715843+06:30 chan-dell kernel: pcieport 0000:00:1c.0: Intel SPT PCH root port ACS workaround enabled
2026-08-02T19:18:12.715846+06:30 chan-dell kernel: ACPI: EC: interrupt blocked
2026-08-02T19:18:12.715851+06:30 chan-dell kernel: ACPI: PM: Preparing to enter system sleep state S3
2026-08-02T19:18:12.715854+06:30 chan-dell kernel: ACPI: EC: event blocked
2026-08-02T19:18:12.715859+06:30 chan-dell kernel: ACPI: EC: EC stopped
2026-08-02T19:18:12.715861+06:30 chan-dell kernel: ACPI: PM: Saving platform NVS memory
2026-08-02T19:18:12.715866+06:30 chan-dell kernel: Disabling non-boot CPUs ...
2026-08-02T19:18:12.715870+06:30 chan-dell kernel: smpboot: CPU 3 is now offline
2026-08-02T19:18:12.715874+06:30 chan-dell kernel: smpboot: CPU 2 is now offline
2026-08-02T19:18:12.715878+06:30 chan-dell kernel: smpboot: CPU 1 is now offline
2026-08-02T19:18:12.715882+06:30 chan-dell kernel: ACPI: PM: Low-level resume complete
2026-08-02T19:18:12.715886+06:30 chan-dell kernel: ACPI: EC: EC started
2026-08-02T19:18:12.715889+06:30 chan-dell kernel: ACPI: PM: Restoring platform NVS memory
2026-08-02T19:18:12.715894+06:30 chan-dell kernel: Enabling non-boot CPUs ...
2026-08-02T19:18:12.715897+06:30 chan-dell kernel: smpboot: Booting Node 0 Processor 1 APIC 0x2
2026-08-02T19:18:12.715901+06:30 chan-dell kernel: CPU1 is up
2026-08-02T19:18:12.715906+06:30 chan-dell kernel: smpboot: Booting Node 0 Processor 2 APIC 0x1
2026-08-02T19:18:12.715909+06:30 chan-dell kernel: CPU2 is up
2026-08-02T19:18:12.715914+06:30 chan-dell kernel: smpboot: Booting Node 0 Processor 3 APIC 0x3
2026-08-02T19:18:12.715917+06:30 chan-dell kernel: CPU3 is up
2026-08-02T19:18:12.715921+06:30 chan-dell kernel: ACPI: PM: Waking up from system sleep state S3
2026-08-02T19:18:12.715925+06:30 chan-dell kernel: ACPI: EC: interrupt unblocked
2026-08-02T19:18:12.715929+06:30 chan-dell kernel: pcieport 0000:00:1c.0: Intel SPT PCH root port ACS workaround enabled
2026-08-02T19:18:12.715933+06:30 chan-dell kernel: pcieport 0000:00:1c.2: Intel SPT PCH root port ACS workaround enabled
2026-08-02T19:18:12.715937+06:30 chan-dell kernel: xhci_hcd 0000:00:14.0: xHC error in resume, USBSTS 0x411, Reinit
2026-08-02T19:18:12.715941+06:30 chan-dell kernel: usb usb1: root hub lost power or was reset
2026-08-02T19:18:12.715945+06:30 chan-dell kernel: usb usb2: root hub lost power or was reset
2026-08-02T19:18:12.715949+06:30 chan-dell kernel: ACPI: EC: event unblocked
2026-08-02T19:18:12.715953+06:30 chan-dell kernel: usb 1-5: reset high-speed USB device number 2 using xhci_hcd
2026-08-02T19:18:12.715956+06:30 chan-dell kernel: ata3: SATA link up 6.0 Gbps (SStatus 133 SControl 300)
2026-08-02T19:18:12.715960+06:30 chan-dell kernel: ata3.00: ACPI cmd f5/00:00:00:00:00:00(SECURITY FREEZE LOCK) filtered out
2026-08-02T19:18:12.715963+06:30 chan-dell kernel: ata3.00: ACPI cmd b1/c1:00:00:00:00:00(DEVICE CONFIGURATION OVERLAY) filtered out
2026-08-02T19:18:12.715968+06:30 chan-dell kernel: sd 2:0:0:0: [sda] Starting disk
2026-08-02T19:18:12.715972+06:30 chan-dell kernel: ata3.00: ACPI cmd f5/00:00:00:00:00:00(SECURITY FREEZE LOCK) filtered out
2026-08-02T19:18:12.715976+06:30 chan-dell kernel: ata3.00: ACPI cmd b1/c1:00:00:00:00:00(DEVICE CONFIGURATION OVERLAY) filtered out
2026-08-02T19:18:12.715979+06:30 chan-dell kernel: ata3.00: configured for UDMA/133
2026-08-02T19:18:12.715983+06:30 chan-dell kernel: ata3.00: Enabling discard_zeroes_data
2026-08-02T19:18:12.715987+06:30 chan-dell kernel: usb 1-7: WARN: invalid context state for evaluate context command.
2026-08-02T19:18:12.715990+06:30 chan-dell kernel: usb 1-7: reset full-speed USB device number 3 using xhci_hcd
2026-08-02T19:18:12.715995+06:30 chan-dell kernel: Bluetooth: hci0: Bootloader revision 0.0 build 26 week 38 2015
2026-08-02T19:18:12.715998+06:30 chan-dell kernel: OOM killer enabled.
2026-08-02T19:18:12.716003+06:30 chan-dell kernel: Restarting tasks: Starting
2026-08-02T19:18:12.716006+06:30 chan-dell kernel: Bluetooth: hci0: Device revision is 16
2026-08-02T19:18:12.716010+06:30 chan-dell kernel: Bluetooth: hci0: Secure boot is enabled
2026-08-02T19:18:12.716013+06:30 chan-dell kernel: Bluetooth: hci0: OTP lock is enabled
2026-08-02T19:18:12.716017+06:30 chan-dell kernel: Bluetooth: hci0: API lock is enabled
2026-08-02T19:18:12.716021+06:30 chan-dell kernel: Bluetooth: hci0: Debug lock is disabled
2026-08-02T19:18:12.716025+06:30 chan-dell kernel: Bluetooth: hci0: Minimum firmware build 1 week 10 2014
2026-08-02T19:18:12.720794+06:30 chan-dell kernel: Bluetooth: hci0: Found device firmware: intel/ibt-12-16.sfi
2026-08-02T19:18:12.724937+06:30 chan-dell kernel: Restarting tasks: Done
2026-08-02T19:18:12.724990+06:30 chan-dell kernel: efivarfs: resyncing variable state
2026-08-02T19:18:12.788058+06:30 chan-dell kernel: efivarfs: finished resyncing variable state
2026-08-02T19:18:12.788101+06:30 chan-dell kernel: random: crng reseeded on system resumption
2026-08-02T19:18:12.902322+06:30 chan-dell kernel: mei_hdcp 0000:00:16.0-b638ab7e-94e2-4ea2-a552-d1c54b627f04: bound 0000:00:02.0 (ops i915_hdcp_ops [i915])
2026-08-02T19:18:12.988927+06:30 chan-dell kernel: PM: suspend exit
2026-08-02T19:18:13.327889+06:30 chan-dell kernel: e1000e 0000:00:1f.6 enp0s31f6: NIC Link is Down
2026-08-02T19:18:14.517356+06:30 chan-dell kernel: Bluetooth: hci0: Waiting for firmware download to complete
2026-08-02T19:18:14.518377+06:30 chan-dell kernel: Bluetooth: hci0: Firmware loaded in 1756188 usecs
2026-08-02T19:18:14.518415+06:30 chan-dell kernel: Bluetooth: hci0: Waiting for device to boot
2026-08-02T19:18:14.531381+06:30 chan-dell kernel: Bluetooth: hci0: Device booted in 12803 usecs
2026-08-02T19:18:14.531420+06:30 chan-dell kernel: Bluetooth: hci0: Found Intel DDC parameters: intel/ibt-12-16.ddc
2026-08-02T19:18:14.534387+06:30 chan-dell kernel: Bluetooth: hci0: Applying Intel DDC parameters completed
2026-08-02T19:18:14.535383+06:30 chan-dell kernel: Bluetooth: hci0: Firmware revision 0.1 build 19 week 44 2021
2026-08-02T19:18:14.537409+06:30 chan-dell kernel: Bluetooth: hci0: Reading supported features failed (-16)
2026-08-02T19:18:14.537449+06:30 chan-dell kernel: Bluetooth: hci0: Error reading debug features
2026-08-02T19:18:14.537456+06:30 chan-dell kernel: Bluetooth: hci0: HCI LE Coded PHY feature bit is set, but its usage is not supported.
2026-08-02T19:18:14.588353+06:30 chan-dell kernel: Bluetooth: MGMT ver 1.23
2026-08-02T19:18:17.554362+06:30 chan-dell kernel: wlp2s0: authenticate with d0:96:fb:26:69:ff (local address=28:c6:3f:1a:a9:50)
2026-08-02T19:18:17.554770+06:30 chan-dell kernel: wlp2s0: send auth to d0:96:fb:26:69:ff (try 1/3)
2026-08-02T19:18:17.584200+06:30 chan-dell kernel: wlp2s0: authenticated
2026-08-02T19:18:17.584216+06:30 chan-dell kernel: wlp2s0: associating to AP d0:96:fb:26:69:ff with corrupt probe response
2026-08-02T19:18:17.586686+06:30 chan-dell kernel: wlp2s0: associate with d0:96:fb:26:69:ff (try 1/3)
2026-08-02T19:18:17.592678+06:30 chan-dell kernel: wlp2s0: RX AssocResp from d0:96:fb:26:69:ff (capab=0x411 status=0 aid=4)
2026-08-02T19:18:17.600183+06:30 chan-dell kernel: wlp2s0: associated
2026-08-02T19:52:09.883292+06:30 chan-dell kernel: audit: type=1400 audit(1785676929.881:404): apparmor="STATUS" operation="profile_load" profile="unconfined" name="libvirt-64e622d5-7ae2-49d8-8aba-f5cc6645dff9" pid=43065 comm="apparmor_parser"
2026-08-02T19:52:09.883313+06:30 chan-dell kernel: audit: type=1400 audit(1785676929.881:405): apparmor="STATUS" operation="profile_load" profile="unconfined" name="libvirt-64e622d5-7ae2-49d8-8aba-f5cc6645dff9//passt" pid=43065 comm="apparmor_parser"
2026-08-02T19:52:09.999283+06:30 chan-dell kernel: audit: type=1400 audit(1785676929.997:406): apparmor="STATUS" operation="profile_replace" profile="unconfined" name="libvirt-64e622d5-7ae2-49d8-8aba-f5cc6645dff9" pid=43068 comm="apparmor_parser"
2026-08-02T19:52:10.003320+06:30 chan-dell kernel: audit: type=1400 audit(1785676930.001:407): apparmor="STATUS" operation="profile_replace" info="same as current profile, skipping" profile="unconfined" name="libvirt-64e622d5-7ae2-49d8-8aba-f5cc6645dff9//passt" pid=43068 comm="apparmor_parser"
2026-08-02T19:52:10.115411+06:30 chan-dell kernel: audit: type=1400 audit(1785676930.113:408): apparmor="STATUS" operation="profile_replace" profile="unconfined" name="libvirt-64e622d5-7ae2-49d8-8aba-f5cc6645dff9" pid=43072 comm="apparmor_parser"
2026-08-02T19:52:10.120330+06:30 chan-dell kernel: audit: type=1400 audit(1785676930.118:409): apparmor="STATUS" operation="profile_replace" info="same as current profile, skipping" profile="unconfined" name="libvirt-64e622d5-7ae2-49d8-8aba-f5cc6645dff9//passt" pid=43072 comm="apparmor_parser"
2026-08-02T19:52:10.232285+06:30 chan-dell kernel: audit: type=1400 audit(1785676930.230:410): apparmor="STATUS" operation="profile_replace" info="same as current profile, skipping" profile="unconfined" name="libvirt-64e622d5-7ae2-49d8-8aba-f5cc6645dff9" pid=43076 comm="apparmor_parser"
2026-08-02T19:52:10.232303+06:30 chan-dell kernel: audit: type=1400 audit(1785676930.230:411): apparmor="STATUS" operation="profile_replace" info="same as current profile, skipping" profile="unconfined" name="libvirt-64e622d5-7ae2-49d8-8aba-f5cc6645dff9//passt" pid=43076 comm="apparmor_parser"
2026-08-02T19:52:10.254662+06:30 chan-dell kernel: virbr0: port 1(vnet9) entered blocking state
2026-08-02T19:52:10.254684+06:30 chan-dell kernel: virbr0: port 1(vnet9) entered disabled state
2026-08-02T19:52:10.254687+06:30 chan-dell kernel: vnet9: entered allmulticast mode
2026-08-02T19:52:10.254688+06:30 chan-dell kernel: vnet9: entered promiscuous mode
2026-08-02T19:52:10.254690+06:30 chan-dell kernel: virbr0: port 1(vnet9) entered blocking state
2026-08-02T19:52:10.254692+06:30 chan-dell kernel: virbr0: port 1(vnet9) entered listening state
2026-08-02T19:52:10.388285+06:30 chan-dell kernel: audit: type=1400 audit(1785676930.386:412): apparmor="STATUS" operation="profile_replace" profile="unconfined" name="libvirt-64e622d5-7ae2-49d8-8aba-f5cc6645dff9" pid=43087 comm="apparmor_parser"
2026-08-02T19:52:10.392313+06:30 chan-dell kernel: audit: type=1400 audit(1785676930.391:413): apparmor="STATUS" operation="profile_replace" info="same as current profile, skipping" profile="unconfined" name="libvirt-64e622d5-7ae2-49d8-8aba-f5cc6645dff9//passt" pid=43087 comm="apparmor_parser"
2026-08-02T19:52:12.253293+06:30 chan-dell kernel: virbr0: port 1(vnet9) entered learning state
2026-08-02T19:52:14.302288+06:30 chan-dell kernel: virbr0: port 1(vnet9) entered forwarding state
2026-08-02T19:52:14.302310+06:30 chan-dell kernel: virbr0: topology change detected, propagating
2026-08-02T20:11:58.632165+06:30 chan-dell kernel: perf: interrupt took too long (5018 > 4991), lowering kernel.perf_event_max_sample_rate to 39000
2026-08-02T20:24:09.355283+06:30 chan-dell kernel: loop24: detected capacity change from 0 to 390004
2026-08-02T20:38:43.525330+06:30 chan-dell kernel: wlp2s0: deauthenticating from d0:96:fb:26:69:ff by local choice (Reason: 3=DEAUTH_LEAVING)
2026-08-02T20:38:45.221285+06:30 chan-dell kernel: PM: suspend entry (deep)
2026-08-02T20:38:45.227486+06:30 chan-dell kernel: Filesystems sync: 0.006 seconds
2026-08-02T20:38:45.240282+06:30 chan-dell kernel: Freezing user space processes
2026-08-02T20:38:51.782220+06:30 chan-dell kernel: Freezing user space processes completed (elapsed 0.001 seconds)
2026-08-02T20:38:51.782281+06:30 chan-dell kernel: OOM killer disabled.
2026-08-02T20:38:51.782292+06:30 chan-dell kernel: Freezing remaining freezable tasks
2026-08-02T20:38:51.782301+06:30 chan-dell kernel: Freezing remaining freezable tasks completed (elapsed 0.001 seconds)
2026-08-02T20:38:51.782307+06:30 chan-dell kernel: printk: Suspending console(s) (use no_console_suspend to debug)
2026-08-02T20:38:51.782317+06:30 chan-dell kernel: e1000e: EEE TX LPI TIMER: 00000011
2026-08-02T20:38:51.782325+06:30 chan-dell kernel: sd 2:0:0:0: [sda] Synchronizing SCSI cache
2026-08-02T20:38:51.782332+06:30 chan-dell kernel: ata3.00: Entering standby power mode
2026-08-02T20:38:51.782340+06:30 chan-dell kernel: pcieport 0000:00:1c.0: Intel SPT PCH root port ACS workaround enabled
2026-08-02T20:38:51.782348+06:30 chan-dell kernel: ACPI: EC: interrupt blocked
2026-08-02T20:38:51.782356+06:30 chan-dell kernel: ACPI: PM: Preparing to enter system sleep state S3
2026-08-02T20:38:51.782362+06:30 chan-dell kernel: ACPI: EC: event blocked
2026-08-02T20:38:51.782370+06:30 chan-dell kernel: ACPI: EC: EC stopped
2026-08-02T20:38:51.782378+06:30 chan-dell kernel: ACPI: PM: Saving platform NVS memory
2026-08-02T20:38:51.782386+06:30 chan-dell kernel: Disabling non-boot CPUs ...
2026-08-02T20:38:51.782394+06:30 chan-dell kernel: smpboot: CPU 3 is now offline
2026-08-02T20:38:51.782401+06:30 chan-dell kernel: smpboot: CPU 2 is now offline
2026-08-02T20:38:51.782409+06:30 chan-dell kernel: smpboot: CPU 1 is now offline
2026-08-02T20:38:51.782416+06:30 chan-dell kernel: ACPI: PM: Low-level resume complete
2026-08-02T20:38:51.782424+06:30 chan-dell kernel: ACPI: EC: EC started
2026-08-02T20:38:51.782432+06:30 chan-dell kernel: ACPI: PM: Restoring platform NVS memory
2026-08-02T20:38:51.782439+06:30 chan-dell kernel: Enabling non-boot CPUs ...
2026-08-02T20:38:51.782445+06:30 chan-dell kernel: smpboot: Booting Node 0 Processor 1 APIC 0x2
2026-08-02T20:38:51.782451+06:30 chan-dell kernel: CPU1 is up
2026-08-02T20:38:51.782457+06:30 chan-dell kernel: smpboot: Booting Node 0 Processor 2 APIC 0x1
2026-08-02T20:38:51.782462+06:30 chan-dell kernel: CPU2 is up
2026-08-02T20:38:51.782466+06:30 chan-dell kernel: smpboot: Booting Node 0 Processor 3 APIC 0x3
2026-08-02T20:38:51.782470+06:30 chan-dell kernel: CPU3 is up
2026-08-02T20:38:51.782474+06:30 chan-dell kernel: ACPI: PM: Waking up from system sleep state S3
2026-08-02T20:38:51.782479+06:30 chan-dell kernel: pcieport 0000:00:1c.0: Intel SPT PCH root port ACS workaround enabled
2026-08-02T20:38:51.782485+06:30 chan-dell kernel: ACPI: EC: interrupt unblocked
2026-08-02T20:38:51.782491+06:30 chan-dell kernel: pcieport 0000:00:1c.2: Intel SPT PCH root port ACS workaround enabled
2026-08-02T20:38:51.782496+06:30 chan-dell kernel: DMAR: DRHD: handling fault status reg 3
2026-08-02T20:38:51.782504+06:30 chan-dell kernel: DMAR: [INTR-REMAP] Request device [f0:1f.0] fault index 0x2bc0 [fault reason 0x22] Present field in the IRTE entry is clear
2026-08-02T20:38:51.782512+06:30 chan-dell kernel: xhci_hcd 0000:00:14.0: xHC error in resume, USBSTS 0x411, Reinit
2026-08-02T20:38:51.782516+06:30 chan-dell kernel: usb usb1: root hub lost power or was reset
2026-08-02T20:38:51.782520+06:30 chan-dell kernel: usb usb2: root hub lost power or was reset
2026-08-02T20:38:51.782525+06:30 chan-dell kernel: ACPI: EC: event unblocked
2026-08-02T20:38:51.782529+06:30 chan-dell kernel: workqueue: i915_hpd_poll_init_work [i915] hogged CPU for >10000us 4 times, consider switching to WQ_UNBOUND
2026-08-02T20:38:51.782534+06:30 chan-dell kernel: usb 1-5: reset high-speed USB device number 2 using xhci_hcd
2026-08-02T20:38:51.782539+06:30 chan-dell kernel: ata3: SATA link up 6.0 Gbps (SStatus 133 SControl 300)
2026-08-02T20:38:51.782543+06:30 chan-dell kernel: ata3.00: ACPI cmd f5/00:00:00:00:00:00(SECURITY FREEZE LOCK) filtered out
2026-08-02T20:38:51.782548+06:30 chan-dell kernel: ata3.00: ACPI cmd b1/c1:00:00:00:00:00(DEVICE CONFIGURATION OVERLAY) filtered out
2026-08-02T20:38:51.782554+06:30 chan-dell kernel: sd 2:0:0:0: [sda] Starting disk
2026-08-02T20:38:51.782558+06:30 chan-dell kernel: ata3.00: ACPI cmd f5/00:00:00:00:00:00(SECURITY FREEZE LOCK) filtered out
2026-08-02T20:38:51.782563+06:30 chan-dell kernel: ata3.00: ACPI cmd b1/c1:00:00:00:00:00(DEVICE CONFIGURATION OVERLAY) filtered out
2026-08-02T20:38:51.782569+06:30 chan-dell kernel: ata3.00: configured for UDMA/133
2026-08-02T20:38:51.782574+06:30 chan-dell kernel: ata3.00: Enabling discard_zeroes_data
2026-08-02T20:38:51.782579+06:30 chan-dell kernel: usb 1-7: WARN: invalid context state for evaluate context command.
2026-08-02T20:38:51.782582+06:30 chan-dell kernel: usb 1-7: reset full-speed USB device number 3 using xhci_hcd
2026-08-02T20:38:51.782588+06:30 chan-dell kernel: Bluetooth: hci0: Bootloader revision 0.0 build 26 week 38 2015
2026-08-02T20:38:51.782594+06:30 chan-dell kernel: Bluetooth: hci0: Device revision is 16
2026-08-02T20:38:51.782601+06:30 chan-dell kernel: Bluetooth: hci0: Secure boot is enabled
2026-08-02T20:38:51.782608+06:30 chan-dell kernel: Bluetooth: hci0: OTP lock is enabled
2026-08-02T20:38:51.782616+06:30 chan-dell kernel: Bluetooth: hci0: API lock is enabled
2026-08-02T20:38:51.782623+06:30 chan-dell kernel: Bluetooth: hci0: Debug lock is disabled
2026-08-02T20:38:51.782631+06:30 chan-dell kernel: Bluetooth: hci0: Minimum firmware build 1 week 10 2014
2026-08-02T20:38:51.782638+06:30 chan-dell kernel: OOM killer enabled.
2026-08-02T20:38:51.782646+06:30 chan-dell kernel: Restarting tasks: Starting
2026-08-02T20:38:51.785791+06:30 chan-dell kernel: Restarting tasks: Done
2026-08-02T20:38:51.785832+06:30 chan-dell kernel: efivarfs: resyncing variable state
2026-08-02T20:38:51.789850+06:30 chan-dell kernel: Bluetooth: hci0: Found device firmware: intel/ibt-12-16.sfi
2026-08-02T20:38:51.818929+06:30 chan-dell kernel: efivarfs: finished resyncing variable state
2026-08-02T20:38:51.818980+06:30 chan-dell kernel: random: crng reseeded on system resumption
2026-08-02T20:38:51.904838+06:30 chan-dell kernel: mei_hdcp 0000:00:16.0-b638ab7e-94e2-4ea2-a552-d1c54b627f04: bound 0000:00:02.0 (ops i915_hdcp_ops [i915])
2026-08-02T20:38:51.990903+06:30 chan-dell kernel: PM: suspend exit
2026-08-02T20:38:52.339161+06:30 chan-dell kernel: e1000e 0000:00:1f.6 enp0s31f6: NIC Link is Down
2026-08-02T20:38:53.613826+06:30 chan-dell kernel: Bluetooth: hci0: Waiting for firmware download to complete
2026-08-02T20:38:53.613870+06:30 chan-dell kernel: Bluetooth: hci0: Firmware loaded in 1781108 usecs
2026-08-02T20:38:53.613878+06:30 chan-dell kernel: Bluetooth: hci0: Waiting for device to boot
2026-08-02T20:38:53.626842+06:30 chan-dell kernel: Bluetooth: hci0: Device booted in 12691 usecs
2026-08-02T20:38:53.627822+06:30 chan-dell kernel: Bluetooth: hci0: Found Intel DDC parameters: intel/ibt-12-16.ddc
2026-08-02T20:38:53.629811+06:30 chan-dell kernel: Bluetooth: hci0: Applying Intel DDC parameters completed
2026-08-02T20:38:53.630804+06:30 chan-dell kernel: Bluetooth: hci0: Firmware revision 0.1 build 19 week 44 2021
2026-08-02T20:38:53.632810+06:30 chan-dell kernel: Bluetooth: hci0: Reading supported features failed (-16)
2026-08-02T20:38:53.632838+06:30 chan-dell kernel: Bluetooth: hci0: Error reading debug features
2026-08-02T20:38:53.632848+06:30 chan-dell kernel: Bluetooth: hci0: HCI LE Coded PHY feature bit is set, but its usage is not supported.
2026-08-02T20:38:53.684885+06:30 chan-dell kernel: Bluetooth: MGMT ver 1.23
2026-08-02T20:38:56.457803+06:30 chan-dell kernel: wlp2s0: authenticate with d0:96:fb:26:69:ff (local address=28:c6:3f:1a:a9:50)
2026-08-02T20:38:56.458890+06:30 chan-dell kernel: wlp2s0: send auth to d0:96:fb:26:69:ff (try 1/3)
2026-08-02T20:38:56.469237+06:30 chan-dell kernel: wlp2s0: authenticated
2026-08-02T20:38:56.469257+06:30 chan-dell kernel: wlp2s0: associating to AP d0:96:fb:26:69:ff with corrupt probe response
2026-08-02T20:38:56.469261+06:30 chan-dell kernel: wlp2s0: associate with d0:96:fb:26:69:ff (try 1/3)
2026-08-02T20:38:56.484806+06:30 chan-dell kernel: wlp2s0: RX AssocResp from d0:96:fb:26:69:ff (capab=0x411 status=0 aid=4)
2026-08-02T20:38:56.493657+06:30 chan-dell kernel: wlp2s0: associated
2026-08-02T21:16:26.208786+06:30 chan-dell kernel: virbr0: port 1(vnet9) entered disabled state
2026-08-02T21:16:26.211080+06:30 chan-dell kernel: vnet9 (unregistering): left allmulticast mode
2026-08-02T21:16:26.211097+06:30 chan-dell kernel: vnet9 (unregistering): left promiscuous mode
2026-08-02T21:16:26.211099+06:30 chan-dell kernel: virbr0: port 1(vnet9) entered disabled state
2026-08-02T21:16:26.636785+06:30 chan-dell kernel: kauditd_printk_skb: 2 callbacks suppressed
2026-08-02T21:16:26.636803+06:30 chan-dell kernel: audit: type=1400 audit(1785681986.634:416): apparmor="STATUS" operation="profile_remove" profile="unconfined" name="libvirt-64e622d5-7ae2-49d8-8aba-f5cc6645dff9" pid=47206 comm="apparmor_parser"
2026-08-02T22:28:17.946847+06:30 chan-dell kernel: audit: type=1400 audit(1785686297.945:417): apparmor="AUDIT" operation="userns_create" class="namespace" info="Userns create - transitioning profile" profile="unconfined" pid=51449 comm="Outline" requested="userns_create" target="unprivileged_userns" execpath="/opt/Outline/Outline"
2026-08-02T22:28:17.947790+06:30 chan-dell kernel: audit: type=1400 audit(1785686297.946:418): apparmor="DENIED" operation="capable" class="cap" profile="unprivileged_userns" pid=51454 comm="Outline" capability=1  capname="dac_override"
2026-08-02T22:33:50.124808+06:30 chan-dell kernel: wlp2s0: deauthenticating from d0:96:fb:26:69:ff by local choice (Reason: 3=DEAUTH_LEAVING)
2026-08-02T22:33:51.598784+06:30 chan-dell kernel: PM: suspend entry (deep)
2026-08-02T22:33:51.613967+06:30 chan-dell kernel: Filesystems sync: 0.015 seconds
2026-08-02T23:11:03.738722+06:30 chan-dell kernel: Freezing user space processes
2026-08-02T23:11:03.738935+06:30 chan-dell kernel: Freezing user space processes completed (elapsed 0.003 seconds)
2026-08-02T23:11:03.738946+06:30 chan-dell kernel: OOM killer disabled.
2026-08-02T23:11:03.738952+06:30 chan-dell kernel: Freezing remaining freezable tasks
2026-08-02T23:11:03.738958+06:30 chan-dell kernel: Freezing remaining freezable tasks completed (elapsed 0.001 seconds)
2026-08-02T23:11:03.738964+06:30 chan-dell kernel: printk: Suspending console(s) (use no_console_suspend to debug)
2026-08-02T23:11:03.738970+06:30 chan-dell kernel: e1000e: EEE TX LPI TIMER: 00000011
2026-08-02T23:11:03.738975+06:30 chan-dell kernel: sd 2:0:0:0: [sda] Synchronizing SCSI cache
2026-08-02T23:11:03.738980+06:30 chan-dell kernel: ata3.00: Entering standby power mode
2026-08-02T23:11:03.738986+06:30 chan-dell kernel: pcieport 0000:00:1c.0: Intel SPT PCH root port ACS workaround enabled
2026-08-02T23:11:03.738990+06:30 chan-dell kernel: ACPI: EC: interrupt blocked
2026-08-02T23:11:03.738995+06:30 chan-dell kernel: ACPI: PM: Preparing to enter system sleep state S3
2026-08-02T23:11:03.739000+06:30 chan-dell kernel: ACPI: EC: event blocked
2026-08-02T23:11:03.739006+06:30 chan-dell kernel: ACPI: EC: EC stopped
2026-08-02T23:11:03.739011+06:30 chan-dell kernel: ACPI: PM: Saving platform NVS memory
2026-08-02T23:11:03.739015+06:30 chan-dell kernel: Disabling non-boot CPUs ...
2026-08-02T23:11:03.739020+06:30 chan-dell kernel: smpboot: CPU 3 is now offline
2026-08-02T23:11:03.739025+06:30 chan-dell kernel: ACPI Error: AE_BAD_PARAMETER, Returned by Handler for [EmbeddedControl] (20251212/evregion-303)
2026-08-02T23:11:03.739029+06:30 chan-dell kernel: 
2026-08-02T23:11:03.739034+06:30 chan-dell kernel: 
2026-08-02T23:11:03.739044+06:30 chan-dell kernel: Initialized Local Variables for Method [ECR1]:
2026-08-02T23:11:03.739050+06:30 chan-dell kernel:   Local0: 0000000081ec57be <Obj>           Integer 0000000000000000
2026-08-02T23:11:03.739055+06:30 chan-dell kernel: 
2026-08-02T23:11:03.739060+06:30 chan-dell kernel: Initialized Arguments for Method [ECR1]:  (1 arguments defined for method invocation)
2026-08-02T23:11:03.739065+06:30 chan-dell kernel:   Arg0:   00000000a626acf5 <Obj>           Integer 000000000000000B
2026-08-02T23:11:03.739071+06:30 chan-dell kernel: 
2026-08-02T23:11:03.739076+06:30 chan-dell kernel: ACPI Error: Aborting method \_SB.PCI0.LPCB.ECDV.ECR1 due to previous error (AE_BAD_PARAMETER) (20251212/psparse-529)
2026-08-02T23:11:03.739081+06:30 chan-dell kernel: ACPI Error: Aborting method \_SB.PCI0.LPCB.ECDV.ECR2 due to previous error (AE_BAD_PARAMETER) (20251212/psparse-529)
2026-08-02T23:11:03.739086+06:30 chan-dell kernel: ACPI Error: Aborting method \ECRW due to previous error (AE_BAD_PARAMETER) (20251212/psparse-529)
2026-08-02T23:11:03.739092+06:30 chan-dell kernel: ACPI Error: Aborting method \ECGD due to previous error (AE_BAD_PARAMETER) (20251212/psparse-529)
2026-08-02T23:11:03.739098+06:30 chan-dell kernel: ACPI Error: Aborting method \NEVT due to previous error (AE_BAD_PARAMETER) (20251212/psparse-529)
2026-08-02T23:11:03.739103+06:30 chan-dell kernel: ACPI Error: Aborting method \_SB.PCI0.LPCB.ECDV._Q66 due to previous error (AE_BAD_PARAMETER) (20251212/psparse-529)
2026-08-02T23:11:03.739109+06:30 chan-dell kernel: smpboot: CPU 2 is now offline
2026-08-02T23:11:03.739115+06:30 chan-dell kernel: smpboot: CPU 1 is now offline
2026-08-02T23:11:03.739121+06:30 chan-dell kernel: ACPI: PM: Low-level resume complete
2026-08-02T23:11:03.739126+06:30 chan-dell kernel: ACPI: EC: EC started
2026-08-02T23:11:03.739131+06:30 chan-dell kernel: ACPI: PM: Restoring platform NVS memory
2026-08-02T23:11:03.739136+06:30 chan-dell kernel: Enabling non-boot CPUs ...
2026-08-02T23:11:03.739141+06:30 chan-dell kernel: smpboot: Booting Node 0 Processor 1 APIC 0x2
2026-08-02T23:11:03.739146+06:30 chan-dell kernel: CPU1 is up
2026-08-02T23:11:03.739151+06:30 chan-dell kernel: smpboot: Booting Node 0 Processor 2 APIC 0x1
2026-08-02T23:11:03.739155+06:30 chan-dell kernel: CPU2 is up
2026-08-02T23:11:03.739160+06:30 chan-dell kernel: smpboot: Booting Node 0 Processor 3 APIC 0x3
2026-08-02T23:11:03.739164+06:30 chan-dell kernel: CPU3 is up
2026-08-02T23:11:03.739169+06:30 chan-dell kernel: ACPI: PM: Waking up from system sleep state S3
2026-08-02T23:11:03.739175+06:30 chan-dell kernel: ACPI: EC: interrupt unblocked
2026-08-02T23:11:03.739179+06:30 chan-dell kernel: pcieport 0000:00:1c.0: Intel SPT PCH root port ACS workaround enabled
2026-08-02T23:11:03.739184+06:30 chan-dell kernel: pcieport 0000:00:1c.2: Intel SPT PCH root port ACS workaround enabled
2026-08-02T23:11:03.739189+06:30 chan-dell kernel: DMAR: DRHD: handling fault status reg 2
2026-08-02T23:11:03.739194+06:30 chan-dell kernel: DMAR: [INTR-REMAP] Request device [f0:1f.0] fault index 0x2bc0 [fault reason 0x25] Blocked a compatibility format interrupt request
2026-08-02T23:11:03.739199+06:30 chan-dell kernel: xhci_hcd 0000:00:14.0: xHC error in resume, USBSTS 0x411, Reinit
2026-08-02T23:11:03.739205+06:30 chan-dell kernel: usb usb1: root hub lost power or was reset
2026-08-02T23:11:03.739210+06:30 chan-dell kernel: usb usb2: root hub lost power or was reset
2026-08-02T23:11:03.739216+06:30 chan-dell kernel: ACPI: EC: event unblocked
2026-08-02T23:11:03.739221+06:30 chan-dell kernel: usb 1-7: WARN: invalid context state for evaluate context command.
2026-08-02T23:11:03.739226+06:30 chan-dell kernel: usb 1-7: reset full-speed USB device number 3 using xhci_hcd
2026-08-02T23:11:03.739231+06:30 chan-dell kernel: ata3: SATA link up 6.0 Gbps (SStatus 133 SControl 300)
2026-08-02T23:11:03.739235+06:30 chan-dell kernel: ata3.00: ACPI cmd f5/00:00:00:00:00:00(SECURITY FREEZE LOCK) filtered out
2026-08-02T23:11:03.739240+06:30 chan-dell kernel: ata3.00: ACPI cmd b1/c1:00:00:00:00:00(DEVICE CONFIGURATION OVERLAY) filtered out
2026-08-02T23:11:03.739245+06:30 chan-dell kernel: sd 2:0:0:0: [sda] Starting disk
2026-08-02T23:11:03.739249+06:30 chan-dell kernel: ata3.00: ACPI cmd f5/00:00:00:00:00:00(SECURITY FREEZE LOCK) filtered out
2026-08-02T23:11:03.739258+06:30 chan-dell kernel: ata3.00: ACPI cmd b1/c1:00:00:00:00:00(DEVICE CONFIGURATION OVERLAY) filtered out
2026-08-02T23:11:03.739263+06:30 chan-dell kernel: ata3.00: configured for UDMA/133
2026-08-02T23:11:03.739267+06:30 chan-dell kernel: ata3.00: Enabling discard_zeroes_data
2026-08-02T23:11:03.739272+06:30 chan-dell kernel: usb 1-5: reset high-speed USB device number 2 using xhci_hcd
2026-08-02T23:11:03.739276+06:30 chan-dell kernel: Bluetooth: hci0: Bootloader revision 0.0 build 26 week 38 2015
2026-08-02T23:11:03.739281+06:30 chan-dell kernel: Bluetooth: hci0: Device revision is 16
2026-08-02T23:11:03.739286+06:30 chan-dell kernel: Bluetooth: hci0: Secure boot is enabled
2026-08-02T23:11:03.739292+06:30 chan-dell kernel: Bluetooth: hci0: OTP lock is enabled
2026-08-02T23:11:03.739297+06:30 chan-dell kernel: Bluetooth: hci0: API lock is enabled
2026-08-02T23:11:03.739303+06:30 chan-dell kernel: Bluetooth: hci0: Debug lock is disabled
2026-08-02T23:11:03.739308+06:30 chan-dell kernel: Bluetooth: hci0: Minimum firmware build 1 week 10 2014
2026-08-02T23:11:03.739314+06:30 chan-dell kernel: OOM killer enabled.
2026-08-02T23:11:03.739320+06:30 chan-dell kernel: Restarting tasks: Starting
2026-08-02T23:11:03.748731+06:30 chan-dell kernel: Bluetooth: hci0: Found device firmware: intel/ibt-12-16.sfi
2026-08-02T23:11:03.748755+06:30 chan-dell kernel: Restarting tasks: Done
2026-08-02T23:11:03.748778+06:30 chan-dell kernel: efivarfs: resyncing variable state
2026-08-02T23:11:03.794726+06:30 chan-dell kernel: efivarfs: finished resyncing variable state
2026-08-02T23:11:03.794972+06:30 chan-dell kernel: random: crng reseeded on system resumption
2026-08-02T23:11:03.905259+06:30 chan-dell kernel: PM: suspend exit
2026-08-02T23:11:03.905318+06:30 chan-dell kernel: mei_hdcp 0000:00:16.0-b638ab7e-94e2-4ea2-a552-d1c54b627f04: bound 0000:00:02.0 (ops i915_hdcp_ops [i915])
2026-08-02T23:11:04.257626+06:30 chan-dell kernel: e1000e 0000:00:1f.6 enp0s31f6: NIC Link is Down
2026-08-02T23:11:05.384603+06:30 chan-dell kernel: Bluetooth: hci0: Waiting for firmware download to complete
2026-08-02T23:11:05.385598+06:30 chan-dell kernel: Bluetooth: hci0: Firmware loaded in 1603897 usecs
2026-08-02T23:11:05.385606+06:30 chan-dell kernel: Bluetooth: hci0: Waiting for device to boot
2026-08-02T23:11:05.397602+06:30 chan-dell kernel: Bluetooth: hci0: Device booted in 11724 usecs
2026-08-02T23:11:05.397624+06:30 chan-dell kernel: Bluetooth: hci0: Found Intel DDC parameters: intel/ibt-12-16.ddc
2026-08-02T23:11:05.400595+06:30 chan-dell kernel: Bluetooth: hci0: Applying Intel DDC parameters completed
2026-08-02T23:11:05.402596+06:30 chan-dell kernel: Bluetooth: hci0: Firmware revision 0.1 build 19 week 44 2021
2026-08-02T23:11:05.403698+06:30 chan-dell kernel: Bluetooth: hci0: Reading supported features failed (-16)
2026-08-02T23:11:05.403714+06:30 chan-dell kernel: Bluetooth: hci0: Error reading debug features
2026-08-02T23:11:05.403716+06:30 chan-dell kernel: Bluetooth: hci0: HCI LE Coded PHY feature bit is set, but its usage is not supported.
2026-08-02T23:11:05.454600+06:30 chan-dell kernel: Bluetooth: MGMT ver 1.23
2026-08-02T23:11:20.349604+06:30 chan-dell kernel: audit: type=1400 audit(1785688880.347:419): apparmor="STATUS" operation="profile_load" profile="unconfined" name="libvirt-0ce567eb-7dab-48a3-b1ab-c3b5373a17c6" pid=52795 comm="apparmor_parser"
2026-08-02T23:11:20.349621+06:30 chan-dell kernel: audit: type=1400 audit(1785688880.347:420): apparmor="STATUS" operation="profile_load" profile="unconfined" name="libvirt-0ce567eb-7dab-48a3-b1ab-c3b5373a17c6//passt" pid=52795 comm="apparmor_parser"
2026-08-02T23:11:20.435600+06:30 chan-dell kernel: audit: type=1400 audit(1785688880.433:421): apparmor="STATUS" operation="profile_replace" profile="unconfined" name="libvirt-0ce567eb-7dab-48a3-b1ab-c3b5373a17c6" pid=52798 comm="apparmor_parser"
2026-08-02T23:11:20.440614+06:30 chan-dell kernel: audit: type=1400 audit(1785688880.438:422): apparmor="STATUS" operation="profile_replace" info="same as current profile, skipping" profile="unconfined" name="libvirt-0ce567eb-7dab-48a3-b1ab-c3b5373a17c6//passt" pid=52798 comm="apparmor_parser"
2026-08-02T23:11:20.521761+06:30 chan-dell kernel: audit: type=1400 audit(1785688880.519:423): apparmor="STATUS" operation="profile_replace" profile="unconfined" name="libvirt-0ce567eb-7dab-48a3-b1ab-c3b5373a17c6" pid=52802 comm="apparmor_parser"
2026-08-02T23:11:20.525619+06:30 chan-dell kernel: audit: type=1400 audit(1785688880.523:424): apparmor="STATUS" operation="profile_replace" info="same as current profile, skipping" profile="unconfined" name="libvirt-0ce567eb-7dab-48a3-b1ab-c3b5373a17c6//passt" pid=52802 comm="apparmor_parser"
2026-08-02T23:11:20.607603+06:30 chan-dell kernel: audit: type=1400 audit(1785688880.605:425): apparmor="STATUS" operation="profile_replace" info="same as current profile, skipping" profile="unconfined" name="libvirt-0ce567eb-7dab-48a3-b1ab-c3b5373a17c6" pid=52806 comm="apparmor_parser"
2026-08-02T23:11:20.607624+06:30 chan-dell kernel: audit: type=1400 audit(1785688880.605:426): apparmor="STATUS" operation="profile_replace" info="same as current profile, skipping" profile="unconfined" name="libvirt-0ce567eb-7dab-48a3-b1ab-c3b5373a17c6//passt" pid=52806 comm="apparmor_parser"
2026-08-02T23:11:20.624942+06:30 chan-dell kernel: virbr0: port 1(vnet10) entered blocking state
2026-08-02T23:11:20.624961+06:30 chan-dell kernel: virbr0: port 1(vnet10) entered disabled state
2026-08-02T23:11:20.624963+06:30 chan-dell kernel: vnet10: entered allmulticast mode
2026-08-02T23:11:20.624965+06:30 chan-dell kernel: vnet10: entered promiscuous mode
2026-08-02T23:11:20.624966+06:30 chan-dell kernel: virbr0: port 1(vnet10) entered blocking state
2026-08-02T23:11:20.624967+06:30 chan-dell kernel: virbr0: port 1(vnet10) entered listening state
2026-08-02T23:11:20.728602+06:30 chan-dell kernel: audit: type=1400 audit(1785688880.726:427): apparmor="STATUS" operation="profile_replace" profile="unconfined" name="libvirt-0ce567eb-7dab-48a3-b1ab-c3b5373a17c6" pid=52830 comm="apparmor_parser"
2026-08-02T23:11:20.732605+06:30 chan-dell kernel: audit: type=1400 audit(1785688880.730:428): apparmor="STATUS" operation="profile_replace" info="same as current profile, skipping" profile="unconfined" name="libvirt-0ce567eb-7dab-48a3-b1ab-c3b5373a17c6//passt" pid=52830 comm="apparmor_parser"
2026-08-02T23:11:22.635602+06:30 chan-dell kernel: virbr0: port 1(vnet10) entered learning state
2026-08-02T23:11:24.683602+06:30 chan-dell kernel: virbr0: port 1(vnet10) entered forwarding state
2026-08-02T23:11:24.683647+06:30 chan-dell kernel: virbr0: topology change detected, propagating
2026-08-03T00:05:45.568661+06:30 chan-dell kernel: kauditd_printk_skb: 2 callbacks suppressed
2026-08-03T00:05:45.568676+06:30 chan-dell kernel: audit: type=1400 audit(1785692145.566:431): apparmor="DENIED" operation="open" class="file" profile="/usr/sbin/cupsd" name="/etc/paperspecs" pid=53550 comm="cupsd" requested_mask="r" denied_mask="r" fsuid=0 ouid=0
2026-08-03T00:05:45.576603+06:30 chan-dell kernel: audit: type=1400 audit(1785692145.574:432): apparmor="DENIED" operation="capable" class="cap" profile="/usr/sbin/cupsd" pid=53550 comm="cupsd" capability=12  capname="net_admin"
2026-08-03T00:20:22.275602+06:30 chan-dell kernel: virbr0: port 1(vnet10) entered disabled state
2026-08-03T00:20:22.277606+06:30 chan-dell kernel: vnet10 (unregistering): left allmulticast mode
2026-08-03T00:20:22.277624+06:30 chan-dell kernel: vnet10 (unregistering): left promiscuous mode
2026-08-03T00:20:22.277626+06:30 chan-dell kernel: virbr0: port 1(vnet10) entered disabled state
2026-08-03T00:20:22.632636+06:30 chan-dell kernel: audit: type=1400 audit(1785693022.631:433): apparmor="STATUS" operation="profile_remove" profile="unconfined" name="libvirt-0ce567eb-7dab-48a3-b1ab-c3b5373a17c6" pid=54149 comm="apparmor_parser"
2026-08-03T00:20:23.424603+06:30 chan-dell kernel: wlp2s0: authenticate with ca:4b:39:12:90:9e (local address=28:c6:3f:1a:a9:50)
2026-08-03T00:20:23.426735+06:30 chan-dell kernel: wlp2s0: send auth to ca:4b:39:12:90:9e (try 1/3)
2026-08-03T00:20:23.445790+06:30 chan-dell kernel: wlp2s0: authenticated
2026-08-03T00:20:23.445811+06:30 chan-dell kernel: wlp2s0: associate with ca:4b:39:12:90:9e (try 1/3)
2026-08-03T00:20:23.469606+06:30 chan-dell kernel: wlp2s0: RX AssocResp from ca:4b:39:12:90:9e (capab=0x1431 status=0 aid=1)
2026-08-03T00:20:23.471598+06:30 chan-dell kernel: wlp2s0: associated
2026-08-03T00:20:23.501605+06:30 chan-dell kernel: wlp2s0: Limiting TX power to 20 (20 - 0) dBm as advertised by ca:4b:39:12:90:9e
2026-08-03T00:27:39.736431+06:30 chan-dell kernel: wlp2s0: disassociated from ca:4b:39:12:90:9e (Reason: 1=UNSPECIFIED)
2026-08-03T00:27:42.108781+06:30 chan-dell kernel: wlp2s0: authenticate with ca:4b:39:12:90:9e (local address=28:c6:3f:1a:a9:50)
2026-08-03T00:27:42.110824+06:30 chan-dell kernel: wlp2s0: send auth to ca:4b:39:12:90:9e (try 1/3)
2026-08-03T00:27:42.169781+06:30 chan-dell kernel: wlp2s0: send auth to ca:4b:39:12:90:9e (try 2/3)
2026-08-03T00:27:42.220255+06:30 chan-dell kernel: wlp2s0: send auth to ca:4b:39:12:90:9e (try 3/3)
2026-08-03T00:27:42.268734+06:30 chan-dell kernel: wlp2s0: authentication with ca:4b:39:12:90:9e timed out
2026-08-03T00:27:45.919656+06:30 chan-dell kernel: wlp2s0: authenticate with 06:53:df:92:b4:10 (local address=28:c6:3f:1a:a9:50)
2026-08-03T00:27:45.921773+06:30 chan-dell kernel: wlp2s0: send auth to 06:53:df:92:b4:10 (try 1/3)
2026-08-03T00:27:45.939621+06:30 chan-dell kernel: wlp2s0: authenticated
2026-08-03T00:27:45.939658+06:30 chan-dell kernel: wlp2s0: associate with 06:53:df:92:b4:10 (try 1/3)
2026-08-03T00:27:45.963638+06:30 chan-dell kernel: wlp2s0: RX AssocResp from 06:53:df:92:b4:10 (capab=0x1431 status=0 aid=1)
2026-08-03T00:27:45.966627+06:30 chan-dell kernel: wlp2s0: associated
2026-08-03T00:27:46.076634+06:30 chan-dell kernel: wlp2s0: Limiting TX power to 20 (20 - 0) dBm as advertised by 06:53:df:92:b4:10
2026-08-03T00:29:19.693632+06:30 chan-dell kernel: wlp2s0: deauthenticating from 06:53:df:92:b4:10 by local choice (Reason: 3=DEAUTH_LEAVING)
2026-08-03T00:29:21.012599+06:30 chan-dell kernel: PM: suspend entry (deep)
2026-08-03T00:29:21.026621+06:30 chan-dell kernel: Filesystems sync: 0.014 seconds
2026-08-03T01:13:34.792241+06:30 chan-dell kernel: Freezing user space processes
2026-08-03T01:13:34.792474+06:30 chan-dell kernel: Freezing user space processes completed (elapsed 0.001 seconds)
2026-08-03T01:13:34.792485+06:30 chan-dell kernel: OOM killer disabled.
2026-08-03T01:13:34.792491+06:30 chan-dell kernel: Freezing remaining freezable tasks
2026-08-03T01:13:34.792498+06:30 chan-dell kernel: Freezing remaining freezable tasks completed (elapsed 0.001 seconds)
2026-08-03T01:13:34.792506+06:30 chan-dell kernel: printk: Suspending console(s) (use no_console_suspend to debug)
2026-08-03T01:13:34.792513+06:30 chan-dell kernel: e1000e: EEE TX LPI TIMER: 00000011
2026-08-03T01:13:34.792519+06:30 chan-dell kernel: sd 2:0:0:0: [sda] Synchronizing SCSI cache
2026-08-03T01:13:34.792526+06:30 chan-dell kernel: pcieport 0000:00:1c.0: Intel SPT PCH root port ACS workaround enabled
2026-08-03T01:13:34.792532+06:30 chan-dell kernel: ata3.00: Entering standby power mode
2026-08-03T01:13:34.792538+06:30 chan-dell kernel: ACPI: EC: interrupt blocked
2026-08-03T01:13:34.792544+06:30 chan-dell kernel: ACPI: PM: Preparing to enter system sleep state S3
2026-08-03T01:13:34.792550+06:30 chan-dell kernel: ACPI: EC: event blocked
2026-08-03T01:13:34.792557+06:30 chan-dell kernel: ACPI: EC: EC stopped
2026-08-03T01:13:34.792564+06:30 chan-dell kernel: ACPI: PM: Saving platform NVS memory
2026-08-03T01:13:34.792570+06:30 chan-dell kernel: Disabling non-boot CPUs ...
2026-08-03T01:13:34.792577+06:30 chan-dell kernel: smpboot: CPU 3 is now offline
2026-08-03T01:13:34.792583+06:30 chan-dell kernel: smpboot: CPU 2 is now offline
2026-08-03T01:13:34.792590+06:30 chan-dell kernel: smpboot: CPU 1 is now offline
2026-08-03T01:13:34.792597+06:30 chan-dell kernel: ACPI: PM: Low-level resume complete
2026-08-03T01:13:34.792603+06:30 chan-dell kernel: ACPI: EC: EC started
2026-08-03T01:13:34.792610+06:30 chan-dell kernel: ACPI: PM: Restoring platform NVS memory
2026-08-03T01:13:34.792617+06:30 chan-dell kernel: Enabling non-boot CPUs ...
2026-08-03T01:13:34.792623+06:30 chan-dell kernel: smpboot: Booting Node 0 Processor 1 APIC 0x2
2026-08-03T01:13:34.792629+06:30 chan-dell kernel: CPU1 is up
2026-08-03T01:13:34.792636+06:30 chan-dell kernel: smpboot: Booting Node 0 Processor 2 APIC 0x1
2026-08-03T01:13:34.792643+06:30 chan-dell kernel: CPU2 is up
2026-08-03T01:13:34.792649+06:30 chan-dell kernel: smpboot: Booting Node 0 Processor 3 APIC 0x3
2026-08-03T01:13:34.792655+06:30 chan-dell kernel: CPU3 is up
2026-08-03T01:13:34.792662+06:30 chan-dell kernel: ACPI: PM: Waking up from system sleep state S3
2026-08-03T01:13:34.792669+06:30 chan-dell kernel: ACPI: EC: interrupt unblocked
2026-08-03T01:13:34.792675+06:30 chan-dell kernel: pcieport 0000:00:1c.0: Intel SPT PCH root port ACS workaround enabled
2026-08-03T01:13:34.792681+06:30 chan-dell kernel: pcieport 0000:00:1c.2: Intel SPT PCH root port ACS workaround enabled
2026-08-03T01:13:34.792689+06:30 chan-dell kernel: xhci_hcd 0000:00:14.0: xHC error in resume, USBSTS 0x411, Reinit
2026-08-03T01:13:34.792696+06:30 chan-dell kernel: usb usb1: root hub lost power or was reset
2026-08-03T01:13:34.792702+06:30 chan-dell kernel: usb usb2: root hub lost power or was reset
2026-08-03T01:13:34.792708+06:30 chan-dell kernel: ACPI: EC: event unblocked
2026-08-03T01:13:34.792715+06:30 chan-dell kernel: workqueue: i915_hpd_poll_init_work [i915] hogged CPU for >10000us 5 times, consider switching to WQ_UNBOUND
2026-08-03T01:13:34.792722+06:30 chan-dell kernel: usb 1-7: WARN: invalid context state for evaluate context command.
2026-08-03T01:13:34.792729+06:30 chan-dell kernel: usb 1-7: reset full-speed USB device number 3 using xhci_hcd
2026-08-03T01:13:34.792735+06:30 chan-dell kernel: ata3: SATA link up 6.0 Gbps (SStatus 133 SControl 300)
2026-08-03T01:13:34.792741+06:30 chan-dell kernel: ata3.00: ACPI cmd f5/00:00:00:00:00:00(SECURITY FREEZE LOCK) filtered out
2026-08-03T01:13:34.792748+06:30 chan-dell kernel: ata3.00: ACPI cmd b1/c1:00:00:00:00:00(DEVICE CONFIGURATION OVERLAY) filtered out
2026-08-03T01:13:34.792754+06:30 chan-dell kernel: sd 2:0:0:0: [sda] Starting disk
2026-08-03T01:13:34.792760+06:30 chan-dell kernel: ata3.00: ACPI cmd f5/00:00:00:00:00:00(SECURITY FREEZE LOCK) filtered out
2026-08-03T01:13:34.792767+06:30 chan-dell kernel: ata3.00: ACPI cmd b1/c1:00:00:00:00:00(DEVICE CONFIGURATION OVERLAY) filtered out
2026-08-03T01:13:34.792774+06:30 chan-dell kernel: ata3.00: configured for UDMA/133
2026-08-03T01:13:34.792780+06:30 chan-dell kernel: ata3.00: Enabling discard_zeroes_data
2026-08-03T01:13:34.792786+06:30 chan-dell kernel: usb 1-5: reset high-speed USB device number 2 using xhci_hcd
2026-08-03T01:13:34.792793+06:30 chan-dell kernel: Bluetooth: hci0: Bootloader revision 0.0 build 26 week 38 2015
2026-08-03T01:13:34.792799+06:30 chan-dell kernel: Bluetooth: hci0: Device revision is 16
2026-08-03T01:13:34.792805+06:30 chan-dell kernel: Bluetooth: hci0: Secure boot is enabled
2026-08-03T01:13:34.792811+06:30 chan-dell kernel: Bluetooth: hci0: OTP lock is enabled
2026-08-03T01:13:34.792818+06:30 chan-dell kernel: Bluetooth: hci0: API lock is enabled
2026-08-03T01:13:34.792825+06:30 chan-dell kernel: Bluetooth: hci0: Debug lock is disabled
2026-08-03T01:13:34.792831+06:30 chan-dell kernel: Bluetooth: hci0: Minimum firmware build 1 week 10 2014
2026-08-03T01:13:34.792837+06:30 chan-dell kernel: OOM killer enabled.
2026-08-03T01:13:34.792844+06:30 chan-dell kernel: Restarting tasks: Starting
2026-08-03T01:13:34.799601+06:30 chan-dell kernel: Restarting tasks: Done
2026-08-03T01:13:34.799642+06:30 chan-dell kernel: efivarfs: resyncing variable state
2026-08-03T01:13:34.809486+06:30 chan-dell kernel: Bluetooth: hci0: Found device firmware: intel/ibt-12-16.sfi
2026-08-03T01:13:34.830278+06:30 chan-dell kernel: efivarfs: finished resyncing variable state
2026-08-03T01:13:34.830297+06:30 chan-dell kernel: random: crng reseeded on system resumption
2026-08-03T01:13:34.901770+06:30 chan-dell kernel: mei_hdcp 0000:00:16.0-b638ab7e-94e2-4ea2-a552-d1c54b627f04: bound 0000:00:02.0 (ops i915_hdcp_ops [i915])
2026-08-03T01:13:34.901788+06:30 chan-dell kernel: PM: suspend exit
2026-08-03T01:13:35.126284+06:30 chan-dell kernel: e1000e 0000:00:1f.6 enp0s31f6: NIC Link is Down
2026-08-03T01:13:36.539334+06:30 chan-dell kernel: Bluetooth: hci0: Waiting for firmware download to complete
2026-08-03T01:13:36.539383+06:30 chan-dell kernel: Bluetooth: hci0: Firmware loaded in 1689971 usecs
2026-08-03T01:13:36.540319+06:30 chan-dell kernel: Bluetooth: hci0: Waiting for device to boot
2026-08-03T01:13:36.552374+06:30 chan-dell kernel: Bluetooth: hci0: Device booted in 12679 usecs
2026-08-03T01:13:36.553339+06:30 chan-dell kernel: Bluetooth: hci0: Found Intel DDC parameters: intel/ibt-12-16.ddc
2026-08-03T01:13:36.556335+06:30 chan-dell kernel: Bluetooth: hci0: Applying Intel DDC parameters completed
2026-08-03T01:13:36.556386+06:30 chan-dell kernel: Bluetooth: hci0: Firmware revision 0.1 build 19 week 44 2021
2026-08-03T01:13:36.558332+06:30 chan-dell kernel: Bluetooth: hci0: Reading supported features failed (-16)
2026-08-03T01:13:36.558383+06:30 chan-dell kernel: Bluetooth: hci0: Error reading debug features
2026-08-03T01:13:36.558390+06:30 chan-dell kernel: Bluetooth: hci0: HCI LE Coded PHY feature bit is set, but its usage is not supported.
2026-08-03T01:13:36.610318+06:30 chan-dell kernel: Bluetooth: MGMT ver 1.23
2026-08-03T01:14:42.315306+06:30 chan-dell kernel: audit: type=1400 audit(1785696282.314:434): apparmor="DENIED" operation="open" class="file" profile="/usr/bin/papers" name="/home/chan/.local/share/icons/hicolor/icon-theme.cache" pid=56500 comm="papers" requested_mask="r" denied_mask="r" fsuid=1000 ouid=0
2026-08-03T01:14:42.319326+06:30 chan-dell kernel: audit: type=1400 audit(1785696282.318:435): apparmor="DENIED" operation="open" class="file" profile="/usr/bin/papers" name="/home/chan/.local/share/icons/hicolor/icon-theme.cache" pid=56500 comm="papers" requested_mask="r" denied_mask="r" fsuid=1000 ouid=0
2026-08-03T01:14:42.561277+06:30 chan-dell kernel: audit: type=1400 audit(1785696282.560:436): apparmor="DENIED" operation="open" class="file" profile="/usr/bin/papers" name="/home/chan/.local/share/icons/hicolor/icon-theme.cache" pid=56500 comm="papers" requested_mask="r" denied_mask="r" fsuid=1000 ouid=0
2026-08-03T01:14:42.564266+06:30 chan-dell kernel: audit: type=1400 audit(1785696282.563:437): apparmor="DENIED" operation="open" class="file" profile="/usr/bin/papers" name="/home/chan/.local/share/icons/hicolor/icon-theme.cache" pid=56500 comm="papers" requested_mask="r" denied_mask="r" fsuid=1000 ouid=0
2026-08-03T01:14:42.671278+06:30 chan-dell kernel: audit: type=1400 audit(1785696282.670:438): apparmor="DENIED" operation="open" class="file" profile="/usr/bin/papers" name="/home/chan/.local/share/mime/mime.cache" pid=56500 comm="pool-12" requested_mask="r" denied_mask="r" fsuid=1000 ouid=0
2026-08-03T01:14:42.671301+06:30 chan-dell kernel: audit: type=1400 audit(1785696282.670:439): apparmor="DENIED" operation="open" class="file" profile="/usr/bin/papers" name="/home/chan/.local/share/mime/globs2" pid=56500 comm="pool-12" requested_mask="r" denied_mask="r" fsuid=1000 ouid=0
2026-08-03T01:14:42.671305+06:30 chan-dell kernel: audit: type=1400 audit(1785696282.670:440): apparmor="DENIED" operation="open" class="file" profile="/usr/bin/papers" name="/home/chan/.local/share/mime/magic" pid=56500 comm="pool-12" requested_mask="r" denied_mask="r" fsuid=1000 ouid=0
2026-08-03T01:14:42.671306+06:30 chan-dell kernel: audit: type=1400 audit(1785696282.670:441): apparmor="DENIED" operation="open" class="file" profile="/usr/bin/papers" name="/home/chan/.local/share/mime/aliases" pid=56500 comm="pool-12" requested_mask="r" denied_mask="r" fsuid=1000 ouid=0
2026-08-03T01:14:42.671308+06:30 chan-dell kernel: audit: type=1400 audit(1785696282.670:442): apparmor="DENIED" operation="open" class="file" profile="/usr/bin/papers" name="/home/chan/.local/share/mime/subclasses" pid=56500 comm="pool-12" requested_mask="r" denied_mask="r" fsuid=1000 ouid=0
2026-08-03T01:14:42.671309+06:30 chan-dell kernel: audit: type=1400 audit(1785696282.670:443): apparmor="DENIED" operation="open" class="file" profile="/usr/bin/papers" name="/home/chan/.local/share/mime/icons" pid=56500 comm="pool-12" requested_mask="r" denied_mask="r" fsuid=1000 ouid=0
2026-08-03T01:15:16.161301+06:30 chan-dell kernel: kauditd_printk_skb: 1 callbacks suppressed
2026-08-03T01:15:16.161319+06:30 chan-dell kernel: audit: type=1400 audit(1785696316.160:445): apparmor="DENIED" operation="open" class="file" profile="/usr/bin/papers" name="/home/chan/.local/share/icons/hicolor/icon-theme.cache" pid=56549 comm="papers" requested_mask="r" denied_mask="r" fsuid=1000 ouid=0
2026-08-03T01:15:16.164308+06:30 chan-dell kernel: audit: type=1400 audit(1785696316.163:446): apparmor="DENIED" operation="open" class="file" profile="/usr/bin/papers" name="/home/chan/.local/share/icons/hicolor/icon-theme.cache" pid=56549 comm="papers" requested_mask="r" denied_mask="r" fsuid=1000 ouid=0
2026-08-03T01:15:16.390317+06:30 chan-dell kernel: audit: type=1400 audit(1785696316.389:447): apparmor="DENIED" operation="open" class="file" profile="/usr/bin/papers" name="/home/chan/.local/share/icons/hicolor/icon-theme.cache" pid=56549 comm="papers" requested_mask="r" denied_mask="r" fsuid=1000 ouid=0
2026-08-03T01:15:16.393300+06:30 chan-dell kernel: audit: type=1400 audit(1785696316.392:448): apparmor="DENIED" operation="open" class="file" profile="/usr/bin/papers" name="/home/chan/.local/share/icons/hicolor/icon-theme.cache" pid=56549 comm="papers" requested_mask="r" denied_mask="r" fsuid=1000 ouid=0
2026-08-03T01:15:16.490644+06:30 chan-dell kernel: audit: type=1400 audit(1785696316.489:449): apparmor="DENIED" operation="open" class="file" profile="/usr/bin/papers" name="/home/chan/.local/share/mime/mime.cache" pid=56549 comm="pool-12" requested_mask="r" denied_mask="r" fsuid=1000 ouid=0
2026-08-03T01:15:16.490667+06:30 chan-dell kernel: audit: type=1400 audit(1785696316.489:450): apparmor="DENIED" operation="open" class="file" profile="/usr/bin/papers" name="/home/chan/.local/share/mime/globs2" pid=56549 comm="pool-12" requested_mask="r" denied_mask="r" fsuid=1000 ouid=0
2026-08-03T01:15:16.490670+06:30 chan-dell kernel: audit: type=1400 audit(1785696316.489:451): apparmor="DENIED" operation="open" class="file" profile="/usr/bin/papers" name="/home/chan/.local/share/mime/magic" pid=56549 comm="pool-12" requested_mask="r" denied_mask="r" fsuid=1000 ouid=0
2026-08-03T01:15:16.490672+06:30 chan-dell kernel: audit: type=1400 audit(1785696316.489:452): apparmor="DENIED" operation="open" class="file" profile="/usr/bin/papers" name="/home/chan/.local/share/mime/aliases" pid=56549 comm="pool-12" requested_mask="r" denied_mask="r" fsuid=1000 ouid=0
2026-08-03T01:15:16.490673+06:30 chan-dell kernel: audit: type=1400 audit(1785696316.489:453): apparmor="DENIED" operation="open" class="file" profile="/usr/bin/papers" name="/home/chan/.local/share/mime/subclasses" pid=56549 comm="pool-12" requested_mask="r" denied_mask="r" fsuid=1000 ouid=0
2026-08-03T01:15:16.490674+06:30 chan-dell kernel: audit: type=1400 audit(1785696316.489:454): apparmor="DENIED" operation="open" class="file" profile="/usr/bin/papers" name="/home/chan/.local/share/mime/icons" pid=56549 comm="pool-12" requested_mask="r" denied_mask="r" fsuid=1000 ouid=0
2026-08-03T01:15:38.623310+06:30 chan-dell kernel: kauditd_printk_skb: 1 callbacks suppressed
2026-08-03T01:15:38.623330+06:30 chan-dell kernel: audit: type=1400 audit(1785696338.622:456): apparmor="DENIED" operation="open" class="file" profile="/usr/bin/papers" name="/home/chan/.local/share/icons/hicolor/icon-theme.cache" pid=56578 comm="papers" requested_mask="r" denied_mask="r" fsuid=1000 ouid=0
2026-08-03T01:15:38.627299+06:30 chan-dell kernel: audit: type=1400 audit(1785696338.626:457): apparmor="DENIED" operation="open" class="file" profile="/usr/bin/papers" name="/home/chan/.local/share/icons/hicolor/icon-theme.cache" pid=56578 comm="papers" requested_mask="r" denied_mask="r" fsuid=1000 ouid=0
2026-08-03T01:15:38.863318+06:30 chan-dell kernel: audit: type=1400 audit(1785696338.862:458): apparmor="DENIED" operation="open" class="file" profile="/usr/bin/papers" name="/home/chan/.local/share/icons/hicolor/icon-theme.cache" pid=56578 comm="papers" requested_mask="r" denied_mask="r" fsuid=1000 ouid=0
2026-08-03T01:15:38.866309+06:30 chan-dell kernel: audit: type=1400 audit(1785696338.865:459): apparmor="DENIED" operation="open" class="file" profile="/usr/bin/papers" name="/home/chan/.local/share/icons/hicolor/icon-theme.cache" pid=56578 comm="papers" requested_mask="r" denied_mask="r" fsuid=1000 ouid=0
2026-08-03T01:15:38.959314+06:30 chan-dell kernel: audit: type=1400 audit(1785696338.958:460): apparmor="DENIED" operation="open" class="file" profile="/usr/bin/papers" name="/home/chan/.local/share/mime/mime.cache" pid=56578 comm="pool-11" requested_mask="r" denied_mask="r" fsuid=1000 ouid=0
2026-08-03T01:15:38.959333+06:30 chan-dell kernel: audit: type=1400 audit(1785696338.958:461): apparmor="DENIED" operation="open" class="file" profile="/usr/bin/papers" name="/home/chan/.local/share/mime/globs2" pid=56578 comm="pool-11" requested_mask="r" denied_mask="r" fsuid=1000 ouid=0
2026-08-03T01:15:38.959336+06:30 chan-dell kernel: audit: type=1400 audit(1785696338.958:462): apparmor="DENIED" operation="open" class="file" profile="/usr/bin/papers" name="/home/chan/.local/share/mime/magic" pid=56578 comm="pool-11" requested_mask="r" denied_mask="r" fsuid=1000 ouid=0
2026-08-03T01:15:38.959337+06:30 chan-dell kernel: audit: type=1400 audit(1785696338.958:463): apparmor="DENIED" operation="open" class="file" profile="/usr/bin/papers" name="/home/chan/.local/share/mime/aliases" pid=56578 comm="pool-11" requested_mask="r" denied_mask="r" fsuid=1000 ouid=0
2026-08-03T01:15:38.959338+06:30 chan-dell kernel: audit: type=1400 audit(1785696338.958:464): apparmor="DENIED" operation="open" class="file" profile="/usr/bin/papers" name="/home/chan/.local/share/mime/subclasses" pid=56578 comm="pool-11" requested_mask="r" denied_mask="r" fsuid=1000 ouid=0
2026-08-03T01:15:38.959340+06:30 chan-dell kernel: audit: type=1400 audit(1785696338.958:465): apparmor="DENIED" operation="open" class="file" profile="/usr/bin/papers" name="/home/chan/.local/share/mime/icons" pid=56578 comm="pool-11" requested_mask="r" denied_mask="r" fsuid=1000 ouid=0
2026-08-03T01:26:05.843421+06:30 chan-dell kernel: rfkill: input handler enabled
2026-08-03T01:26:06.043290+06:30 chan-dell kernel: kauditd_printk_skb: 1 callbacks suppressed
2026-08-03T01:26:06.043304+06:30 chan-dell kernel: audit: type=1400 audit(1785696966.033:467): apparmor="AUDIT" operation="userns_create" class="namespace" info="Userns create - transitioning profile" profile="unconfined" pid=57958 comm="(ubuntu-insigh)" requested="userns_create" target="unprivileged_userns" execpath="/usr/lib/systemd/systemd-executor"
2026-08-03T01:26:06.043307+06:30 chan-dell kernel: audit: type=1400 audit(1785696966.033:468): apparmor="AUDIT" operation="userns_create" class="namespace" info="Userns create - transitioning profile" profile="unconfined" pid=57980 comm="(ubuntu-insigh)" requested="userns_create" target="unprivileged_userns" execpath="/usr/lib/systemd/systemd-executor"
2026-08-03T01:26:06.043310+06:30 chan-dell kernel: audit: type=1400 audit(1785696966.036:469): apparmor="DENIED" operation="capable" class="cap" profile="unprivileged_userns" pid=57958 comm="(ubuntu-insigh)" capability=21  capname="sys_admin"
2026-08-03T01:26:06.043311+06:30 chan-dell kernel: audit: type=1400 audit(1785696966.038:470): apparmor="DENIED" operation="capable" class="cap" profile="unprivileged_userns" pid=57980 comm="(ubuntu-insigh)" capability=21  capname="sys_admin"
2026-08-03T01:26:06.137279+06:30 chan-dell kernel: audit: type=1400 audit(1785696966.135:471): apparmor="DENIED" operation="getattr" class="file" info="Failed name lookup - disconnected path" error=-13 profile="unprivileged_userns" name="" pid=58061 comm="systemd-detect-" requested_mask="r" denied_mask="r" fsuid=60579 ouid=0
2026-08-03T01:26:06.314467+06:30 chan-dell kernel: audit: type=1400 audit(1785696966.312:472): apparmor="DENIED" operation="capable" class="cap" profile="fusermount3" pid=58115 comm="fusermount3" capability=1  capname="dac_override"
2026-08-03T01:26:06.314487+06:30 chan-dell kernel: audit: type=1400 audit(1785696966.312:473): apparmor="DENIED" operation="capable" class="cap" profile="fusermount3" pid=58115 comm="fusermount3" capability=7  capname="setuid"
2026-08-03T01:26:06.316361+06:30 chan-dell kernel: audit: type=1400 audit(1785696966.314:474): apparmor="DENIED" operation="capable" class="cap" profile="fusermount3" pid=58116 comm="fusermount3" capability=7  capname="setuid"
2026-08-03T01:26:06.413386+06:30 chan-dell kernel: audit: type=1400 audit(1785696966.411:475): apparmor="DENIED" operation="open" class="file" profile="snap-update-ns.snapd-desktop-integration" name="/run/gdm3/home/gdm-greeter/" pid=58122 comm="snap-update-ns" requested_mask="r" denied_mask="r" fsuid=60579 ouid=60579
2026-08-03T01:26:06.415276+06:30 chan-dell kernel: audit: type=1400 audit(1785696966.413:476): apparmor="DENIED" operation="open" class="file" profile="/snap/snapd/27591/usr/lib/snapd/snap-confine" name="/run/gdm3/" pid=57957 comm="snap-confine" requested_mask="r" denied_mask="r" fsuid=60579 ouid=0
2026-08-03T01:26:09.495539+06:30 chan-dell kernel: rfkill: input handler disabled
2026-08-03T01:26:17.607311+06:30 chan-dell kernel: rfkill: input handler enabled
2026-08-03T01:26:17.964293+06:30 chan-dell kernel: rfkill: input handler disabled
2026-08-03T01:26:28.011415+06:30 chan-dell kernel: audit: type=1400 audit(1785696988.005:477): apparmor="DENIED" operation="capable" class="cap" profile="fusermount3" pid=59074 comm="fusermount3" capability=1  capname="dac_override"
2026-08-03T01:26:28.011480+06:30 chan-dell kernel: audit: type=1400 audit(1785696988.005:478): apparmor="DENIED" operation="capable" class="cap" profile="fusermount3" pid=59074 comm="fusermount3" capability=7  capname="setuid"
2026-08-03T01:26:28.011492+06:30 chan-dell kernel: audit: type=1400 audit(1785696988.009:479): apparmor="DENIED" operation="capable" class="cap" profile="fusermount3" pid=59080 comm="fusermount3" capability=7  capname="setuid"
2026-08-03T01:26:28.105375+06:30 chan-dell kernel: audit: type=1400 audit(1785696988.103:480): apparmor="DENIED" operation="mount" class="mount" info="failed mntpnt match" error=-13 profile="fusermount3" name="/" pid=59082 comm="fusermount3" flags="rw, rprivate"
2026-08-03T01:27:21.105316+06:30 chan-dell kernel: rfkill: input handler enabled
2026-08-03T01:27:21.388276+06:30 chan-dell kernel: audit: type=1400 audit(1785697041.386:481): apparmor="DENIED" operation="capable" class="cap" profile="fusermount3" pid=59407 comm="fusermount3" capability=1  capname="dac_override"
2026-08-03T01:27:21.388285+06:30 chan-dell kernel: audit: type=1400 audit(1785697041.386:482): apparmor="DENIED" operation="capable" class="cap" profile="fusermount3" pid=59407 comm="fusermount3" capability=7  capname="setuid"
2026-08-03T01:27:21.388289+06:30 chan-dell kernel: audit: type=1400 audit(1785697041.386:483): apparmor="DENIED" operation="capable" class="cap" profile="fusermount3" pid=59412 comm="fusermount3" capability=7  capname="setuid"
2026-08-03T01:27:21.393282+06:30 chan-dell kernel: audit: type=1400 audit(1785697041.391:484): apparmor="DENIED" operation="capable" class="cap" profile="fusermount3" pid=59400 comm="fusermount3" capability=1  capname="dac_override"
2026-08-03T01:27:21.403275+06:30 chan-dell kernel: audit: type=1400 audit(1785697041.401:485): apparmor="DENIED" operation="capable" class="cap" profile="fusermount3" pid=59415 comm="fusermount3" capability=7  capname="setuid"
2026-08-03T01:27:21.446620+06:30 chan-dell kernel: audit: type=1400 audit(1785697041.444:486): apparmor="DENIED" operation="mount" class="mount" info="failed mntpnt match" error=-13 profile="fusermount3" name="/" pid=59422 comm="fusermount3" flags="rw, rprivate"
2026-08-03T01:27:21.733435+06:30 chan-dell kernel: audit: type=1400 audit(1785697041.731:487): apparmor="DENIED" operation="capable" class="cap" profile="fusermount3" pid=59459 comm="fusermount3" capability=1  capname="dac_override"
2026-08-03T01:27:21.733525+06:30 chan-dell kernel: audit: type=1400 audit(1785697041.732:488): apparmor="DENIED" operation="capable" class="cap" profile="fusermount3" pid=59460 comm="fusermount3" capability=7  capname="setuid"
2026-08-03T01:27:22.351372+06:30 chan-dell kernel: audit: type=1400 audit(1785697042.331:489): apparmor="DENIED" operation="capable" class="cap" profile="fusermount3" pid=59544 comm="fusermount3" capability=1  capname="dac_override"
2026-08-03T01:27:22.351394+06:30 chan-dell kernel: audit: type=1400 audit(1785697042.331:490): apparmor="DENIED" operation="capable" class="cap" profile="fusermount3" pid=59544 comm="fusermount3" capability=7  capname="setuid"
2026-08-03T01:27:26.034394+06:30 chan-dell kernel: rfkill: input handler disabled
2026-08-03T01:27:32.644593+06:30 chan-dell kernel: kauditd_printk_skb: 14 callbacks suppressed
2026-08-03T01:27:32.644616+06:30 chan-dell kernel: audit: type=1400 audit(1785697052.641:505): apparmor="DENIED" operation="capable" class="cap" profile="fusermount3" pid=60859 comm="fusermount3" capability=1  capname="dac_override"
2026-08-03T01:27:32.644621+06:30 chan-dell kernel: audit: type=1400 audit(1785697052.641:506): apparmor="DENIED" operation="capable" class="cap" profile="fusermount3" pid=60859 comm="fusermount3" capability=7  capname="setuid"
2026-08-03T01:27:32.644623+06:30 chan-dell kernel: audit: type=1400 audit(1785697052.641:507): apparmor="DENIED" operation="capable" class="cap" profile="fusermount3" pid=60862 comm="fusermount3" capability=7  capname="setuid"
2026-08-03T01:27:32.651291+06:30 chan-dell kernel: audit: type=1400 audit(1785697052.649:508): apparmor="DENIED" operation="mount" class="mount" info="failed mntpnt match" error=-13 profile="fusermount3" name="/" pid=60863 comm="fusermount3" flags="rw, rprivate"
2026-08-03T01:27:34.359284+06:30 chan-dell kernel: audit: type=1400 audit(1785697054.357:509): apparmor="AUDIT" operation="userns_create" class="namespace" info="Userns create - transitioning profile" profile="unconfined" pid=60941 comm="(ubuntu-insigh)" requested="userns_create" target="unprivileged_userns" execpath="/usr/lib/systemd/systemd-executor"
2026-08-03T01:27:34.363277+06:30 chan-dell kernel: audit: type=1400 audit(1785697054.361:510): apparmor="DENIED" operation="capable" class="cap" profile="unprivileged_userns" pid=60941 comm="(ubuntu-insigh)" capability=21  capname="sys_admin"
2026-08-03T01:27:34.366280+06:30 chan-dell kernel: audit: type=1400 audit(1785697054.364:511): apparmor="AUDIT" operation="userns_create" class="namespace" info="Userns create - transitioning profile" profile="unconfined" pid=60942 comm="(ubuntu-insigh)" requested="userns_create" target="unprivileged_userns" execpath="/usr/lib/systemd/systemd-executor"
2026-08-03T01:27:34.369297+06:30 chan-dell kernel: audit: type=1400 audit(1785697054.367:512): apparmor="DENIED" operation="capable" class="cap" profile="unprivileged_userns" pid=60942 comm="(ubuntu-insigh)" capability=21  capname="sys_admin"
2026-08-03T01:27:34.423375+06:30 chan-dell kernel: audit: type=1400 audit(1785697054.420:513): apparmor="DENIED" operation="getattr" class="file" info="Failed name lookup - disconnected path" error=-13 profile="unprivileged_userns" name="" pid=60973 comm="systemd-detect-" requested_mask="r" denied_mask="r" fsuid=1002 ouid=0
2026-08-03T01:27:34.622992+06:30 chan-dell kernel: audit: type=1400 audit(1785697054.620:514): apparmor="DENIED" operation="capable" class="cap" profile="fusermount3" pid=61041 comm="fusermount3" capability=1  capname="dac_override"
2026-08-03T01:27:34.712638+06:30 chan-dell kernel: rfkill: input handler enabled
2026-08-03T01:27:37.147380+06:30 chan-dell kernel: rfkill: input handler disabled
2026-08-03T01:27:39.186294+06:30 chan-dell kernel: kauditd_printk_skb: 5 callbacks suppressed
2026-08-03T01:27:39.186392+06:30 chan-dell kernel: audit: type=1400 audit(1785697059.184:520): apparmor="DENIED" operation="mount" class="mount" info="failed mntpnt match" error=-13 profile="fusermount3" name="/" pid=61955 comm="fusermount3" flags="rw, rprivate"
2026-08-03T01:27:53.825277+06:30 chan-dell kernel: rfkill: input handler enabled
2026-08-03T01:27:53.825301+06:30 chan-dell kernel: audit: type=1400 audit(1785697073.776:521): apparmor="AUDIT" operation="userns_create" class="namespace" info="Userns create - transitioning profile" profile="unconfined" pid=62744 comm="(ubuntu-insigh)" requested="userns_create" target="unprivileged_userns" execpath="/usr/lib/systemd/systemd-executor"
2026-08-03T01:27:53.825304+06:30 chan-dell kernel: audit: type=1400 audit(1785697073.776:522): apparmor="DENIED" operation="capable" class="cap" profile="unprivileged_userns" pid=62744 comm="(ubuntu-insigh)" capability=21  capname="sys_admin"
2026-08-03T01:27:53.848282+06:30 chan-dell kernel: audit: type=1400 audit(1785697073.846:523): apparmor="AUDIT" operation="userns_create" class="namespace" info="Userns create - transitioning profile" profile="unconfined" pid=62725 comm="(ubuntu-insigh)" requested="userns_create" target="unprivileged_userns" execpath="/usr/lib/systemd/systemd-executor"
2026-08-03T01:27:53.854390+06:30 chan-dell kernel: audit: type=1400 audit(1785697073.852:524): apparmor="DENIED" operation="capable" class="cap" profile="unprivileged_userns" pid=62725 comm="(ubuntu-insigh)" capability=21  capname="sys_admin"
2026-08-03T01:27:53.927505+06:30 chan-dell kernel: audit: type=1400 audit(1785697073.925:525): apparmor="DENIED" operation="getattr" class="file" info="Failed name lookup - disconnected path" error=-13 profile="unprivileged_userns" name="" pid=62811 comm="systemd-detect-" requested_mask="r" denied_mask="r" fsuid=60581 ouid=0
2026-08-03T01:27:54.267700+06:30 chan-dell kernel: audit: type=1400 audit(1785697074.265:526): apparmor="DENIED" operation="capable" class="cap" profile="fusermount3" pid=62895 comm="fusermount3" capability=1  capname="dac_override"
2026-08-03T01:27:54.267721+06:30 chan-dell kernel: audit: type=1400 audit(1785697074.265:527): apparmor="DENIED" operation="capable" class="cap" profile="fusermount3" pid=62895 comm="fusermount3" capability=7  capname="setuid"
2026-08-03T01:27:54.267724+06:30 chan-dell kernel: audit: type=1400 audit(1785697074.265:528): apparmor="DENIED" operation="capable" class="cap" profile="fusermount3" pid=62896 comm="fusermount3" capability=7  capname="setuid"
2026-08-03T01:27:54.312392+06:30 chan-dell kernel: audit: type=1400 audit(1785697074.309:529): apparmor="DENIED" operation="open" class="file" profile="snap-update-ns.snapd-desktop-integration" name="/run/gdm3/home/gdm-greeter/" pid=62908 comm="snap-update-ns" requested_mask="r" denied_mask="r" fsuid=60581 ouid=60581
2026-08-03T01:27:54.313290+06:30 chan-dell kernel: audit: type=1400 audit(1785697074.311:530): apparmor="DENIED" operation="open" class="file" profile="/snap/snapd/27591/usr/lib/snapd/snap-confine" name="/run/gdm3/" pid=62720 comm="snap-confine" requested_mask="r" denied_mask="r" fsuid=60581 ouid=0
2026-08-03T01:27:56.576295+06:30 chan-dell kernel: rfkill: input handler disabled
2026-08-03T01:28:04.228359+06:30 chan-dell kernel: audit: type=1400 audit(1785697084.226:531): apparmor="AUDIT" operation="userns_create" class="namespace" info="Userns create - transitioning profile" profile="unconfined" pid=63698 comm="(ubuntu-insigh)" requested="userns_create" target="unprivileged_userns" execpath="/usr/lib/systemd/systemd-executor"
2026-08-03T01:28:04.237325+06:30 chan-dell kernel: audit: type=1400 audit(1785697084.235:532): apparmor="DENIED" operation="capable" class="cap" profile="unprivileged_userns" pid=63698 comm="(ubuntu-insigh)" capability=21  capname="sys_admin"
2026-08-03T01:28:04.240365+06:30 chan-dell kernel: audit: type=1400 audit(1785697084.238:533): apparmor="AUDIT" operation="userns_create" class="namespace" info="Userns create - transitioning profile" profile="unconfined" pid=63699 comm="(ubuntu-insigh)" requested="userns_create" target="unprivileged_userns" execpath="/usr/lib/systemd/systemd-executor"
2026-08-03T01:28:04.257314+06:30 chan-dell kernel: audit: type=1400 audit(1785697084.255:534): apparmor="DENIED" operation="capable" class="cap" profile="unprivileged_userns" pid=63699 comm="(ubuntu-insigh)" capability=21  capname="sys_admin"
2026-08-03T01:28:04.310281+06:30 chan-dell kernel: audit: type=1400 audit(1785697084.308:535): apparmor="DENIED" operation="getattr" class="file" info="Failed name lookup - disconnected path" error=-13 profile="unprivileged_userns" name="" pid=63727 comm="systemd-detect-" requested_mask="r" denied_mask="r" fsuid=1000 ouid=0
2026-08-03T01:28:04.509280+06:30 chan-dell kernel: audit: type=1400 audit(1785697084.506:536): apparmor="DENIED" operation="capable" class="cap" profile="fusermount3" pid=63797 comm="fusermount3" capability=1  capname="dac_override"
2026-08-03T01:28:04.509306+06:30 chan-dell kernel: audit: type=1400 audit(1785697084.506:537): apparmor="DENIED" operation="capable" class="cap" profile="fusermount3" pid=63797 comm="fusermount3" capability=7  capname="setuid"
2026-08-03T01:28:04.509311+06:30 chan-dell kernel: audit: type=1400 audit(1785697084.506:538): apparmor="DENIED" operation="capable" class="cap" profile="fusermount3" pid=63798 comm="fusermount3" capability=7  capname="setuid"
2026-08-03T01:28:04.607398+06:30 chan-dell kernel: rfkill: input handler enabled
2026-08-03T01:28:05.055422+06:30 chan-dell kernel: audit: type=1400 audit(1785697085.053:539): apparmor="DENIED" operation="capable" class="cap" profile="fusermount3" pid=64007 comm="fusermount3" capability=1  capname="dac_override"
2026-08-03T01:28:05.055443+06:30 chan-dell kernel: audit: type=1400 audit(1785697085.053:540): apparmor="DENIED" operation="capable" class="cap" profile="fusermount3" pid=64009 comm="fusermount3" capability=7  capname="setuid"
2026-08-03T01:28:06.986286+06:30 chan-dell kernel: rfkill: input handler disabled
2026-08-03T01:28:12.031287+06:30 chan-dell kernel: kauditd_printk_skb: 4 callbacks suppressed
2026-08-03T01:28:12.031309+06:30 chan-dell kernel: audit: type=1107 audit(1785697092.029:545): pid=1069 uid=102 auid=4294967295 ses=4294967295 subj=unconfined msg='apparmor="DENIED" operation="dbus_method_call"  bus="system" path="/org/freedesktop/PolicyKit1/Authority" interface="org.freedesktop.DBus.Properties" member="GetAll" mask="send" name=":1.12" pid=64289 label="snap.snap-store.ubuntu-software" peer_pid=1076 peer_label="unconfined"
2026-08-03T01:28:12.031312+06:30 chan-dell kernel:  exe="/usr/bin/dbus-daemon" sauid=102 hostname=? addr=? terminal=?'
2026-08-03T01:28:12.032274+06:30 chan-dell kernel: audit: type=1107 audit(1785697092.030:546): pid=1069 uid=102 auid=4294967295 ses=4294967295 subj=unconfined msg='apparmor="DENIED" operation="dbus_method_call"  bus="system" path="/org/freedesktop/PolicyKit1/Authority" interface="org.freedesktop.PolicyKit1.Authority" member="CheckAuthorization" mask="send" name=":1.12" pid=64289 label="snap.snap-store.ubuntu-software" peer_pid=1076 peer_label="unconfined"
2026-08-03T01:28:12.032294+06:30 chan-dell kernel:  exe="/usr/bin/dbus-daemon" sauid=102 hostname=? addr=? terminal=?'
2026-08-03T01:28:12.045306+06:30 chan-dell kernel: audit: type=1107 audit(1785697092.043:547): pid=1069 uid=102 auid=4294967295 ses=4294967295 subj=unconfined msg='apparmor="DENIED" operation="dbus_method_call"  bus="system" path="/org/freedesktop/PolicyKit1/Authority" interface="org.freedesktop.DBus.Properties" member="GetAll" mask="send" name=":1.12" pid=64289 label="snap.snap-store.ubuntu-software" peer_pid=1076 peer_label="unconfined"
2026-08-03T01:28:12.045326+06:30 chan-dell kernel:  exe="/usr/bin/dbus-daemon" sauid=102 hostname=? addr=? terminal=?'
2026-08-03T01:28:12.045328+06:30 chan-dell kernel: audit: type=1107 audit(1785697092.043:548): pid=1069 uid=102 auid=4294967295 ses=4294967295 subj=unconfined msg='apparmor="DENIED" operation="dbus_method_call"  bus="system" path="/org/freedesktop/PolicyKit1/Authority" interface="org.freedesktop.PolicyKit1.Authority" member="CheckAuthorization" mask="send" name=":1.12" pid=64289 label="snap.snap-store.ubuntu-software" peer_pid=1076 peer_label="unconfined"
2026-08-03T01:28:12.045330+06:30 chan-dell kernel:  exe="/usr/bin/dbus-daemon" sauid=102 hostname=? addr=? terminal=?'
2026-08-03T01:28:34.978366+06:30 chan-dell kernel: workqueue: delayed_fput hogged CPU for >10000us 67 times, consider switching to WQ_UNBOUND
2026-08-03T01:29:04.890435+06:30 chan-dell kernel: audit: type=1400 audit(1785697144.888:549): apparmor="DENIED" operation="open" class="file" profile="/usr/bin/wsdd" name="/usr/share/coreutils/locales/uucore/en-US.ftl" pid=65616 comm="wsdd" requested_mask="r" denied_mask="r" fsuid=1000 ouid=0
2026-08-03T01:56:19.011272+06:30 chan-dell kernel: PM: suspend entry (deep)
2026-08-03T01:56:19.015289+06:30 chan-dell kernel: Filesystems sync: 0.003 seconds
2026-08-03T09:44:27.814819+06:30 chan-dell kernel: Freezing user space processes
2026-08-03T09:44:27.815173+06:30 chan-dell kernel: Freezing user space processes completed (elapsed 0.001 seconds)
2026-08-03T09:44:27.815185+06:30 chan-dell kernel: OOM killer disabled.
2026-08-03T09:44:27.815190+06:30 chan-dell kernel: Freezing remaining freezable tasks
2026-08-03T09:44:27.815198+06:30 chan-dell kernel: Freezing remaining freezable tasks completed (elapsed 0.000 seconds)
2026-08-03T09:44:27.815205+06:30 chan-dell kernel: printk: Suspending console(s) (use no_console_suspend to debug)
2026-08-03T09:44:27.815212+06:30 chan-dell kernel: e1000e: EEE TX LPI TIMER: 00000011
2026-08-03T09:44:27.815219+06:30 chan-dell kernel: sd 2:0:0:0: [sda] Synchronizing SCSI cache
2026-08-03T09:44:27.815223+06:30 chan-dell kernel: ata3.00: Entering standby power mode
2026-08-03T09:44:27.815228+06:30 chan-dell kernel: pcieport 0000:00:1c.0: Intel SPT PCH root port ACS workaround enabled
2026-08-03T09:44:27.815235+06:30 chan-dell kernel: ACPI: EC: interrupt blocked
2026-08-03T09:44:27.815240+06:30 chan-dell kernel: ACPI: PM: Preparing to enter system sleep state S3
2026-08-03T09:44:27.815248+06:30 chan-dell kernel: ACPI: EC: event blocked
2026-08-03T09:44:27.815252+06:30 chan-dell kernel: ACPI: EC: EC stopped
2026-08-03T09:44:27.815259+06:30 chan-dell kernel: ACPI: PM: Saving platform NVS memory
2026-08-03T09:44:27.815264+06:30 chan-dell kernel: Disabling non-boot CPUs ...
2026-08-03T09:44:27.815270+06:30 chan-dell kernel: smpboot: CPU 3 is now offline
2026-08-03T09:44:27.815274+06:30 chan-dell kernel: smpboot: CPU 2 is now offline
2026-08-03T09:44:27.815279+06:30 chan-dell kernel: smpboot: CPU 1 is now offline
2026-08-03T09:44:27.815284+06:30 chan-dell kernel: ACPI: PM: Low-level resume complete
2026-08-03T09:44:27.817870+06:30 chan-dell kernel: ACPI: EC: EC started
2026-08-03T09:44:27.817887+06:30 chan-dell kernel: ACPI: PM: Restoring platform NVS memory
2026-08-03T09:44:27.817892+06:30 chan-dell kernel: Enabling non-boot CPUs ...
2026-08-03T09:44:27.817897+06:30 chan-dell kernel: smpboot: Booting Node 0 Processor 1 APIC 0x2
2026-08-03T09:44:27.817903+06:30 chan-dell kernel: CPU1 is up
2026-08-03T09:44:27.817908+06:30 chan-dell kernel: smpboot: Booting Node 0 Processor 2 APIC 0x1
2026-08-03T09:44:27.817915+06:30 chan-dell kernel: CPU2 is up
2026-08-03T09:44:27.817923+06:30 chan-dell kernel: smpboot: Booting Node 0 Processor 3 APIC 0x3
2026-08-03T09:44:27.817927+06:30 chan-dell kernel: CPU3 is up
2026-08-03T09:44:27.817931+06:30 chan-dell kernel: ACPI: PM: Waking up from system sleep state S3
2026-08-03T09:44:27.817936+06:30 chan-dell kernel: pcieport 0000:00:1c.0: Intel SPT PCH root port ACS workaround enabled
2026-08-03T09:44:27.817941+06:30 chan-dell kernel: pcieport 0000:00:1c.2: Intel SPT PCH root port ACS workaround enabled
2026-08-03T09:44:27.817946+06:30 chan-dell kernel: ACPI: EC: interrupt unblocked
2026-08-03T09:44:27.817951+06:30 chan-dell kernel: xhci_hcd 0000:00:14.0: xHC error in resume, USBSTS 0x411, Reinit
2026-08-03T09:44:27.817955+06:30 chan-dell kernel: usb usb1: root hub lost power or was reset
2026-08-03T09:44:27.817960+06:30 chan-dell kernel: usb usb2: root hub lost power or was reset
2026-08-03T09:44:27.817965+06:30 chan-dell kernel: ACPI: EC: event unblocked
2026-08-03T09:44:27.817970+06:30 chan-dell kernel: usb 1-5: reset high-speed USB device number 2 using xhci_hcd
2026-08-03T09:44:27.817974+06:30 chan-dell kernel: ata3: SATA link up 6.0 Gbps (SStatus 133 SControl 300)
2026-08-03T09:44:27.817980+06:30 chan-dell kernel: ata3.00: ACPI cmd f5/00:00:00:00:00:00(SECURITY FREEZE LOCK) filtered out
2026-08-03T09:44:27.817988+06:30 chan-dell kernel: ata3.00: ACPI cmd b1/c1:00:00:00:00:00(DEVICE CONFIGURATION OVERLAY) filtered out
2026-08-03T09:44:27.817992+06:30 chan-dell kernel: sd 2:0:0:0: [sda] Starting disk
2026-08-03T09:44:27.817997+06:30 chan-dell kernel: ata3.00: ACPI cmd f5/00:00:00:00:00:00(SECURITY FREEZE LOCK) filtered out
2026-08-03T09:44:27.818003+06:30 chan-dell kernel: ata3.00: ACPI cmd b1/c1:00:00:00:00:00(DEVICE CONFIGURATION OVERLAY) filtered out
2026-08-03T09:44:27.818007+06:30 chan-dell kernel: ata3.00: configured for UDMA/133
2026-08-03T09:44:27.818012+06:30 chan-dell kernel: ata3.00: Enabling discard_zeroes_data
2026-08-03T09:44:27.818016+06:30 chan-dell kernel: usb 1-7: WARN: invalid context state for evaluate context command.
2026-08-03T09:44:27.818021+06:30 chan-dell kernel: usb 1-7: reset full-speed USB device number 3 using xhci_hcd
2026-08-03T09:44:27.818025+06:30 chan-dell kernel: Bluetooth: hci0: Bootloader revision 0.0 build 26 week 38 2015
2026-08-03T09:44:27.818031+06:30 chan-dell kernel: Bluetooth: hci0: Device revision is 16
2026-08-03T09:44:27.818035+06:30 chan-dell kernel: Bluetooth: hci0: Secure boot is enabled
2026-08-03T09:44:27.818040+06:30 chan-dell kernel: Bluetooth: hci0: OTP lock is enabled
2026-08-03T09:44:27.818045+06:30 chan-dell kernel: Bluetooth: hci0: API lock is enabled
2026-08-03T09:44:27.818049+06:30 chan-dell kernel: Bluetooth: hci0: Debug lock is disabled
2026-08-03T09:44:27.818054+06:30 chan-dell kernel: Bluetooth: hci0: Minimum firmware build 1 week 10 2014
2026-08-03T09:44:27.818059+06:30 chan-dell kernel: OOM killer enabled.
2026-08-03T09:44:27.818064+06:30 chan-dell kernel: Restarting tasks: Starting
2026-08-03T09:44:27.818069+06:30 chan-dell kernel: Restarting tasks: Done
2026-08-03T09:44:27.818073+06:30 chan-dell kernel: efivarfs: resyncing variable state
2026-08-03T09:44:27.818078+06:30 chan-dell kernel: Bluetooth: hci0: Found device firmware: intel/ibt-12-16.sfi
2026-08-03T09:44:27.855442+06:30 chan-dell kernel: efivarfs: finished resyncing variable state
2026-08-03T09:44:27.855779+06:30 chan-dell kernel: random: crng reseeded on system resumption
2026-08-03T09:44:27.906606+06:30 chan-dell kernel: mei_hdcp 0000:00:16.0-b638ab7e-94e2-4ea2-a552-d1c54b627f04: bound 0000:00:02.0 (ops i915_hdcp_ops [i915])
2026-08-03T09:44:28.144520+06:30 chan-dell kernel: PM: suspend exit
2026-08-03T09:44:28.408086+06:30 chan-dell kernel: e1000e 0000:00:1f.6 enp0s31f6: NIC Link is Down
2026-08-03T09:44:29.751440+06:30 chan-dell kernel: Bluetooth: hci0: Waiting for firmware download to complete
2026-08-03T09:44:29.751656+06:30 chan-dell kernel: Bluetooth: hci0: Firmware loaded in 1894715 usecs
2026-08-03T09:44:29.752400+06:30 chan-dell kernel: Bluetooth: hci0: Waiting for device to boot
2026-08-03T09:44:29.765427+06:30 chan-dell kernel: Bluetooth: hci0: Device booted in 12847 usecs
2026-08-03T09:44:29.765544+06:30 chan-dell kernel: Bluetooth: hci0: Found Intel DDC parameters: intel/ibt-12-16.ddc
2026-08-03T09:44:29.768409+06:30 chan-dell kernel: Bluetooth: hci0: Applying Intel DDC parameters completed
2026-08-03T09:44:29.769409+06:30 chan-dell kernel: Bluetooth: hci0: Firmware revision 0.1 build 19 week 44 2021
2026-08-03T09:44:29.771410+06:30 chan-dell kernel: Bluetooth: hci0: Reading supported features failed (-16)
2026-08-03T09:44:29.771458+06:30 chan-dell kernel: Bluetooth: hci0: Error reading debug features
2026-08-03T09:44:29.771473+06:30 chan-dell kernel: Bluetooth: hci0: HCI LE Coded PHY feature bit is set, but its usage is not supported.
2026-08-03T09:44:29.823429+06:30 chan-dell kernel: Bluetooth: MGMT ver 1.23
2026-08-03T09:44:32.607449+06:30 chan-dell kernel: wlp2s0: authenticate with d0:96:fb:26:69:ff (local address=28:c6:3f:1a:a9:50)
2026-08-03T09:44:32.609379+06:30 chan-dell kernel: wlp2s0: send auth to d0:96:fb:26:69:ff (try 1/3)
2026-08-03T09:44:32.615322+06:30 chan-dell kernel: wlp2s0: authenticated
2026-08-03T09:44:32.615581+06:30 chan-dell kernel: wlp2s0: associating to AP d0:96:fb:26:69:ff with corrupt probe response
2026-08-03T09:44:32.616977+06:30 chan-dell kernel: wlp2s0: associate with d0:96:fb:26:69:ff (try 1/3)
2026-08-03T09:44:32.621317+06:30 chan-dell kernel: wlp2s0: RX AssocResp from d0:96:fb:26:69:ff (capab=0x411 status=0 aid=6)
2026-08-03T09:44:32.624315+06:30 chan-dell kernel: wlp2s0: associated
2026-08-03T09:44:50.959402+06:30 chan-dell kernel: audit: type=1400 audit(1785726890.958:550): apparmor="AUDIT" operation="userns_create" class="namespace" info="Userns create - transitioning profile" profile="unconfined" pid=67510 comm="Outline" requested="userns_create" target="unprivileged_userns" execpath="/opt/Outline/Outline"
2026-08-03T09:44:50.962351+06:30 chan-dell kernel: audit: type=1400 audit(1785726890.960:551): apparmor="DENIED" operation="capable" class="cap" profile="unprivileged_userns" pid=67513 comm="Outline" capability=1  capname="dac_override"
2026-08-03T11:09:22.096937+06:30 chan-dell kernel: wlp2s0: deauthenticating from d0:96:fb:26:69:ff by local choice (Reason: 3=DEAUTH_LEAVING)
2026-08-03T11:09:24.684866+06:30 chan-dell kernel: PM: suspend entry (deep)
2026-08-03T11:09:24.689825+06:30 chan-dell kernel: Filesystems sync: 0.004 seconds
2026-08-03T11:17:26.949682+06:30 chan-dell kernel: Freezing user space processes
2026-08-03T11:17:26.950027+06:30 chan-dell kernel: Freezing user space processes completed (elapsed 0.002 seconds)
2026-08-03T11:17:26.950046+06:30 chan-dell kernel: OOM killer disabled.
2026-08-03T11:17:26.950054+06:30 chan-dell kernel: Freezing remaining freezable tasks
2026-08-03T11:17:26.950061+06:30 chan-dell kernel: Freezing remaining freezable tasks completed (elapsed 0.001 seconds)
2026-08-03T11:17:26.950067+06:30 chan-dell kernel: printk: Suspending console(s) (use no_console_suspend to debug)
2026-08-03T11:17:26.950074+06:30 chan-dell kernel: e1000e: EEE TX LPI TIMER: 00000011
2026-08-03T11:17:26.950080+06:30 chan-dell kernel: pcieport 0000:00:1c.0: Intel SPT PCH root port ACS workaround enabled
2026-08-03T11:17:26.950086+06:30 chan-dell kernel: sd 2:0:0:0: [sda] Synchronizing SCSI cache
2026-08-03T11:17:26.950093+06:30 chan-dell kernel: ata3.00: Entering standby power mode
2026-08-03T11:17:26.950099+06:30 chan-dell kernel: ACPI: EC: interrupt blocked
2026-08-03T11:17:26.950103+06:30 chan-dell kernel: ACPI: PM: Preparing to enter system sleep state S3
2026-08-03T11:17:26.950109+06:30 chan-dell kernel: ACPI: EC: event blocked
2026-08-03T11:17:26.950115+06:30 chan-dell kernel: ACPI: EC: EC stopped
2026-08-03T11:17:26.950120+06:30 chan-dell kernel: ACPI: PM: Saving platform NVS memory
2026-08-03T11:17:26.950127+06:30 chan-dell kernel: Disabling non-boot CPUs ...
2026-08-03T11:17:26.950132+06:30 chan-dell kernel: smpboot: CPU 3 is now offline
2026-08-03T11:17:26.950138+06:30 chan-dell kernel: smpboot: CPU 2 is now offline
2026-08-03T11:17:26.950144+06:30 chan-dell kernel: smpboot: CPU 1 is now offline
2026-08-03T11:17:26.950150+06:30 chan-dell kernel: ACPI: PM: Low-level resume complete
2026-08-03T11:17:26.950157+06:30 chan-dell kernel: ACPI: EC: EC started
2026-08-03T11:17:26.950161+06:30 chan-dell kernel: ACPI: PM: Restoring platform NVS memory
2026-08-03T11:17:26.950167+06:30 chan-dell kernel: Enabling non-boot CPUs ...
2026-08-03T11:17:26.950174+06:30 chan-dell kernel: smpboot: Booting Node 0 Processor 1 APIC 0x2
2026-08-03T11:17:26.950179+06:30 chan-dell kernel: CPU1 is up
2026-08-03T11:17:26.950185+06:30 chan-dell kernel: smpboot: Booting Node 0 Processor 2 APIC 0x1
2026-08-03T11:17:26.950191+06:30 chan-dell kernel: CPU2 is up
2026-08-03T11:17:26.950197+06:30 chan-dell kernel: smpboot: Booting Node 0 Processor 3 APIC 0x3
2026-08-03T11:17:26.950201+06:30 chan-dell kernel: CPU3 is up
2026-08-03T11:17:26.950208+06:30 chan-dell kernel: ACPI: PM: Waking up from system sleep state S3
2026-08-03T11:17:26.950214+06:30 chan-dell kernel: pcieport 0000:00:1c.0: Intel SPT PCH root port ACS workaround enabled
2026-08-03T11:17:26.950219+06:30 chan-dell kernel: pcieport 0000:00:1c.2: Intel SPT PCH root port ACS workaround enabled
2026-08-03T11:17:26.950225+06:30 chan-dell kernel: ACPI: EC: interrupt unblocked
2026-08-03T11:17:26.950231+06:30 chan-dell kernel: xhci_hcd 0000:00:14.0: xHC error in resume, USBSTS 0x411, Reinit
2026-08-03T11:17:26.950237+06:30 chan-dell kernel: usb usb1: root hub lost power or was reset
2026-08-03T11:17:26.950241+06:30 chan-dell kernel: usb usb2: root hub lost power or was reset
2026-08-03T11:17:26.950248+06:30 chan-dell kernel: workqueue: i915_hpd_poll_init_work [i915] hogged CPU for >10000us 7 times, consider switching to WQ_UNBOUND
2026-08-03T11:17:26.950255+06:30 chan-dell kernel: usb 1-5: reset high-speed USB device number 2 using xhci_hcd
2026-08-03T11:17:26.950261+06:30 chan-dell kernel: ata3: SATA link up 6.0 Gbps (SStatus 133 SControl 300)
2026-08-03T11:17:26.950266+06:30 chan-dell kernel: ata3.00: ACPI cmd f5/00:00:00:00:00:00(SECURITY FREEZE LOCK) filtered out
2026-08-03T11:17:26.950271+06:30 chan-dell kernel: ata3.00: ACPI cmd b1/c1:00:00:00:00:00(DEVICE CONFIGURATION OVERLAY) filtered out
2026-08-03T11:17:26.950276+06:30 chan-dell kernel: sd 2:0:0:0: [sda] Starting disk
2026-08-03T11:17:26.950282+06:30 chan-dell kernel: ata3.00: ACPI cmd f5/00:00:00:00:00:00(SECURITY FREEZE LOCK) filtered out
2026-08-03T11:17:26.950287+06:30 chan-dell kernel: ata3.00: ACPI cmd b1/c1:00:00:00:00:00(DEVICE CONFIGURATION OVERLAY) filtered out
2026-08-03T11:17:26.950293+06:30 chan-dell kernel: ata3.00: configured for UDMA/133
2026-08-03T11:17:26.950299+06:30 chan-dell kernel: ata3.00: Enabling discard_zeroes_data
2026-08-03T11:17:26.950303+06:30 chan-dell kernel: ACPI: EC: event unblocked
2026-08-03T11:17:26.950309+06:30 chan-dell kernel: usb 1-7: WARN: invalid context state for evaluate context command.
2026-08-03T11:17:26.950314+06:30 chan-dell kernel: usb 1-7: reset full-speed USB device number 3 using xhci_hcd
2026-08-03T11:17:26.950319+06:30 chan-dell kernel: mei_hdcp 0000:00:16.0-b638ab7e-94e2-4ea2-a552-d1c54b627f04: bound 0000:00:02.0 (ops i915_hdcp_ops [i915])
2026-08-03T11:17:26.950324+06:30 chan-dell kernel: OOM killer enabled.
2026-08-03T11:17:26.950330+06:30 chan-dell kernel: Restarting tasks: Starting
2026-08-03T11:17:26.950336+06:30 chan-dell kernel: Bluetooth: hci0: Bootloader revision 0.0 build 26 week 38 2015
2026-08-03T11:17:26.950342+06:30 chan-dell kernel: Bluetooth: hci0: Device revision is 16
2026-08-03T11:17:26.950347+06:30 chan-dell kernel: Bluetooth: hci0: Secure boot is enabled
2026-08-03T11:17:26.950352+06:30 chan-dell kernel: Bluetooth: hci0: OTP lock is enabled
2026-08-03T11:17:26.950357+06:30 chan-dell kernel: Bluetooth: hci0: API lock is enabled
2026-08-03T11:17:26.950363+06:30 chan-dell kernel: Bluetooth: hci0: Debug lock is disabled
2026-08-03T11:17:26.950369+06:30 chan-dell kernel: Bluetooth: hci0: Minimum firmware build 1 week 10 2014
2026-08-03T11:17:26.980193+06:30 chan-dell kernel: Restarting tasks: Done
2026-08-03T11:17:26.980243+06:30 chan-dell kernel: efivarfs: resyncing variable state
2026-08-03T11:17:26.980250+06:30 chan-dell kernel: Bluetooth: hci0: Found device firmware: intel/ibt-12-16.sfi
2026-08-03T11:17:26.980256+06:30 chan-dell kernel: efivarfs: finished resyncing variable state
2026-08-03T11:17:26.980265+06:30 chan-dell kernel: random: crng reseeded on system resumption
2026-08-03T11:17:27.164568+06:30 chan-dell kernel: PM: suspend exit
2026-08-03T11:17:27.631069+06:30 chan-dell kernel: e1000e 0000:00:1f.6 enp0s31f6: NIC Link is Down
2026-08-03T11:17:28.901500+06:30 chan-dell kernel: Bluetooth: hci0: Waiting for firmware download to complete
2026-08-03T11:17:28.901522+06:30 chan-dell kernel: Bluetooth: hci0: Firmware loaded in 1880223 usecs
2026-08-03T11:17:28.902498+06:30 chan-dell kernel: Bluetooth: hci0: Waiting for device to boot
2026-08-03T11:17:28.914653+06:30 chan-dell kernel: Bluetooth: hci0: Device booted in 12664 usecs
2026-08-03T11:17:28.918619+06:30 chan-dell kernel: Bluetooth: hci0: Found Intel DDC parameters: intel/ibt-12-16.ddc
2026-08-03T11:17:28.921678+06:30 chan-dell kernel: Bluetooth: hci0: Applying Intel DDC parameters completed
2026-08-03T11:17:28.922504+06:30 chan-dell kernel: Bluetooth: hci0: Firmware revision 0.1 build 19 week 44 2021
2026-08-03T11:17:28.924494+06:30 chan-dell kernel: Bluetooth: hci0: Reading supported features failed (-16)
2026-08-03T11:17:28.924515+06:30 chan-dell kernel: Bluetooth: hci0: Error reading debug features
2026-08-03T11:17:28.924518+06:30 chan-dell kernel: Bluetooth: hci0: HCI LE Coded PHY feature bit is set, but its usage is not supported.
2026-08-03T11:17:28.976492+06:30 chan-dell kernel: Bluetooth: MGMT ver 1.23
2026-08-03T11:17:31.729501+06:30 chan-dell kernel: wlp2s0: authenticate with d0:96:fb:26:69:ff (local address=28:c6:3f:1a:a9:50)
2026-08-03T11:17:31.731356+06:30 chan-dell kernel: wlp2s0: send auth to d0:96:fb:26:69:ff (try 1/3)
2026-08-03T11:17:31.738505+06:30 chan-dell kernel: wlp2s0: authenticated
2026-08-03T11:17:31.739866+06:30 chan-dell kernel: wlp2s0: associating to AP d0:96:fb:26:69:ff with corrupt probe response
2026-08-03T11:17:31.739884+06:30 chan-dell kernel: wlp2s0: associate with d0:96:fb:26:69:ff (try 1/3)
2026-08-03T11:17:31.744503+06:30 chan-dell kernel: wlp2s0: RX AssocResp from d0:96:fb:26:69:ff (capab=0x411 status=0 aid=1)
2026-08-03T11:17:31.754749+06:30 chan-dell kernel: wlp2s0: associated
2026-08-03T11:50:51.262970+06:30 chan-dell kernel: wlp2s0: deauthenticating from d0:96:fb:26:69:ff by local choice (Reason: 3=DEAUTH_LEAVING)
2026-08-03T11:50:53.122782+06:30 chan-dell kernel: PM: suspend entry (deep)
2026-08-03T11:50:53.130025+06:30 chan-dell kernel: Filesystems sync: 0.004 seconds
2026-08-03T12:02:16.768188+06:30 chan-dell kernel: Freezing user space processes
2026-08-03T12:02:16.768363+06:30 chan-dell kernel: Freezing user space processes completed (elapsed 0.003 seconds)
2026-08-03T12:02:16.768372+06:30 chan-dell kernel: OOM killer disabled.
2026-08-03T12:02:16.768376+06:30 chan-dell kernel: Freezing remaining freezable tasks
2026-08-03T12:02:16.768379+06:30 chan-dell kernel: Freezing remaining freezable tasks completed (elapsed 0.001 seconds)
2026-08-03T12:02:16.768382+06:30 chan-dell kernel: printk: Suspending console(s) (use no_console_suspend to debug)
2026-08-03T12:02:16.768385+06:30 chan-dell kernel: e1000e: EEE TX LPI TIMER: 00000011
2026-08-03T12:02:16.768388+06:30 chan-dell kernel: sd 2:0:0:0: [sda] Synchronizing SCSI cache
2026-08-03T12:02:16.768390+06:30 chan-dell kernel: ata3.00: Entering standby power mode
2026-08-03T12:02:16.768393+06:30 chan-dell kernel: pcieport 0000:00:1c.0: Intel SPT PCH root port ACS workaround enabled
2026-08-03T12:02:16.768396+06:30 chan-dell kernel: ACPI: EC: interrupt blocked
2026-08-03T12:02:16.768398+06:30 chan-dell kernel: ACPI: PM: Preparing to enter system sleep state S3
2026-08-03T12:02:16.768401+06:30 chan-dell kernel: ACPI: EC: event blocked
2026-08-03T12:02:16.768403+06:30 chan-dell kernel: ACPI: EC: EC stopped
2026-08-03T12:02:16.768406+06:30 chan-dell kernel: ACPI: PM: Saving platform NVS memory
2026-08-03T12:02:16.768409+06:30 chan-dell kernel: Disabling non-boot CPUs ...
2026-08-03T12:02:16.768412+06:30 chan-dell kernel: smpboot: CPU 3 is now offline
2026-08-03T12:02:16.768414+06:30 chan-dell kernel: smpboot: CPU 2 is now offline
2026-08-03T12:02:16.768417+06:30 chan-dell kernel: smpboot: CPU 1 is now offline
2026-08-03T12:02:16.768421+06:30 chan-dell kernel: ACPI: PM: Low-level resume complete
2026-08-03T12:02:16.768423+06:30 chan-dell kernel: ACPI: EC: EC started
2026-08-03T12:02:16.768426+06:30 chan-dell kernel: ACPI: PM: Restoring platform NVS memory
2026-08-03T12:02:16.768429+06:30 chan-dell kernel: Enabling non-boot CPUs ...
2026-08-03T12:02:16.768432+06:30 chan-dell kernel: smpboot: Booting Node 0 Processor 1 APIC 0x2
2026-08-03T12:02:16.768434+06:30 chan-dell kernel: CPU1 is up
2026-08-03T12:02:16.768437+06:30 chan-dell kernel: smpboot: Booting Node 0 Processor 2 APIC 0x1
2026-08-03T12:02:16.768440+06:30 chan-dell kernel: CPU2 is up
2026-08-03T12:02:16.768442+06:30 chan-dell kernel: smpboot: Booting Node 0 Processor 3 APIC 0x3
2026-08-03T12:02:16.768445+06:30 chan-dell kernel: CPU3 is up
2026-08-03T12:02:16.768448+06:30 chan-dell kernel: ACPI: PM: Waking up from system sleep state S3
2026-08-03T12:02:16.768451+06:30 chan-dell kernel: pcieport 0000:00:1c.0: Intel SPT PCH root port ACS workaround enabled
2026-08-03T12:02:16.768453+06:30 chan-dell kernel: ACPI: EC: interrupt unblocked
2026-08-03T12:02:16.768456+06:30 chan-dell kernel: pcieport 0000:00:1c.2: Intel SPT PCH root port ACS workaround enabled
2026-08-03T12:02:16.768459+06:30 chan-dell kernel: xhci_hcd 0000:00:14.0: xHC error in resume, USBSTS 0x411, Reinit
2026-08-03T12:02:16.768461+06:30 chan-dell kernel: usb usb1: root hub lost power or was reset
2026-08-03T12:02:16.768464+06:30 chan-dell kernel: usb usb2: root hub lost power or was reset
2026-08-03T12:02:16.768467+06:30 chan-dell kernel: ACPI: EC: event unblocked
2026-08-03T12:02:16.768470+06:30 chan-dell kernel: usb 1-7: WARN: invalid context state for evaluate context command.
2026-08-03T12:02:16.768472+06:30 chan-dell kernel: ata3: SATA link up 6.0 Gbps (SStatus 133 SControl 300)
2026-08-03T12:02:16.768475+06:30 chan-dell kernel: usb 1-7: reset full-speed USB device number 3 using xhci_hcd
2026-08-03T12:02:16.768477+06:30 chan-dell kernel: ata3.00: ACPI cmd f5/00:00:00:00:00:00(SECURITY FREEZE LOCK) filtered out
2026-08-03T12:02:16.768480+06:30 chan-dell kernel: ata3.00: ACPI cmd b1/c1:00:00:00:00:00(DEVICE CONFIGURATION OVERLAY) filtered out
2026-08-03T12:02:16.768483+06:30 chan-dell kernel: sd 2:0:0:0: [sda] Starting disk
2026-08-03T12:02:16.768485+06:30 chan-dell kernel: ata3.00: ACPI cmd f5/00:00:00:00:00:00(SECURITY FREEZE LOCK) filtered out
2026-08-03T12:02:16.768488+06:30 chan-dell kernel: ata3.00: ACPI cmd b1/c1:00:00:00:00:00(DEVICE CONFIGURATION OVERLAY) filtered out
2026-08-03T12:02:16.768491+06:30 chan-dell kernel: ata3.00: configured for UDMA/133
2026-08-03T12:02:16.768493+06:30 chan-dell kernel: ata3.00: Enabling discard_zeroes_data
2026-08-03T12:02:16.768496+06:30 chan-dell kernel: usb 1-5: reset high-speed USB device number 2 using xhci_hcd
2026-08-03T12:02:16.768498+06:30 chan-dell kernel: Bluetooth: hci0: Bootloader revision 0.0 build 26 week 38 2015
2026-08-03T12:02:16.768500+06:30 chan-dell kernel: Bluetooth: hci0: Device revision is 16
2026-08-03T12:02:16.768502+06:30 chan-dell kernel: Bluetooth: hci0: Secure boot is enabled
2026-08-03T12:02:16.768505+06:30 chan-dell kernel: Bluetooth: hci0: OTP lock is enabled
2026-08-03T12:02:16.768508+06:30 chan-dell kernel: Bluetooth: hci0: API lock is enabled
2026-08-03T12:02:16.768510+06:30 chan-dell kernel: Bluetooth: hci0: Debug lock is disabled
2026-08-03T12:02:16.768513+06:30 chan-dell kernel: Bluetooth: hci0: Minimum firmware build 1 week 10 2014
2026-08-03T12:02:16.768516+06:30 chan-dell kernel: OOM killer enabled.
2026-08-03T12:02:16.768518+06:30 chan-dell kernel: Restarting tasks: Starting
2026-08-03T12:02:16.770654+06:30 chan-dell kernel: Bluetooth: hci0: Found device firmware: intel/ibt-12-16.sfi
2026-08-03T12:02:16.771307+06:30 chan-dell kernel: Restarting tasks: Done
2026-08-03T12:02:16.771321+06:30 chan-dell kernel: efivarfs: resyncing variable state
2026-08-03T12:02:16.849280+06:30 chan-dell kernel: efivarfs: finished resyncing variable state
2026-08-03T12:02:16.849333+06:30 chan-dell kernel: random: crng reseeded on system resumption
2026-08-03T12:02:16.910394+06:30 chan-dell kernel: mei_hdcp 0000:00:16.0-b638ab7e-94e2-4ea2-a552-d1c54b627f04: bound 0000:00:02.0 (ops i915_hdcp_ops [i915])
2026-08-03T12:02:17.036617+06:30 chan-dell kernel: PM: suspend exit
2026-08-03T12:02:17.341046+06:30 chan-dell kernel: e1000e 0000:00:1f.6 enp0s31f6: NIC Link is Down
2026-08-03T12:02:18.433243+06:30 chan-dell kernel: Bluetooth: hci0: Waiting for firmware download to complete
2026-08-03T12:02:18.434241+06:30 chan-dell kernel: Bluetooth: hci0: Firmware loaded in 1624838 usecs
2026-08-03T12:02:18.434260+06:30 chan-dell kernel: Bluetooth: hci0: Waiting for device to boot
2026-08-03T12:02:18.447243+06:30 chan-dell kernel: Bluetooth: hci0: Device booted in 12624 usecs
2026-08-03T12:02:18.447330+06:30 chan-dell kernel: Bluetooth: hci0: Found Intel DDC parameters: intel/ibt-12-16.ddc
2026-08-03T12:02:18.450243+06:30 chan-dell kernel: Bluetooth: hci0: Applying Intel DDC parameters completed
2026-08-03T12:02:18.451242+06:30 chan-dell kernel: Bluetooth: hci0: Firmware revision 0.1 build 19 week 44 2021
2026-08-03T12:02:18.453250+06:30 chan-dell kernel: Bluetooth: hci0: Reading supported features failed (-16)
2026-08-03T12:02:18.453276+06:30 chan-dell kernel: Bluetooth: hci0: Error reading debug features
2026-08-03T12:02:18.453279+06:30 chan-dell kernel: Bluetooth: hci0: HCI LE Coded PHY feature bit is set, but its usage is not supported.
2026-08-03T12:02:18.504490+06:30 chan-dell kernel: Bluetooth: MGMT ver 1.23
2026-08-03T12:02:21.299243+06:30 chan-dell kernel: wlp2s0: authenticate with d0:96:fb:26:69:ff (local address=28:c6:3f:1a:a9:50)
2026-08-03T12:02:21.301247+06:30 chan-dell kernel: wlp2s0: send auth to d0:96:fb:26:69:ff (try 1/3)
2026-08-03T12:02:21.307264+06:30 chan-dell kernel: wlp2s0: authenticated
2026-08-03T12:02:21.307277+06:30 chan-dell kernel: wlp2s0: associating to AP d0:96:fb:26:69:ff with corrupt probe response
2026-08-03T12:02:21.308274+06:30 chan-dell kernel: wlp2s0: associate with d0:96:fb:26:69:ff (try 1/3)
2026-08-03T12:02:21.312276+06:30 chan-dell kernel: wlp2s0: RX AssocResp from d0:96:fb:26:69:ff (capab=0x411 status=0 aid=1)
2026-08-03T12:02:21.314302+06:30 chan-dell kernel: wlp2s0: associated
2026-08-03T12:12:39.147268+06:30 chan-dell kernel: wlp2s0: deauthenticating from d0:96:fb:26:69:ff by local choice (Reason: 3=DEAUTH_LEAVING)
2026-08-03T12:12:40.741240+06:30 chan-dell kernel: PM: suspend entry (deep)
2026-08-03T12:12:40.754345+06:30 chan-dell kernel: Filesystems sync: 0.011 seconds
2026-08-03T12:12:40.785251+06:30 chan-dell kernel: Freezing user space processes
2026-08-03T12:40:30.890188+06:30 chan-dell kernel: Freezing user space processes completed (elapsed 0.002 seconds)
2026-08-03T12:40:30.890200+06:30 chan-dell kernel: OOM killer disabled.
2026-08-03T12:40:30.890205+06:30 chan-dell kernel: Freezing remaining freezable tasks
2026-08-03T12:40:30.890208+06:30 chan-dell kernel: Freezing remaining freezable tasks completed (elapsed 0.001 seconds)
2026-08-03T12:40:30.890212+06:30 chan-dell kernel: printk: Suspending console(s) (use no_console_suspend to debug)
2026-08-03T12:40:30.890215+06:30 chan-dell kernel: e1000e: EEE TX LPI TIMER: 00000011
2026-08-03T12:40:30.890218+06:30 chan-dell kernel: sd 2:0:0:0: [sda] Synchronizing SCSI cache
2026-08-03T12:40:30.890221+06:30 chan-dell kernel: ata3.00: Entering standby power mode
2026-08-03T12:40:30.890224+06:30 chan-dell kernel: pcieport 0000:00:1c.0: Intel SPT PCH root port ACS workaround enabled
2026-08-03T12:40:30.890227+06:30 chan-dell kernel: ACPI: EC: interrupt blocked
2026-08-03T12:40:30.890230+06:30 chan-dell kernel: ACPI: PM: Preparing to enter system sleep state S3
2026-08-03T12:40:30.890233+06:30 chan-dell kernel: ACPI: EC: event blocked
2026-08-03T12:40:30.890236+06:30 chan-dell kernel: ACPI: EC: EC stopped
2026-08-03T12:40:30.890239+06:30 chan-dell kernel: ACPI: PM: Saving platform NVS memory
2026-08-03T12:40:30.890242+06:30 chan-dell kernel: Disabling non-boot CPUs ...
2026-08-03T12:40:30.890245+06:30 chan-dell kernel: smpboot: CPU 3 is now offline
2026-08-03T12:40:30.890248+06:30 chan-dell kernel: smpboot: CPU 2 is now offline
2026-08-03T12:40:30.890251+06:30 chan-dell kernel: smpboot: CPU 1 is now offline
2026-08-03T12:40:30.890255+06:30 chan-dell kernel: ACPI: PM: Low-level resume complete
2026-08-03T12:40:30.890258+06:30 chan-dell kernel: ACPI: EC: EC started
2026-08-03T12:40:30.890260+06:30 chan-dell kernel: ACPI: PM: Restoring platform NVS memory
2026-08-03T12:40:30.890263+06:30 chan-dell kernel: Enabling non-boot CPUs ...
2026-08-03T12:40:30.890267+06:30 chan-dell kernel: smpboot: Booting Node 0 Processor 1 APIC 0x2
2026-08-03T12:40:30.890270+06:30 chan-dell kernel: CPU1 is up
2026-08-03T12:40:30.890273+06:30 chan-dell kernel: smpboot: Booting Node 0 Processor 2 APIC 0x1
2026-08-03T12:40:30.890276+06:30 chan-dell kernel: CPU2 is up
2026-08-03T12:40:30.890279+06:30 chan-dell kernel: smpboot: Booting Node 0 Processor 3 APIC 0x3
2026-08-03T12:40:30.890282+06:30 chan-dell kernel: CPU3 is up
2026-08-03T12:40:30.890284+06:30 chan-dell kernel: ACPI: PM: Waking up from system sleep state S3
2026-08-03T12:40:30.890287+06:30 chan-dell kernel: ACPI: EC: interrupt unblocked
2026-08-03T12:40:30.890290+06:30 chan-dell kernel: pcieport 0000:00:1c.0: Intel SPT PCH root port ACS workaround enabled
2026-08-03T12:40:30.890292+06:30 chan-dell kernel: pcieport 0000:00:1c.2: Intel SPT PCH root port ACS workaround enabled
2026-08-03T12:40:30.890295+06:30 chan-dell kernel: DMAR: DRHD: handling fault status reg 2
2026-08-03T12:40:30.890298+06:30 chan-dell kernel: DMAR: [INTR-REMAP] Request device [f0:1f.0] fault index 0x0 [fault reason 0x25] Blocked a compatibility format interrupt request
2026-08-03T12:40:30.890301+06:30 chan-dell kernel: ACPI: EC: event unblocked
2026-08-03T12:40:30.890304+06:30 chan-dell kernel: usb 1-5: reset high-speed USB device number 2 using xhci_hcd
2026-08-03T12:40:30.890306+06:30 chan-dell kernel: ata3: SATA link up 6.0 Gbps (SStatus 133 SControl 300)
2026-08-03T12:40:30.890309+06:30 chan-dell kernel: ata3.00: ACPI cmd f5/00:00:00:00:00:00(SECURITY FREEZE LOCK) filtered out
2026-08-03T12:40:30.890312+06:30 chan-dell kernel: ata3.00: ACPI cmd b1/c1:00:00:00:00:00(DEVICE CONFIGURATION OVERLAY) filtered out
2026-08-03T12:40:30.890315+06:30 chan-dell kernel: sd 2:0:0:0: [sda] Starting disk
2026-08-03T12:40:30.890318+06:30 chan-dell kernel: ata3.00: ACPI cmd f5/00:00:00:00:00:00(SECURITY FREEZE LOCK) filtered out
2026-08-03T12:40:30.890320+06:30 chan-dell kernel: ata3.00: ACPI cmd b1/c1:00:00:00:00:00(DEVICE CONFIGURATION OVERLAY) filtered out
2026-08-03T12:40:30.890323+06:30 chan-dell kernel: ata3.00: configured for UDMA/133
2026-08-03T12:40:30.890326+06:30 chan-dell kernel: ata3.00: Enabling discard_zeroes_data
2026-08-03T12:40:30.890328+06:30 chan-dell kernel: usb 1-7: reset full-speed USB device number 3 using xhci_hcd
2026-08-03T12:40:30.890331+06:30 chan-dell kernel: mei_hdcp 0000:00:16.0-b638ab7e-94e2-4ea2-a552-d1c54b627f04: bound 0000:00:02.0 (ops i915_hdcp_ops [i915])
2026-08-03T12:40:30.890334+06:30 chan-dell kernel: OOM killer enabled.
2026-08-03T12:40:30.890337+06:30 chan-dell kernel: Restarting tasks: Starting
2026-08-03T12:40:30.896564+06:30 chan-dell kernel: Bluetooth: hci0: Bootloader revision 0.0 build 26 week 38 2015
2026-08-03T12:40:30.896589+06:30 chan-dell kernel: Bluetooth: hci0: Device revision is 16
2026-08-03T12:40:30.896593+06:30 chan-dell kernel: Bluetooth: hci0: Secure boot is enabled
2026-08-03T12:40:30.896596+06:30 chan-dell kernel: Bluetooth: hci0: OTP lock is enabled
2026-08-03T12:40:30.896600+06:30 chan-dell kernel: Bluetooth: hci0: API lock is enabled
2026-08-03T12:40:30.896603+06:30 chan-dell kernel: Bluetooth: hci0: Debug lock is disabled
2026-08-03T12:40:30.896606+06:30 chan-dell kernel: Bluetooth: hci0: Minimum firmware build 1 week 10 2014
2026-08-03T12:40:30.901689+06:30 chan-dell kernel: Restarting tasks: Done
2026-08-03T12:40:30.901701+06:30 chan-dell kernel: efivarfs: resyncing variable state
2026-08-03T12:40:30.904598+06:30 chan-dell kernel: Bluetooth: hci0: Found device firmware: intel/ibt-12-16.sfi
2026-08-03T12:40:30.925542+06:30 chan-dell kernel: efivarfs: finished resyncing variable state
2026-08-03T12:40:30.925569+06:30 chan-dell kernel: random: crng reseeded on system resumption
2026-08-03T12:40:31.043127+06:30 chan-dell kernel: PM: suspend exit
2026-08-03T12:40:31.335539+06:30 chan-dell kernel: e1000e 0000:00:1f.6 enp0s31f6: NIC Link is Down
2026-08-03T12:40:32.639632+06:30 chan-dell kernel: Bluetooth: hci0: Waiting for firmware download to complete
2026-08-03T12:40:32.639676+06:30 chan-dell kernel: Bluetooth: hci0: Firmware loaded in 1694911 usecs
2026-08-03T12:40:32.639688+06:30 chan-dell kernel: Bluetooth: hci0: Waiting for device to boot
2026-08-03T12:40:32.652668+06:30 chan-dell kernel: Bluetooth: hci0: Device booted in 12704 usecs
2026-08-03T12:40:32.652722+06:30 chan-dell kernel: Bluetooth: hci0: Found Intel DDC parameters: intel/ibt-12-16.ddc
2026-08-03T12:40:32.655615+06:30 chan-dell kernel: Bluetooth: hci0: Applying Intel DDC parameters completed
2026-08-03T12:40:32.656596+06:30 chan-dell kernel: Bluetooth: hci0: Firmware revision 0.1 build 19 week 44 2021
2026-08-03T12:40:32.658661+06:30 chan-dell kernel: Bluetooth: hci0: Reading supported features failed (-16)
2026-08-03T12:40:32.658696+06:30 chan-dell kernel: Bluetooth: hci0: Error reading debug features
2026-08-03T12:40:32.658707+06:30 chan-dell kernel: Bluetooth: hci0: HCI LE Coded PHY feature bit is set, but its usage is not supported.
2026-08-03T12:40:32.710604+06:30 chan-dell kernel: Bluetooth: MGMT ver 1.23
2026-08-03T12:40:35.290572+06:30 chan-dell kernel: wlp2s0: authenticate with d0:96:fb:26:69:ff (local address=28:c6:3f:1a:a9:50)
2026-08-03T12:40:35.291533+06:30 chan-dell kernel: wlp2s0: send auth to d0:96:fb:26:69:ff (try 1/3)
2026-08-03T12:40:35.300540+06:30 chan-dell kernel: wlp2s0: authenticated
2026-08-03T12:40:35.301533+06:30 chan-dell kernel: wlp2s0: associating to AP d0:96:fb:26:69:ff with corrupt probe response
2026-08-03T12:40:35.303568+06:30 chan-dell kernel: wlp2s0: associate with d0:96:fb:26:69:ff (try 1/3)
2026-08-03T12:40:35.307565+06:30 chan-dell kernel: wlp2s0: RX AssocResp from d0:96:fb:26:69:ff (capab=0x411 status=0 aid=7)
2026-08-03T12:40:35.310536+06:30 chan-dell kernel: wlp2s0: associated
2026-08-03T14:20:07.572573+06:30 chan-dell kernel: wlp2s0: deauthenticating from d0:96:fb:26:69:ff by local choice (Reason: 3=DEAUTH_LEAVING)
2026-08-03T14:20:09.604343+06:30 chan-dell kernel: PM: suspend entry (deep)
2026-08-03T14:20:09.615080+06:30 chan-dell kernel: Filesystems sync: 0.007 seconds
2026-08-03T14:36:21.938086+06:30 chan-dell kernel: Freezing user space processes
2026-08-03T14:36:21.938343+06:30 chan-dell kernel: Freezing user space processes completed (elapsed 0.004 seconds)
2026-08-03T14:36:21.938354+06:30 chan-dell kernel: OOM killer disabled.
2026-08-03T14:36:21.938361+06:30 chan-dell kernel: Freezing remaining freezable tasks
2026-08-03T14:36:21.938366+06:30 chan-dell kernel: Freezing remaining freezable tasks completed (elapsed 0.002 seconds)
2026-08-03T14:36:21.938371+06:30 chan-dell kernel: printk: Suspending console(s) (use no_console_suspend to debug)
2026-08-03T14:36:21.938376+06:30 chan-dell kernel: e1000e: EEE TX LPI TIMER: 00000011
2026-08-03T14:36:21.938381+06:30 chan-dell kernel: sd 2:0:0:0: [sda] Synchronizing SCSI cache
2026-08-03T14:36:21.938386+06:30 chan-dell kernel: ata3.00: Entering standby power mode
2026-08-03T14:36:21.938391+06:30 chan-dell kernel: pcieport 0000:00:1c.0: Intel SPT PCH root port ACS workaround enabled
2026-08-03T14:36:21.938395+06:30 chan-dell kernel: ACPI: EC: interrupt blocked
2026-08-03T14:36:21.938402+06:30 chan-dell kernel: ACPI: PM: Preparing to enter system sleep state S3
2026-08-03T14:36:21.938408+06:30 chan-dell kernel: ACPI: EC: event blocked
2026-08-03T14:36:21.938412+06:30 chan-dell kernel: ACPI: EC: EC stopped
2026-08-03T14:36:21.938416+06:30 chan-dell kernel: ACPI: PM: Saving platform NVS memory
2026-08-03T14:36:21.938422+06:30 chan-dell kernel: Disabling non-boot CPUs ...
2026-08-03T14:36:21.938426+06:30 chan-dell kernel: smpboot: CPU 3 is now offline
2026-08-03T14:36:21.938431+06:30 chan-dell kernel: smpboot: CPU 2 is now offline
2026-08-03T14:36:21.938436+06:30 chan-dell kernel: smpboot: CPU 1 is now offline
2026-08-03T14:36:21.938441+06:30 chan-dell kernel: ACPI: PM: Low-level resume complete
2026-08-03T14:36:21.938446+06:30 chan-dell kernel: ACPI: EC: EC started
2026-08-03T14:36:21.938450+06:30 chan-dell kernel: ACPI: PM: Restoring platform NVS memory
2026-08-03T14:36:21.938455+06:30 chan-dell kernel: Enabling non-boot CPUs ...
2026-08-03T14:36:21.938460+06:30 chan-dell kernel: smpboot: Booting Node 0 Processor 1 APIC 0x2
2026-08-03T14:36:21.938465+06:30 chan-dell kernel: CPU1 is up
2026-08-03T14:36:21.938471+06:30 chan-dell kernel: smpboot: Booting Node 0 Processor 2 APIC 0x1
2026-08-03T14:36:21.938477+06:30 chan-dell kernel: CPU2 is up
2026-08-03T14:36:21.938482+06:30 chan-dell kernel: smpboot: Booting Node 0 Processor 3 APIC 0x3
2026-08-03T14:36:21.938486+06:30 chan-dell kernel: CPU3 is up
2026-08-03T14:36:21.938491+06:30 chan-dell kernel: ACPI: PM: Waking up from system sleep state S3
2026-08-03T14:36:21.938496+06:30 chan-dell kernel: pcieport 0000:00:1c.0: Intel SPT PCH root port ACS workaround enabled
2026-08-03T14:36:21.938501+06:30 chan-dell kernel: pcieport 0000:00:1c.2: Intel SPT PCH root port ACS workaround enabled
2026-08-03T14:36:21.938505+06:30 chan-dell kernel: ACPI: EC: interrupt unblocked
2026-08-03T14:36:21.938510+06:30 chan-dell kernel: xhci_hcd 0000:00:14.0: xHC error in resume, USBSTS 0x411, Reinit
2026-08-03T14:36:21.938515+06:30 chan-dell kernel: usb usb1: root hub lost power or was reset
2026-08-03T14:36:21.938519+06:30 chan-dell kernel: usb usb2: root hub lost power or was reset
2026-08-03T14:36:21.938524+06:30 chan-dell kernel: ACPI: EC: event unblocked
2026-08-03T14:36:21.938529+06:30 chan-dell kernel: usb 1-5: reset high-speed USB device number 2 using xhci_hcd
2026-08-03T14:36:21.938534+06:30 chan-dell kernel: ata3: SATA link up 6.0 Gbps (SStatus 133 SControl 300)
2026-08-03T14:36:21.938538+06:30 chan-dell kernel: ata3.00: ACPI cmd f5/00:00:00:00:00:00(SECURITY FREEZE LOCK) filtered out
2026-08-03T14:36:21.938543+06:30 chan-dell kernel: ata3.00: ACPI cmd b1/c1:00:00:00:00:00(DEVICE CONFIGURATION OVERLAY) filtered out
2026-08-03T14:36:21.938548+06:30 chan-dell kernel: sd 2:0:0:0: [sda] Starting disk
2026-08-03T14:36:21.938552+06:30 chan-dell kernel: ata3.00: ACPI cmd f5/00:00:00:00:00:00(SECURITY FREEZE LOCK) filtered out
2026-08-03T14:36:21.938557+06:30 chan-dell kernel: ata3.00: ACPI cmd b1/c1:00:00:00:00:00(DEVICE CONFIGURATION OVERLAY) filtered out
2026-08-03T14:36:21.938561+06:30 chan-dell kernel: ata3.00: configured for UDMA/133
2026-08-03T14:36:21.938566+06:30 chan-dell kernel: ata3.00: Enabling discard_zeroes_data
2026-08-03T14:36:21.938571+06:30 chan-dell kernel: usb 1-7: WARN: invalid context state for evaluate context command.
2026-08-03T14:36:21.938575+06:30 chan-dell kernel: usb 1-7: reset full-speed USB device number 3 using xhci_hcd
2026-08-03T14:36:21.938580+06:30 chan-dell kernel: mei_hdcp 0000:00:16.0-b638ab7e-94e2-4ea2-a552-d1c54b627f04: bound 0000:00:02.0 (ops i915_hdcp_ops [i915])
2026-08-03T14:36:21.938585+06:30 chan-dell kernel: Bluetooth: hci0: Bootloader revision 0.0 build 26 week 38 2015
2026-08-03T14:36:21.938590+06:30 chan-dell kernel: OOM killer enabled.
2026-08-03T14:36:21.938594+06:30 chan-dell kernel: Restarting tasks: Starting
2026-08-03T14:36:21.938600+06:30 chan-dell kernel: Bluetooth: hci0: Device revision is 16
2026-08-03T14:36:21.938607+06:30 chan-dell kernel: Bluetooth: hci0: Secure boot is enabled
2026-08-03T14:36:21.938612+06:30 chan-dell kernel: Bluetooth: hci0: OTP lock is enabled
2026-08-03T14:36:21.938616+06:30 chan-dell kernel: Bluetooth: hci0: API lock is enabled
2026-08-03T14:36:21.938621+06:30 chan-dell kernel: Bluetooth: hci0: Debug lock is disabled
2026-08-03T14:36:21.938625+06:30 chan-dell kernel: Bluetooth: hci0: Minimum firmware build 1 week 10 2014
2026-08-03T14:36:21.941369+06:30 chan-dell kernel: Restarting tasks: Done
2026-08-03T14:36:21.941416+06:30 chan-dell kernel: efivarfs: resyncing variable state
2026-08-03T14:36:21.941422+06:30 chan-dell kernel: Bluetooth: hci0: Found device firmware: intel/ibt-12-16.sfi
2026-08-03T14:36:21.981129+06:30 chan-dell kernel: efivarfs: finished resyncing variable state
2026-08-03T14:36:21.982501+06:30 chan-dell kernel: random: crng reseeded on system resumption
2026-08-03T14:36:22.152151+06:30 chan-dell kernel: PM: suspend exit
2026-08-03T14:36:22.543085+06:30 chan-dell kernel: e1000e 0000:00:1f.6 enp0s31f6: NIC Link is Down
2026-08-03T14:36:23.774140+06:30 chan-dell kernel: Bluetooth: hci0: Waiting for firmware download to complete
2026-08-03T14:36:23.774195+06:30 chan-dell kernel: Bluetooth: hci0: Firmware loaded in 1789749 usecs
2026-08-03T14:36:23.774214+06:30 chan-dell kernel: Bluetooth: hci0: Waiting for device to boot
2026-08-03T14:36:23.787149+06:30 chan-dell kernel: Bluetooth: hci0: Device booted in 12836 usecs
2026-08-03T14:36:23.787202+06:30 chan-dell kernel: Bluetooth: hci0: Found Intel DDC parameters: intel/ibt-12-16.ddc
2026-08-03T14:36:23.790144+06:30 chan-dell kernel: Bluetooth: hci0: Applying Intel DDC parameters completed
2026-08-03T14:36:23.791163+06:30 chan-dell kernel: Bluetooth: hci0: Firmware revision 0.1 build 19 week 44 2021
2026-08-03T14:36:23.793149+06:30 chan-dell kernel: Bluetooth: hci0: Reading supported features failed (-16)
2026-08-03T14:36:23.793202+06:30 chan-dell kernel: Bluetooth: hci0: Error reading debug features
2026-08-03T14:36:23.793218+06:30 chan-dell kernel: Bluetooth: hci0: HCI LE Coded PHY feature bit is set, but its usage is not supported.
2026-08-03T14:36:23.845190+06:30 chan-dell kernel: Bluetooth: MGMT ver 1.23
2026-08-03T14:36:26.763191+06:30 chan-dell kernel: wlp2s0: authenticate with d0:96:fb:26:69:ff (local address=28:c6:3f:1a:a9:50)
2026-08-03T14:36:26.764189+06:30 chan-dell kernel: wlp2s0: send auth to d0:96:fb:26:69:ff (try 1/3)
2026-08-03T14:36:26.778198+06:30 chan-dell kernel: wlp2s0: authenticated
2026-08-03T14:36:26.779140+06:30 chan-dell kernel: wlp2s0: associating to AP d0:96:fb:26:69:ff with corrupt probe response
2026-08-03T14:36:26.779206+06:30 chan-dell kernel: wlp2s0: associate with d0:96:fb:26:69:ff (try 1/3)
2026-08-03T14:36:26.784147+06:30 chan-dell kernel: wlp2s0: RX AssocResp from d0:96:fb:26:69:ff (capab=0x411 status=0 aid=6)
2026-08-03T14:36:26.787159+06:30 chan-dell kernel: wlp2s0: associated
2026-08-03T14:41:54.806987+06:30 chan-dell kernel: wlp2s0: deauthenticating from d0:96:fb:26:69:ff by local choice (Reason: 3=DEAUTH_LEAVING)
2026-08-03T14:41:56.818172+06:30 chan-dell kernel: PM: suspend entry (deep)
2026-08-03T14:41:56.826168+06:30 chan-dell kernel: Filesystems sync: 0.008 seconds
2026-08-03T15:08:06.821913+06:30 chan-dell kernel: Freezing user space processes
2026-08-03T15:08:06.822147+06:30 chan-dell kernel: Freezing user space processes completed (elapsed 0.002 seconds)
2026-08-03T15:08:06.822157+06:30 chan-dell kernel: OOM killer disabled.
2026-08-03T15:08:06.822165+06:30 chan-dell kernel: Freezing remaining freezable tasks
2026-08-03T15:08:06.822171+06:30 chan-dell kernel: Freezing remaining freezable tasks completed (elapsed 0.001 seconds)
2026-08-03T15:08:06.822176+06:30 chan-dell kernel: printk: Suspending console(s) (use no_console_suspend to debug)
2026-08-03T15:08:06.822181+06:30 chan-dell kernel: e1000e: EEE TX LPI TIMER: 00000011
2026-08-03T15:08:06.822185+06:30 chan-dell kernel: sd 2:0:0:0: [sda] Synchronizing SCSI cache
2026-08-03T15:08:06.822216+06:30 chan-dell kernel: ata3.00: Entering standby power mode
2026-08-03T15:08:06.822222+06:30 chan-dell kernel: pcieport 0000:00:1c.0: Intel SPT PCH root port ACS workaround enabled
2026-08-03T15:08:06.822227+06:30 chan-dell kernel: ACPI: EC: interrupt blocked
2026-08-03T15:08:06.822231+06:30 chan-dell kernel: ACPI: PM: Preparing to enter system sleep state S3
2026-08-03T15:08:06.822236+06:30 chan-dell kernel: ACPI: EC: event blocked
2026-08-03T15:08:06.822240+06:30 chan-dell kernel: ACPI: EC: EC stopped
2026-08-03T15:08:06.822245+06:30 chan-dell kernel: ACPI: PM: Saving platform NVS memory
2026-08-03T15:08:06.822250+06:30 chan-dell kernel: Disabling non-boot CPUs ...
2026-08-03T15:08:06.822255+06:30 chan-dell kernel: smpboot: CPU 3 is now offline
2026-08-03T15:08:06.822259+06:30 chan-dell kernel: smpboot: CPU 2 is now offline
2026-08-03T15:08:06.822264+06:30 chan-dell kernel: smpboot: CPU 1 is now offline
2026-08-03T15:08:06.822270+06:30 chan-dell kernel: ACPI: PM: Low-level resume complete
2026-08-03T15:08:06.822274+06:30 chan-dell kernel: ACPI: EC: EC started
2026-08-03T15:08:06.822279+06:30 chan-dell kernel: ACPI: PM: Restoring platform NVS memory
2026-08-03T15:08:06.822284+06:30 chan-dell kernel: Enabling non-boot CPUs ...
2026-08-03T15:08:06.822289+06:30 chan-dell kernel: smpboot: Booting Node 0 Processor 1 APIC 0x2
2026-08-03T15:08:06.822294+06:30 chan-dell kernel: CPU1 is up
2026-08-03T15:08:06.822298+06:30 chan-dell kernel: smpboot: Booting Node 0 Processor 2 APIC 0x1
2026-08-03T15:08:06.822303+06:30 chan-dell kernel: CPU2 is up
2026-08-03T15:08:06.822308+06:30 chan-dell kernel: smpboot: Booting Node 0 Processor 3 APIC 0x3
2026-08-03T15:08:06.822312+06:30 chan-dell kernel: CPU3 is up
2026-08-03T15:08:06.822317+06:30 chan-dell kernel: ACPI: PM: Waking up from system sleep state S3
2026-08-03T15:08:06.822322+06:30 chan-dell kernel: pcieport 0000:00:1c.0: Intel SPT PCH root port ACS workaround enabled
2026-08-03T15:08:06.822327+06:30 chan-dell kernel: ACPI: EC: interrupt unblocked
2026-08-03T15:08:06.822332+06:30 chan-dell kernel: pcieport 0000:00:1c.2: Intel SPT PCH root port ACS workaround enabled
2026-08-03T15:08:06.822336+06:30 chan-dell kernel: ACPI: EC: event unblocked
2026-08-03T15:08:06.822341+06:30 chan-dell kernel: xhci_hcd 0000:00:14.0: xHC error in resume, USBSTS 0x411, Reinit
2026-08-03T15:08:06.823390+06:30 chan-dell kernel: usb usb1: root hub lost power or was reset
2026-08-03T15:08:06.823405+06:30 chan-dell kernel: usb usb2: root hub lost power or was reset
2026-08-03T15:08:06.823414+06:30 chan-dell kernel: workqueue: i915_hpd_poll_init_work [i915] hogged CPU for >10000us 11 times, consider switching to WQ_UNBOUND
2026-08-03T15:08:06.823422+06:30 chan-dell kernel: usb 1-5: reset high-speed USB device number 2 using xhci_hcd
2026-08-03T15:08:06.823428+06:30 chan-dell kernel: ata3: SATA link up 6.0 Gbps (SStatus 133 SControl 300)
2026-08-03T15:08:06.823436+06:30 chan-dell kernel: ata3.00: ACPI cmd f5/00:00:00:00:00:00(SECURITY FREEZE LOCK) filtered out
2026-08-03T15:08:06.823443+06:30 chan-dell kernel: ata3.00: ACPI cmd b1/c1:00:00:00:00:00(DEVICE CONFIGURATION OVERLAY) filtered out
2026-08-03T15:08:06.823449+06:30 chan-dell kernel: sd 2:0:0:0: [sda] Starting disk
2026-08-03T15:08:06.823457+06:30 chan-dell kernel: ata3.00: ACPI cmd f5/00:00:00:00:00:00(SECURITY FREEZE LOCK) filtered out
2026-08-03T15:08:06.823465+06:30 chan-dell kernel: ata3.00: ACPI cmd b1/c1:00:00:00:00:00(DEVICE CONFIGURATION OVERLAY) filtered out
2026-08-03T15:08:06.823473+06:30 chan-dell kernel: ata3.00: configured for UDMA/133
2026-08-03T15:08:06.823480+06:30 chan-dell kernel: ata3.00: Enabling discard_zeroes_data
2026-08-03T15:08:06.823488+06:30 chan-dell kernel: usb 1-7: WARN: invalid context state for evaluate context command.
2026-08-03T15:08:06.823495+06:30 chan-dell kernel: usb 1-7: reset full-speed USB device number 3 using xhci_hcd
2026-08-03T15:08:06.823502+06:30 chan-dell kernel: Bluetooth: hci0: Bootloader revision 0.0 build 26 week 38 2015
2026-08-03T15:08:06.823508+06:30 chan-dell kernel: Bluetooth: hci0: Device revision is 16
2026-08-03T15:08:06.823516+06:30 chan-dell kernel: Bluetooth: hci0: Secure boot is enabled
2026-08-03T15:08:06.823523+06:30 chan-dell kernel: Bluetooth: hci0: OTP lock is enabled
2026-08-03T15:08:06.823531+06:30 chan-dell kernel: Bluetooth: hci0: API lock is enabled
2026-08-03T15:08:06.823539+06:30 chan-dell kernel: Bluetooth: hci0: Debug lock is disabled
2026-08-03T15:08:06.823546+06:30 chan-dell kernel: Bluetooth: hci0: Minimum firmware build 1 week 10 2014
2026-08-03T15:08:06.823554+06:30 chan-dell kernel: OOM killer enabled.
2026-08-03T15:08:06.823561+06:30 chan-dell kernel: Restarting tasks: Starting
2026-08-03T15:08:06.828835+06:30 chan-dell kernel: Restarting tasks: Done
2026-08-03T15:08:06.828855+06:30 chan-dell kernel: efivarfs: resyncing variable state
2026-08-03T15:08:06.835515+06:30 chan-dell kernel: Bluetooth: hci0: Found device firmware: intel/ibt-12-16.sfi
2026-08-03T15:08:06.860438+06:30 chan-dell kernel: efivarfs: finished resyncing variable state
2026-08-03T15:08:06.860477+06:30 chan-dell kernel: random: crng reseeded on system resumption
2026-08-03T15:08:06.913410+06:30 chan-dell kernel: mei_hdcp 0000:00:16.0-b638ab7e-94e2-4ea2-a552-d1c54b627f04: bound 0000:00:02.0 (ops i915_hdcp_ops [i915])
2026-08-03T15:08:07.020309+06:30 chan-dell kernel: PM: suspend exit
2026-08-03T15:08:07.393373+06:30 chan-dell kernel: e1000e 0000:00:1f.6 enp0s31f6: NIC Link is Down
2026-08-03T15:08:08.617447+06:30 chan-dell kernel: Bluetooth: hci0: Waiting for firmware download to complete
2026-08-03T15:08:08.617748+06:30 chan-dell kernel: Bluetooth: hci0: Firmware loaded in 1738796 usecs
2026-08-03T15:08:08.617778+06:30 chan-dell kernel: Bluetooth: hci0: Waiting for device to boot
2026-08-03T15:08:08.629459+06:30 chan-dell kernel: Bluetooth: hci0: Device booted in 12623 usecs
2026-08-03T15:08:08.629517+06:30 chan-dell kernel: Bluetooth: hci0: Found Intel DDC parameters: intel/ibt-12-16.ddc
2026-08-03T15:08:08.632428+06:30 chan-dell kernel: Bluetooth: hci0: Applying Intel DDC parameters completed
2026-08-03T15:08:08.633413+06:30 chan-dell kernel: Bluetooth: hci0: Firmware revision 0.1 build 19 week 44 2021
2026-08-03T15:08:08.635427+06:30 chan-dell kernel: Bluetooth: hci0: Reading supported features failed (-16)
2026-08-03T15:08:08.635474+06:30 chan-dell kernel: Bluetooth: hci0: Error reading debug features
2026-08-03T15:08:08.635484+06:30 chan-dell kernel: Bluetooth: hci0: HCI LE Coded PHY feature bit is set, but its usage is not supported.
2026-08-03T15:08:08.686384+06:30 chan-dell kernel: Bluetooth: MGMT ver 1.23
2026-08-03T15:08:11.609489+06:30 chan-dell kernel: wlp2s0: authenticate with d0:96:fb:26:69:ff (local address=28:c6:3f:1a:a9:50)
2026-08-03T15:08:11.610951+06:30 chan-dell kernel: wlp2s0: send auth to d0:96:fb:26:69:ff (try 1/3)
2026-08-03T15:08:11.621371+06:30 chan-dell kernel: wlp2s0: authenticated
2026-08-03T15:08:11.621378+06:30 chan-dell kernel: wlp2s0: associating to AP d0:96:fb:26:69:ff with corrupt probe response
2026-08-03T15:08:11.623379+06:30 chan-dell kernel: wlp2s0: associate with d0:96:fb:26:69:ff (try 1/3)
2026-08-03T15:08:11.627372+06:30 chan-dell kernel: wlp2s0: RX AssocResp from d0:96:fb:26:69:ff (capab=0x411 status=0 aid=5)
2026-08-03T15:08:11.633433+06:30 chan-dell kernel: wlp2s0: associated
2026-08-03T15:13:08.276484+06:30 chan-dell kernel: iwlwifi 0000:02:00.0: RF_KILL bit toggled to disable radio.
2026-08-03T15:13:08.276558+06:30 chan-dell kernel: iwlwifi 0000:02:00.0: reporting RF_KILL (radio disabled)
2026-08-03T15:13:08.283434+06:30 chan-dell kernel: wlp2s0: deauthenticating from d0:96:fb:26:69:ff by local choice (Reason: 3=DEAUTH_LEAVING)
2026-08-03T15:13:08.284447+06:30 chan-dell kernel: ------------[ cut here ]------------
2026-08-03T15:13:08.284507+06:30 chan-dell kernel: TX on unused queue 5
2026-08-03T15:13:08.284518+06:30 chan-dell kernel: WARNING: drivers/net/wireless/intel/iwlwifi/pcie/gen1_2/tx.c:2128 at iwl_trans_pcie_tx+0x6be/0x770 [iwlwifi], CPU#0: kworker/0:2/84195
2026-08-03T15:13:08.284536+06:30 chan-dell kernel: Modules linked in: vhost_net vhost vhost_iotlb tap rfcomm snd_seq_dummy snd_hrtimer xt_CHECKSUM xt_MASQUERADE xt_conntrack ipt_REJECT nf_reject_ipv4 xt_tcpudp nft_compat x_tables nft_chain_nat nf_nat nf_conntrack nf_defrag_ipv6 nf_defrag_ipv4 nf_tables bridge stp llc ccm vboxnetadp(OE) vboxnetflt(OE) vboxdrv(OE) ccp qrtr cmac algif_hash algif_skcipher af_alg bnep snd_hda_codec_intelhdmi snd_hda_codec_hdmi snd_hda_codec_alc269 snd_hda_codec_realtek_lib snd_hda_scodec_component snd_hda_codec_generic snd_hda_intel snd_sof_pci_intel_skl snd_sof_intel_hda_generic soundwire_intel snd_sof_intel_hda_sdw_bpt snd_sof_intel_hda_common snd_soc_hdac_hda snd_sof_intel_hda_mlink snd_sof_intel_hda soundwire_cadence snd_sof_pci snd_sof_xtensa_dsp snd_sof snd_sof_utils snd_soc_acpi_intel_match snd_soc_acpi_intel_sdca_quirks soundwire_generic_allocation snd_soc_sdw_utils snd_soc_acpi soundwire_bus snd_soc_sdca crc8 snd_soc_avs snd_soc_hda_codec snd_hda_ext_core snd_hda_codec snd_hda_core snd_intel_dspcfg snd_intel_sdw_acpi
2026-08-03T15:13:08.285860+06:30 chan-dell kernel:  snd_hwdep snd_soc_core snd_compress ac97_bus snd_pcm_dmaengine ee1004 snd_pcm intel_uncore_frequency mei_pxp intel_uncore_frequency_common mei_hdcp intel_tcc_cooling x86_pkg_temp_thermal intel_powerclamp snd_seq_midi iwlmvm coretemp snd_seq_midi_event snd_rawmidi mac80211 uvcvideo videobuf2_vmalloc uvc kvm_intel videobuf2_memops snd_seq videobuf2_v4l2 btusb ghash_clmulni_intel dell_pc libarc4 btmtk kvm snd_ctl_led videobuf2_common snd_seq_device aesni_intel dell_rbtn iwlwifi snd_timer dell_laptop dell_wmi btrtl dell_smbios dcdbas btbcm rapl snd videodev btintel binfmt_misc i2c_i801 mei_me i2c_smbus irqbypass intel_rapl_msr dell_smm_hwmon intel_cstate intel_wmi_thunderbolt dell_wmi_descriptor wmi_bmof cfg80211 mc soundcore i2c_mux bluetooth mei nls_iso8859_1 i915 processor_thermal_device_pci_legacy processor_thermal_device processor_thermal_wt_hint drm_buddy platform_temperature_control intel_lpss_acpi processor_thermal_soc_slider ttm processor_thermal_rfim processor_thermal_rapl int3403_thermal
2026-08-03T15:13:08.285924+06:30 chan-dell kernel:  intel_pmc_core intel_rapl_common drm_display_helper pmt_telemetry processor_thermal_wt_req intel_pch_thermal pmt_discovery processor_thermal_power_floor cec pmt_class intel_pmc_ssram_telemetry intel_vsec rc_core processor_thermal_mbox intel_hid int340x_thermal_zone int3400_thermal intel_soc_dts_iosf intel_xhci_usb_role_switch i2c_algo_bit acpi_thermal_rel acpi_pad platform_profile sparse_keymap joydev input_leds mac_hid sch_fq_codel ppdev lp parport msr efi_pstore nfnetlink dmi_sysfs autofs4 hid_alps hid_generic rtsx_pci_sdmmc i2c_hid_acpi i2c_hid serio_raw e1000e video hid rtsx_pci wmi intel_lpss_pci ahci intel_lpss idma64 libahci
2026-08-03T15:13:08.285935+06:30 chan-dell kernel: CPU: 0 UID: 0 PID: 84195 Comm: kworker/0:2 Tainted: G           OE       7.0.0-28-generic #28-Ubuntu PREEMPT(lazy) 
2026-08-03T15:13:08.285940+06:30 chan-dell kernel: Tainted: [O]=OOT_MODULE, [E]=UNSIGNED_MODULE
2026-08-03T15:13:08.285947+06:30 chan-dell kernel: Hardware name: Dell Inc. Latitude 7480/00F6D3, BIOS 1.41.3 02/09/2025
2026-08-03T15:13:08.285954+06:30 chan-dell kernel: Workqueue: events cfg80211_rfkill_block_work [cfg80211]
2026-08-03T15:13:08.286780+06:30 chan-dell kernel: RIP: 0010:iwl_trans_pcie_tx+0x6c1/0x770 [iwlwifi]
2026-08-03T15:13:08.286814+06:30 chan-dell kernel: Code: 49 89 55 28 41 8b 85 a0 00 00 00 e9 57 fe ff ff 4c 89 ee 48 89 df e8 0e a8 ff ff e9 6a fe ff ff 48 8d 3d 92 b2 61 00 44 89 fe <67> 48 0f b9 3a 48 8d 65 d8 b8 ea ff ff ff 5b 41 5c 41 5d 41 5e 41
2026-08-03T15:13:08.286825+06:30 chan-dell kernel: RSP: 0018:ffffd43d13ef33b0 EFLAGS: 00010286
2026-08-03T15:13:08.286835+06:30 chan-dell kernel: RAX: ffffffffc13e4280 RBX: ffff8cecde6d0028 RCX: 0000000000000005
2026-08-03T15:13:08.286918+06:30 chan-dell kernel: RDX: ffff8cecf4b38b80 RSI: 0000000000000005 RDI: ffffffffc139f5b0
2026-08-03T15:13:08.286933+06:30 chan-dell kernel: RBP: ffffd43d13ef3400 R08: 0000000000000000 R09: 0000000000000000
2026-08-03T15:13:08.286943+06:30 chan-dell kernel: R10: 0000000000000005 R11: 0000000000000000 R12: ffff8cee60fde500
2026-08-03T15:13:08.286954+06:30 chan-dell kernel: R13: ffff8cece09e63e8 R14: 0000000000000005 R15: 0000000000000005
2026-08-03T15:13:08.286964+06:30 chan-dell kernel: FS:  0000000000000000(0000) GS:ffff8cf039bff000(0000) knlGS:0000000000000000
2026-08-03T15:13:08.286974+06:30 chan-dell kernel: CS:  0010 DS: 0000 ES: 0000 CR0: 0000000080050033
2026-08-03T15:13:08.286981+06:30 chan-dell kernel: CR2: 0000613a07cfbbe8 CR3: 00000001180f4002 CR4: 00000000003726f0
2026-08-03T15:13:08.286992+06:30 chan-dell kernel: Call Trace:
2026-08-03T15:13:08.287002+06:30 chan-dell kernel:  <TASK>
2026-08-03T15:13:08.287128+06:30 chan-dell kernel:  iwl_trans_tx+0x28/0x80 [iwlwifi]
2026-08-03T15:13:08.287173+06:30 chan-dell kernel:  iwl_mvm_tx_mpdu+0x21d/0x750 [iwlmvm]
2026-08-03T15:13:08.287184+06:30 chan-dell kernel:  iwl_mvm_tx_skb_sta+0x202/0x2e0 [iwlmvm]
2026-08-03T15:13:08.287615+06:30 chan-dell kernel:  iwl_mvm_tx_skb+0x1c/0x60 [iwlmvm]
2026-08-03T15:13:08.287638+06:30 chan-dell kernel:  iwl_mvm_mac_itxq_xmit+0x97/0x110 [iwlmvm]
2026-08-03T15:13:08.288527+06:30 chan-dell kernel:  iwl_mvm_mac_wake_tx_queue+0x1a/0xf0 [iwlmvm]
2026-08-03T15:13:08.288578+06:30 chan-dell kernel:  ieee80211_queue_skb+0x24b/0x380 [mac80211]
2026-08-03T15:13:08.301463+06:30 chan-dell kernel:  ieee80211_tx+0xee/0x180 [mac80211]
2026-08-03T15:13:08.301545+06:30 chan-dell kernel:  ieee80211_xmit+0xb7/0x110 [mac80211]
2026-08-03T15:13:08.301555+06:30 chan-dell kernel:  __ieee80211_tx_skb_tid_band+0x98/0x1f0 [mac80211]
2026-08-03T15:13:08.301561+06:30 chan-dell kernel:  ieee80211_tx_skb_tid+0x61/0xd0 [mac80211]
2026-08-03T15:13:08.301572+06:30 chan-dell kernel:  ieee80211_send_deauth_disassoc+0x114/0x140 [mac80211]
2026-08-03T15:13:08.301581+06:30 chan-dell kernel:  ieee80211_set_disassoc+0x771/0x8a0 [mac80211]
2026-08-03T15:13:08.301591+06:30 chan-dell kernel:  ieee80211_mgd_deauth+0x148/0x590 [mac80211]
2026-08-03T15:13:08.301601+06:30 chan-dell kernel:  ieee80211_deauth+0x18/0x30 [mac80211]
2026-08-03T15:13:08.301610+06:30 chan-dell kernel:  cfg80211_mlme_deauth+0xa8/0x220 [cfg80211]
2026-08-03T15:13:08.301618+06:30 chan-dell kernel:  cfg80211_mlme_down+0x60/0x90 [cfg80211]
2026-08-03T15:13:08.301625+06:30 chan-dell kernel:  cfg80211_disconnect+0x1a6/0x230 [cfg80211]
2026-08-03T15:13:08.301634+06:30 chan-dell kernel:  cfg80211_leave+0x237/0x290 [cfg80211]
2026-08-03T15:13:08.301644+06:30 chan-dell kernel:  cfg80211_netdev_notifier_call+0x185/0x4d0 [cfg80211]
2026-08-03T15:13:08.301653+06:30 chan-dell kernel:  ? fsnotify_grab_connector+0x4c/0x90
2026-08-03T15:13:08.301663+06:30 chan-dell kernel:  ? __call_rcu_common+0xcc/0x380
2026-08-03T15:13:08.301669+06:30 chan-dell kernel:  ? call_rcu+0x31/0x50
2026-08-03T15:13:08.301679+06:30 chan-dell kernel:  ? __destroy_inode+0x97/0x1a0
2026-08-03T15:13:08.301688+06:30 chan-dell kernel:  ? destroy_inode+0x65/0x80
2026-08-03T15:13:08.301699+06:30 chan-dell kernel:  ? evict+0x1a9/0x290
2026-08-03T15:13:08.301757+06:30 chan-dell kernel:  ? __call_rcu_common+0xcc/0x380
2026-08-03T15:13:08.301770+06:30 chan-dell kernel:  ? __iterate_interfaces+0x95/0x130 [mac80211]
2026-08-03T15:13:08.301781+06:30 chan-dell kernel:  ? iwl_mvm_send_cmd+0x16/0x60 [iwlmvm]
2026-08-03T15:13:08.301788+06:30 chan-dell kernel:  ? iwl_mvm_mc_iface_iterator+0xc8/0x120 [iwlmvm]
2026-08-03T15:13:08.301795+06:30 chan-dell kernel:  ? __iterate_interfaces+0x95/0x130 [mac80211]
2026-08-03T15:13:08.301801+06:30 chan-dell kernel:  ? __pfx_iwl_mvm_mc_iface_iterator+0x10/0x10 [iwlmvm]
2026-08-03T15:13:08.301806+06:30 chan-dell kernel:  ? iwl_mvm_send_cmd_pdu+0x53/0xa0 [iwlmvm]
2026-08-03T15:13:08.301811+06:30 chan-dell kernel:  ? iwl_mvm_recalc_multicast+0x5f/0xb0 [iwlmvm]
2026-08-03T15:13:08.301817+06:30 chan-dell kernel:  ? _raw_spin_lock_irqsave+0xe/0x20
2026-08-03T15:13:08.301823+06:30 chan-dell kernel:  ? packet_notifier+0x85/0x280
2026-08-03T15:13:08.301828+06:30 chan-dell kernel:  notifier_call_chain+0x62/0xf0
2026-08-03T15:13:08.301834+06:30 chan-dell kernel:  raw_notifier_call_chain+0x16/0x30
2026-08-03T15:13:08.301842+06:30 chan-dell kernel:  call_netdevice_notifiers_info+0x50/0x80
2026-08-03T15:13:08.301848+06:30 chan-dell kernel:  __dev_close_many+0x65/0x220
2026-08-03T15:13:08.301853+06:30 chan-dell kernel:  netif_close_many+0xb7/0x1b0
2026-08-03T15:13:08.301860+06:30 chan-dell kernel:  netif_close+0x70/0xa0
2026-08-03T15:13:08.301866+06:30 chan-dell kernel:  dev_close+0x38/0xb0
2026-08-03T15:13:08.301873+06:30 chan-dell kernel:  cfg80211_shutdown_all_interfaces+0x50/0x100 [cfg80211]
2026-08-03T15:13:08.301879+06:30 chan-dell kernel:  cfg80211_rfkill_block_work+0x1e/0x30 [cfg80211]
2026-08-03T15:13:08.301884+06:30 chan-dell kernel:  process_one_work+0x1ac/0x3d0
2026-08-03T15:13:08.301890+06:30 chan-dell kernel:  worker_thread+0x1b8/0x360
2026-08-03T15:13:08.301896+06:30 chan-dell kernel:  ? _raw_spin_lock_irqsave+0xe/0x20
2026-08-03T15:13:08.301902+06:30 chan-dell kernel:  ? __pfx_worker_thread+0x10/0x10
2026-08-03T15:13:08.301908+06:30 chan-dell kernel:  kthread+0xf7/0x130
2026-08-03T15:13:08.301913+06:30 chan-dell kernel:  ? __pfx_kthread+0x10/0x10
2026-08-03T15:13:08.301919+06:30 chan-dell kernel:  ret_from_fork+0x195/0x2a0
2026-08-03T15:13:08.301926+06:30 chan-dell kernel:  ? __pfx_kthread+0x10/0x10
2026-08-03T15:13:08.301932+06:30 chan-dell kernel:  ? __pfx_kthread+0x10/0x10
2026-08-03T15:13:08.301948+06:30 chan-dell kernel:  ret_from_fork_asm+0x1a/0x30
2026-08-03T15:13:08.301956+06:30 chan-dell kernel:  </TASK>
2026-08-03T15:13:08.301962+06:30 chan-dell kernel: ---[ end trace 0000000000000000 ]---
2026-08-03T15:13:08.803440+06:30 chan-dell kernel: ------------[ cut here ]------------
2026-08-03T15:13:08.803458+06:30 chan-dell kernel: Timeout waiting for hardware access (CSR_GP_CNTRL 0x00000008)
2026-08-03T15:13:08.803461+06:30 chan-dell kernel: WARNING: drivers/net/wireless/intel/iwlwifi/pcie/gen1_2/trans.c:2387 at _iwl_trans_pcie_grab_nic_access+0x114/0x180 [iwlwifi], CPU#0: kworker/0:2/84195
2026-08-03T15:13:08.803465+06:30 chan-dell kernel: Modules linked in: vhost_net vhost vhost_iotlb tap rfcomm snd_seq_dummy snd_hrtimer xt_CHECKSUM xt_MASQUERADE xt_conntrack ipt_REJECT nf_reject_ipv4 xt_tcpudp nft_compat x_tables nft_chain_nat nf_nat nf_conntrack nf_defrag_ipv6 nf_defrag_ipv4 nf_tables bridge stp llc ccm vboxnetadp(OE) vboxnetflt(OE) vboxdrv(OE) ccp qrtr cmac algif_hash algif_skcipher af_alg bnep snd_hda_codec_intelhdmi snd_hda_codec_hdmi snd_hda_codec_alc269 snd_hda_codec_realtek_lib snd_hda_scodec_component snd_hda_codec_generic snd_hda_intel snd_sof_pci_intel_skl snd_sof_intel_hda_generic soundwire_intel snd_sof_intel_hda_sdw_bpt snd_sof_intel_hda_common snd_soc_hdac_hda snd_sof_intel_hda_mlink snd_sof_intel_hda soundwire_cadence snd_sof_pci snd_sof_xtensa_dsp snd_sof snd_sof_utils snd_soc_acpi_intel_match snd_soc_acpi_intel_sdca_quirks soundwire_generic_allocation snd_soc_sdw_utils snd_soc_acpi soundwire_bus snd_soc_sdca crc8 snd_soc_avs snd_soc_hda_codec snd_hda_ext_core snd_hda_codec snd_hda_core snd_intel_dspcfg snd_intel_sdw_acpi
2026-08-03T15:13:08.803482+06:30 chan-dell kernel:  snd_hwdep snd_soc_core snd_compress ac97_bus snd_pcm_dmaengine ee1004 snd_pcm intel_uncore_frequency mei_pxp intel_uncore_frequency_common mei_hdcp intel_tcc_cooling x86_pkg_temp_thermal intel_powerclamp snd_seq_midi iwlmvm coretemp snd_seq_midi_event snd_rawmidi mac80211 uvcvideo videobuf2_vmalloc uvc kvm_intel videobuf2_memops snd_seq videobuf2_v4l2 btusb ghash_clmulni_intel dell_pc libarc4 btmtk kvm snd_ctl_led videobuf2_common snd_seq_device aesni_intel dell_rbtn iwlwifi snd_timer dell_laptop dell_wmi btrtl dell_smbios dcdbas btbcm rapl snd videodev btintel binfmt_misc i2c_i801 mei_me i2c_smbus irqbypass intel_rapl_msr dell_smm_hwmon intel_cstate intel_wmi_thunderbolt dell_wmi_descriptor wmi_bmof cfg80211 mc soundcore i2c_mux bluetooth mei nls_iso8859_1 i915 processor_thermal_device_pci_legacy processor_thermal_device processor_thermal_wt_hint drm_buddy platform_temperature_control intel_lpss_acpi processor_thermal_soc_slider ttm processor_thermal_rfim processor_thermal_rapl int3403_thermal
2026-08-03T15:13:08.803485+06:30 chan-dell kernel:  intel_pmc_core intel_rapl_common drm_display_helper pmt_telemetry processor_thermal_wt_req intel_pch_thermal pmt_discovery processor_thermal_power_floor cec pmt_class intel_pmc_ssram_telemetry intel_vsec rc_core processor_thermal_mbox intel_hid int340x_thermal_zone int3400_thermal intel_soc_dts_iosf intel_xhci_usb_role_switch i2c_algo_bit acpi_thermal_rel acpi_pad platform_profile sparse_keymap joydev input_leds mac_hid sch_fq_codel ppdev lp parport msr efi_pstore nfnetlink dmi_sysfs autofs4 hid_alps hid_generic rtsx_pci_sdmmc i2c_hid_acpi i2c_hid serio_raw e1000e video hid rtsx_pci wmi intel_lpss_pci ahci intel_lpss idma64 libahci
2026-08-03T15:13:08.803487+06:30 chan-dell kernel: CPU: 0 UID: 0 PID: 84195 Comm: kworker/0:2 Tainted: G        W  OE       7.0.0-28-generic #28-Ubuntu PREEMPT(lazy) 
2026-08-03T15:13:08.803488+06:30 chan-dell kernel: Tainted: [W]=WARN, [O]=OOT_MODULE, [E]=UNSIGNED_MODULE
2026-08-03T15:13:08.803490+06:30 chan-dell kernel: Hardware name: Dell Inc. Latitude 7480/00F6D3, BIOS 1.41.3 02/09/2025
2026-08-03T15:13:08.803492+06:30 chan-dell kernel: Workqueue: events cfg80211_rfkill_block_work [cfg80211]
2026-08-03T15:13:08.803494+06:30 chan-dell kernel: RIP: 0010:_iwl_trans_pcie_grab_nic_access+0x119/0x180 [iwlwifi]
2026-08-03T15:13:08.803496+06:30 chan-dell kernel: Code: 8e 21 00 00 e8 08 74 d8 e1 eb a0 be 24 00 00 00 48 89 df e8 a9 26 fe ff 80 7d d4 00 75 4f 48 8d 3d cc 39 61 00 89 c6 89 45 d4 <67> 48 0f b9 3a 48 8b b3 88 1a 00 00 48 89 df e8 f3 d9 fe ff 0f b6
2026-08-03T15:13:08.803498+06:30 chan-dell kernel: RSP: 0018:ffffd43d13ef3a18 EFLAGS: 00010246
2026-08-03T15:13:08.803500+06:30 chan-dell kernel: RAX: 0000000000000008 RBX: ffff8cecde6d0028 RCX: 0000000000000000
2026-08-03T15:13:08.803502+06:30 chan-dell kernel: RDX: 0000000000000000 RSI: 0000000000000008 RDI: ffffffffc139f700
2026-08-03T15:13:08.803504+06:30 chan-dell kernel: RBP: ffffd43d13ef3a48 R08: 0000000000000000 R09: 0000000000000000
2026-08-03T15:13:08.803505+06:30 chan-dell kernel: R10: 0000000000000000 R11: 0000000000000000 R12: 0000000000000001
2026-08-03T15:13:08.803507+06:30 chan-dell kernel: R13: ffff8ceccb850980 R14: 0000000000000008 R15: 0000000000000011
2026-08-03T15:13:08.803509+06:30 chan-dell kernel: FS:  0000000000000000(0000) GS:ffff8cf039bff000(0000) knlGS:0000000000000000
2026-08-03T15:13:08.803511+06:30 chan-dell kernel: CS:  0010 DS: 0000 ES: 0000 CR0: 0000000080050033
2026-08-03T15:13:08.803513+06:30 chan-dell kernel: CR2: 00005e6ea5eba001 CR3: 000000010b4d4003 CR4: 00000000003726f0
2026-08-03T15:13:08.803514+06:30 chan-dell kernel: Call Trace:
2026-08-03T15:13:08.803516+06:30 chan-dell kernel:  <TASK>
2026-08-03T15:13:08.803518+06:30 chan-dell kernel:  iwl_trans_pcie_grab_nic_access+0x1f/0x50 [iwlwifi]
2026-08-03T15:13:08.803520+06:30 chan-dell kernel:  ? iwl_mvm_send_cmd_pdu+0x53/0xa0 [iwlmvm]
2026-08-03T15:13:08.803532+06:30 chan-dell kernel:  iwl_trans_grab_nic_access+0xe/0x20 [iwlwifi]
2026-08-03T15:13:08.803534+06:30 chan-dell kernel:  iwl_write_prph_delay+0x20/0x70 [iwlwifi]
2026-08-03T15:13:08.803535+06:30 chan-dell kernel:  iwl_fw_dbg_stop_restart_recording.part.0+0x12a/0x2b0 [iwlwifi]
2026-08-03T15:13:08.803537+06:30 chan-dell kernel:  ? enable_work+0x37/0x110
2026-08-03T15:13:08.803539+06:30 chan-dell kernel:  iwl_fw_dbg_stop_sync+0x55/0x70 [iwlwifi]
2026-08-03T15:13:08.803540+06:30 chan-dell kernel:  iwl_mvm_stop_device+0x40/0x80 [iwlmvm]
2026-08-03T15:13:08.803542+06:30 chan-dell kernel:  __iwl_mvm_mac_stop+0x7c/0x1a0 [iwlmvm]
2026-08-03T15:13:08.803544+06:30 chan-dell kernel:  ? rfkill_soft_blocked+0x27/0x40
2026-08-03T15:13:08.803546+06:30 chan-dell kernel:  iwl_mvm_mac_stop+0xba/0x120 [iwlmvm]
2026-08-03T15:13:08.803547+06:30 chan-dell kernel:  drv_stop+0x50/0x160 [mac80211]
2026-08-03T15:13:08.803549+06:30 chan-dell kernel:  ieee80211_stop_device+0x7f/0x90 [mac80211]
2026-08-03T15:13:08.803551+06:30 chan-dell kernel:  ieee80211_do_stop+0x6a2/0xb20 [mac80211]
2026-08-03T15:13:08.803553+06:30 chan-dell kernel:  ? _raw_spin_lock_irqsave+0xe/0x20
2026-08-03T15:13:08.803554+06:30 chan-dell kernel:  ? packet_notifier+0x85/0x280
2026-08-03T15:13:08.803556+06:30 chan-dell kernel:  ? raise_softirq_irqoff+0x9/0x40
2026-08-03T15:13:08.803557+06:30 chan-dell kernel:  ieee80211_stop+0x63/0xf0 [mac80211]
2026-08-03T15:13:08.803559+06:30 chan-dell kernel:  __dev_close_many+0xb2/0x220
2026-08-03T15:13:08.803560+06:30 chan-dell kernel:  netif_close_many+0xb7/0x1b0
2026-08-03T15:13:08.803561+06:30 chan-dell kernel:  netif_close+0x70/0xa0
2026-08-03T15:13:08.803562+06:30 chan-dell kernel:  dev_close+0x38/0xb0
2026-08-03T15:13:08.803569+06:30 chan-dell kernel:  cfg80211_shutdown_all_interfaces+0x50/0x100 [cfg80211]
2026-08-03T15:13:08.804609+06:30 chan-dell kernel:  cfg80211_rfkill_block_work+0x1e/0x30 [cfg80211]
2026-08-03T15:13:08.804617+06:30 chan-dell kernel:  process_one_work+0x1ac/0x3d0
2026-08-03T15:13:08.804620+06:30 chan-dell kernel:  worker_thread+0x1b8/0x360
2026-08-03T15:13:08.804622+06:30 chan-dell kernel:  ? _raw_spin_lock_irqsave+0xe/0x20
2026-08-03T15:13:08.804625+06:30 chan-dell kernel:  ? __pfx_worker_thread+0x10/0x10
2026-08-03T15:13:08.804628+06:30 chan-dell kernel:  kthread+0xf7/0x130
2026-08-03T15:13:08.804630+06:30 chan-dell kernel:  ? __pfx_kthread+0x10/0x10
2026-08-03T15:13:08.804632+06:30 chan-dell kernel:  ret_from_fork+0x195/0x2a0
2026-08-03T15:13:08.804633+06:30 chan-dell kernel:  ? __pfx_kthread+0x10/0x10
2026-08-03T15:13:08.804634+06:30 chan-dell kernel:  ? __pfx_kthread+0x10/0x10
2026-08-03T15:13:08.804639+06:30 chan-dell kernel:  ret_from_fork_asm+0x1a/0x30
2026-08-03T15:13:08.804641+06:30 chan-dell kernel:  </TASK>
2026-08-03T15:13:08.804643+06:30 chan-dell kernel: ---[ end trace 0000000000000000 ]---
2026-08-03T15:13:08.804645+06:30 chan-dell kernel: iwlwifi 0000:02:00.0: iwlwifi transaction failed, dumping registers
2026-08-03T15:13:08.804647+06:30 chan-dell kernel: iwlwifi 0000:02:00.0: iwlwifi device config registers:
2026-08-03T15:13:08.804649+06:30 chan-dell kernel: iwlwifi 0000:02:00.0: 00000000: 24fd8086 00100406 02800078 00000000 ef000004 00000000 00000000 00000000
2026-08-03T15:13:08.804651+06:30 chan-dell kernel: iwlwifi 0000:02:00.0: 00000020: 00000000 00000000 00000000 00508086 00000000 000000c8 00000000 000001ff
2026-08-03T15:13:08.804653+06:30 chan-dell kernel: iwlwifi 0000:02:00.0: 00000040: 00020010 10008ec0 00100c1f 0045e811 10110142 00000000 00000000 00000000
2026-08-03T15:13:08.804656+06:30 chan-dell kernel: iwlwifi 0000:02:00.0: 00000060: 00000000 00080812 00000405 00000000 00010001 00000000 00000000 00000000
2026-08-03T15:13:08.804657+06:30 chan-dell kernel: iwlwifi 0000:02:00.0: 00000080: 00000000 00000000 00000000 00000000 00000000 00000000 00000000 00000000
2026-08-03T15:13:08.804659+06:30 chan-dell kernel: iwlwifi 0000:02:00.0: 000000a0: 00000000 00000000 00000000 00000000 00000000 00000000 00000000 00000000
2026-08-03T15:13:08.804662+06:30 chan-dell kernel: iwlwifi 0000:02:00.0: 000000c0: 00000000 00000000 c823d001 0d000000 00814005 fee00458 00000000 00000000
2026-08-03T15:13:08.804664+06:30 chan-dell kernel: iwlwifi 0000:02:00.0: 000000e0: 00000000 00000000 00000000 00000000 00000000 00000000 00000000 00000000
2026-08-03T15:13:08.804666+06:30 chan-dell kernel: iwlwifi 0000:02:00.0: 00000100: 14010001 00000000 00000000 00462031 00000000 00002000 00000000 00000000
2026-08-03T15:13:08.804668+06:30 chan-dell kernel: iwlwifi 0000:02:00.0: 00000120: 00000000 00000000 00000000 00000000 00000000 00000000 00000000 00000000
2026-08-03T15:13:08.804683+06:30 chan-dell kernel: iwlwifi 0000:02:00.0: 00000140: 14c10003 ff1aa950 28c63fff 15410018 10031003 0001001e 00481e1f 4058000f
2026-08-03T15:13:08.804685+06:30 chan-dell kernel: iwlwifi 0000:02:00.0: iwlwifi device memory mapped registers:
2026-08-03T15:13:08.805407+06:30 chan-dell kernel: iwlwifi 0000:02:00.0: 00000000: 00480000 00000000 00000000 00000080 00000000 00000000 00000010 00000000
2026-08-03T15:13:08.805416+06:30 chan-dell kernel: iwlwifi 0000:02:00.0: 00000020: 00000011 00000008 00000230 d55555d5 d55555d5 d55555d5 80008040 001f0042
2026-08-03T15:13:08.805418+06:30 chan-dell kernel: iwlwifi 0000:02:00.0: iwlwifi device AER capability structure:
2026-08-03T15:13:08.805420+06:30 chan-dell kernel: iwlwifi 0000:02:00.0: 00000000: 14010001 00000000 00000000 00462031 00000000 00002000 00000000 00000000
2026-08-03T15:13:08.805421+06:30 chan-dell kernel: iwlwifi 0000:02:00.0: 00000020: 00000000 00000000 00000000
2026-08-03T15:13:08.805423+06:30 chan-dell kernel: iwlwifi 0000:02:00.0: iwlwifi parent port (0000:00:1c.2) config registers:
2026-08-03T15:13:08.805428+06:30 chan-dell kernel: iwlwifi 0000:00:1c.2: 00000000: 9d128086 00100407 060400f1 00810000 00000000 00000000 00020200 200000f0
2026-08-03T15:13:08.805433+06:30 chan-dell kernel: iwlwifi 0000:00:1c.2: 00000020: ef00ef00 0001fff1 00000000 00000000 00000000 00000040 00000000 001203ff
2026-08-03T15:13:08.805438+06:30 chan-dell kernel: iwlwifi 0000:00:1c.2: 00000040: 01428010 00008001 0010000f 03724c13 30110c42 0034b200 01480000 00000008
2026-08-03T15:13:08.805444+06:30 chan-dell kernel: iwlwifi 0000:00:1c.2: 00000060: 00000000 00000837 00000400 0000000e 00010003 00000000 00000000 00000000
2026-08-03T15:13:08.805448+06:30 chan-dell kernel: iwlwifi 0000:00:1c.2: 00000080: 00019005 fee00278 00000000 00000000 0000a00d 07a01028 00000000 00000000
2026-08-03T15:13:08.805453+06:30 chan-dell kernel: iwlwifi 0000:00:1c.2: 000000a0: c8030001 00000000 00000000 00000000 00000000 00000000 00000000 00000000
2026-08-03T15:13:08.805457+06:30 chan-dell kernel: iwlwifi 0000:00:1c.2: 000000c0: 00000000 00000000 00000000 00000000 07001001 00001842 099e0008 00000000
2026-08-03T15:13:08.805461+06:30 chan-dell kernel: iwlwifi 0000:00:1c.2: 000000e0: 00630300 00000000 00100016 00000000 00000150 4c000000 08410fb3 03000004
2026-08-03T15:13:08.805465+06:30 chan-dell kernel: iwlwifi 0000:00:1c.2: 00000100: 14010001 00000000 00010000 00060011 00000000 00002000 00000000 00000000
2026-08-03T15:13:08.805470+06:30 chan-dell kernel: iwlwifi 0000:00:1c.2: 00000120: 00000000 00000000 00000000 00000007 00000000 00000000 00000000 00000000
2026-08-03T15:13:08.805495+06:30 chan-dell kernel: iwlwifi 0000:00:1c.2: 00000140: 2001000d 0000000f 0000000d 00000000 00000000 00000000 00000000 00000000
2026-08-03T15:13:08.805498+06:30 chan-dell kernel: iwlwifi 0000:00:1c.2: 00000160: 00000000 00000000 00000000 00000000 00000000 00000000 00000000 00000000
2026-08-03T15:13:08.805500+06:30 chan-dell kernel: iwlwifi 0000:00:1c.2: 00000180: 00000000 00000000 00000000 00000000 00000000 00000000 00000000 00000000
2026-08-03T15:13:08.805501+06:30 chan-dell kernel: iwlwifi 0000:00:1c.2: 000001a0: 00000000 00000000 00000000 00000000 00000000 00000000 00000000 00000000
2026-08-03T15:13:08.805503+06:30 chan-dell kernel: iwlwifi 0000:00:1c.2: 000001c0: 00000000 00000000 00000000 00000000 00000000 00000000 00000000 00000000
2026-08-03T15:13:08.805506+06:30 chan-dell kernel: iwlwifi 0000:00:1c.2: 000001e0: 00000000 00000000 00000000 00000000 00000000 00000000 00000000 00000000
2026-08-03T15:13:08.805510+06:30 chan-dell kernel: iwlwifi 0000:00:1c.2: 00000200: 2201001e 00b0281f 4058280f
2026-08-03T15:13:08.805515+06:30 chan-dell kernel: iwlwifi 0000:02:00.0: iwlwifi root port (0000:00:1c.2) AER cap structure:
2026-08-03T15:13:08.806406+06:30 chan-dell kernel: iwlwifi 0000:00:1c.2: 00000000: 14010001 00000000 00010000 00060011 00000000 00002000 00000000 00000000
2026-08-03T15:13:08.806415+06:30 chan-dell kernel: iwlwifi 0000:00:1c.2: 00000020: 00000000 00000000 00000000 00000007 00000000 00000000
2026-08-03T15:13:10.786422+06:30 chan-dell kernel: iwlwifi 0000:02:00.0: RF_KILL bit toggled to enable radio.
2026-08-03T15:13:10.786678+06:30 chan-dell kernel: iwlwifi 0000:02:00.0: reporting RF_KILL (radio enabled)
2026-08-03T15:13:14.938380+06:30 chan-dell kernel: wlp2s0: authenticate with d0:96:fb:26:69:ff (local address=28:c6:3f:1a:a9:50)
2026-08-03T15:13:14.940408+06:30 chan-dell kernel: wlp2s0: send auth to d0:96:fb:26:69:ff (try 1/3)
2026-08-03T15:13:14.949728+06:30 chan-dell kernel: wlp2s0: authenticated
2026-08-03T15:13:14.949739+06:30 chan-dell kernel: wlp2s0: associating to AP d0:96:fb:26:69:ff with corrupt probe response
2026-08-03T15:13:14.949740+06:30 chan-dell kernel: wlp2s0: associate with d0:96:fb:26:69:ff (try 1/3)
2026-08-03T15:13:14.954366+06:30 chan-dell kernel: wlp2s0: RX AssocResp from d0:96:fb:26:69:ff (capab=0x411 status=0 aid=5)
2026-08-03T15:13:14.958371+06:30 chan-dell kernel: wlp2s0: associated
2026-08-03T15:34:59.664488+06:30 chan-dell kernel: perf: interrupt took too long (6376 > 6272), lowering kernel.perf_event_max_sample_rate to 31000
2026-08-03T16:57:31.886114+06:30 chan-dell kernel: wlp2s0: deauthenticating from d0:96:fb:26:69:ff by local choice (Reason: 3=DEAUTH_LEAVING)
2026-08-03T16:57:33.838525+06:30 chan-dell kernel: PM: suspend entry (deep)
2026-08-03T16:57:33.850548+06:30 chan-dell kernel: Filesystems sync: 0.011 seconds
2026-08-03T17:00:27.809824+06:30 chan-dell kernel: Freezing user space processes
2026-08-03T17:00:27.809918+06:30 chan-dell kernel: Freezing user space processes completed (elapsed 0.003 seconds)
2026-08-03T17:00:27.809922+06:30 chan-dell kernel: OOM killer disabled.
2026-08-03T17:00:27.809924+06:30 chan-dell kernel: Freezing remaining freezable tasks
2026-08-03T17:00:27.809926+06:30 chan-dell kernel: Freezing remaining freezable tasks completed (elapsed 0.001 seconds)
2026-08-03T17:00:27.809928+06:30 chan-dell kernel: printk: Suspending console(s) (use no_console_suspend to debug)
2026-08-03T17:00:27.809930+06:30 chan-dell kernel: e1000e: EEE TX LPI TIMER: 00000011
2026-08-03T17:00:27.809932+06:30 chan-dell kernel: sd 2:0:0:0: [sda] Synchronizing SCSI cache
2026-08-03T17:00:27.809935+06:30 chan-dell kernel: ata3.00: Entering standby power mode
2026-08-03T17:00:27.809936+06:30 chan-dell kernel: pcieport 0000:00:1c.0: Intel SPT PCH root port ACS workaround enabled
2026-08-03T17:00:27.809938+06:30 chan-dell kernel: ACPI: EC: interrupt blocked
2026-08-03T17:00:27.809940+06:30 chan-dell kernel: ACPI: PM: Preparing to enter system sleep state S3
2026-08-03T17:00:27.809941+06:30 chan-dell kernel: ACPI: EC: event blocked
2026-08-03T17:00:27.809943+06:30 chan-dell kernel: ACPI: EC: EC stopped
2026-08-03T17:00:27.809944+06:30 chan-dell kernel: ACPI: PM: Saving platform NVS memory
2026-08-03T17:00:27.809946+06:30 chan-dell kernel: Disabling non-boot CPUs ...
2026-08-03T17:00:27.809948+06:30 chan-dell kernel: smpboot: CPU 3 is now offline
2026-08-03T17:00:27.809949+06:30 chan-dell kernel: smpboot: CPU 2 is now offline
2026-08-03T17:00:27.809951+06:30 chan-dell kernel: smpboot: CPU 1 is now offline
2026-08-03T17:00:27.809953+06:30 chan-dell kernel: ACPI: PM: Low-level resume complete
2026-08-03T17:00:27.809955+06:30 chan-dell kernel: ACPI: EC: EC started
2026-08-03T17:00:27.809958+06:30 chan-dell kernel: ACPI: PM: Restoring platform NVS memory
2026-08-03T17:00:27.809959+06:30 chan-dell kernel: Enabling non-boot CPUs ...
2026-08-03T17:00:27.809961+06:30 chan-dell kernel: smpboot: Booting Node 0 Processor 1 APIC 0x2
2026-08-03T17:00:27.809963+06:30 chan-dell kernel: CPU1 is up
2026-08-03T17:00:27.809964+06:30 chan-dell kernel: smpboot: Booting Node 0 Processor 2 APIC 0x1
2026-08-03T17:00:27.809966+06:30 chan-dell kernel: CPU2 is up
2026-08-03T17:00:27.809967+06:30 chan-dell kernel: smpboot: Booting Node 0 Processor 3 APIC 0x3
2026-08-03T17:00:27.809969+06:30 chan-dell kernel: CPU3 is up
2026-08-03T17:00:27.809971+06:30 chan-dell kernel: ACPI: PM: Waking up from system sleep state S3
2026-08-03T17:00:27.809973+06:30 chan-dell kernel: pcieport 0000:00:1c.0: Intel SPT PCH root port ACS workaround enabled
2026-08-03T17:00:27.809974+06:30 chan-dell kernel: pcieport 0000:00:1c.2: Intel SPT PCH root port ACS workaround enabled
2026-08-03T17:00:27.809976+06:30 chan-dell kernel: ACPI: EC: interrupt unblocked
2026-08-03T17:00:27.809978+06:30 chan-dell kernel: xhci_hcd 0000:00:14.0: xHC error in resume, USBSTS 0x411, Reinit
2026-08-03T17:00:27.809979+06:30 chan-dell kernel: usb usb1: root hub lost power or was reset
2026-08-03T17:00:27.809981+06:30 chan-dell kernel: usb usb2: root hub lost power or was reset
2026-08-03T17:00:27.809983+06:30 chan-dell kernel: ACPI: EC: event unblocked
2026-08-03T17:00:27.809984+06:30 chan-dell kernel: usb 1-7: WARN: invalid context state for evaluate context command.
2026-08-03T17:00:27.809986+06:30 chan-dell kernel: ata3: SATA link up 6.0 Gbps (SStatus 133 SControl 300)
2026-08-03T17:00:27.809987+06:30 chan-dell kernel: usb 1-7: reset full-speed USB device number 3 using xhci_hcd
2026-08-03T17:00:27.809989+06:30 chan-dell kernel: ata3.00: ACPI cmd f5/00:00:00:00:00:00(SECURITY FREEZE LOCK) filtered out
2026-08-03T17:00:27.809991+06:30 chan-dell kernel: ata3.00: ACPI cmd b1/c1:00:00:00:00:00(DEVICE CONFIGURATION OVERLAY) filtered out
2026-08-03T17:00:27.809992+06:30 chan-dell kernel: sd 2:0:0:0: [sda] Starting disk
2026-08-03T17:00:27.809994+06:30 chan-dell kernel: ata3.00: ACPI cmd f5/00:00:00:00:00:00(SECURITY FREEZE LOCK) filtered out
2026-08-03T17:00:27.809996+06:30 chan-dell kernel: ata3.00: ACPI cmd b1/c1:00:00:00:00:00(DEVICE CONFIGURATION OVERLAY) filtered out
2026-08-03T17:00:27.809997+06:30 chan-dell kernel: ata3.00: configured for UDMA/133
2026-08-03T17:00:27.809999+06:30 chan-dell kernel: ata3.00: Enabling discard_zeroes_data
2026-08-03T17:00:27.810002+06:30 chan-dell kernel: usb 1-5: reset high-speed USB device number 2 using xhci_hcd
2026-08-03T17:00:27.810003+06:30 chan-dell kernel: Bluetooth: hci0: Bootloader revision 0.0 build 26 week 38 2015
2026-08-03T17:00:27.810005+06:30 chan-dell kernel: OOM killer enabled.
2026-08-03T17:00:27.810006+06:30 chan-dell kernel: Restarting tasks: Starting
2026-08-03T17:00:27.810008+06:30 chan-dell kernel: Bluetooth: hci0: Device revision is 16
2026-08-03T17:00:27.810009+06:30 chan-dell kernel: Bluetooth: hci0: Secure boot is enabled
2026-08-03T17:00:27.810011+06:30 chan-dell kernel: Bluetooth: hci0: OTP lock is enabled
2026-08-03T17:00:27.810013+06:30 chan-dell kernel: Bluetooth: hci0: API lock is enabled
2026-08-03T17:00:27.810014+06:30 chan-dell kernel: Bluetooth: hci0: Debug lock is disabled
2026-08-03T17:00:27.810016+06:30 chan-dell kernel: Bluetooth: hci0: Minimum firmware build 1 week 10 2014
2026-08-03T17:00:27.812382+06:30 chan-dell kernel: Bluetooth: hci0: Found device firmware: intel/ibt-12-16.sfi
2026-08-03T17:00:27.812484+06:30 chan-dell kernel: Restarting tasks: Done
2026-08-03T17:00:27.812545+06:30 chan-dell kernel: efivarfs: resyncing variable state
2026-08-03T17:00:27.862834+06:30 chan-dell kernel: efivarfs: finished resyncing variable state
2026-08-03T17:00:27.862893+06:30 chan-dell kernel: random: crng reseeded on system resumption
2026-08-03T17:00:27.904616+06:30 chan-dell kernel: mei_hdcp 0000:00:16.0-b638ab7e-94e2-4ea2-a552-d1c54b627f04: bound 0000:00:02.0 (ops i915_hdcp_ops [i915])
2026-08-03T17:00:28.120441+06:30 chan-dell kernel: PM: suspend exit
2026-08-03T17:00:28.380617+06:30 chan-dell kernel: e1000e 0000:00:1f.6 enp0s31f6: NIC Link is Down
2026-08-03T17:00:29.841439+06:30 chan-dell kernel: Bluetooth: hci0: Waiting for firmware download to complete
2026-08-03T17:00:29.842467+06:30 chan-dell kernel: Bluetooth: hci0: Firmware loaded in 1982843 usecs
2026-08-03T17:00:29.842498+06:30 chan-dell kernel: Bluetooth: hci0: Waiting for device to boot
2026-08-03T17:00:29.855427+06:30 chan-dell kernel: Bluetooth: hci0: Device booted in 12738 usecs
2026-08-03T17:00:29.855508+06:30 chan-dell kernel: Bluetooth: hci0: Found Intel DDC parameters: intel/ibt-12-16.ddc
2026-08-03T17:00:29.858404+06:30 chan-dell kernel: Bluetooth: hci0: Applying Intel DDC parameters completed
2026-08-03T17:00:29.859410+06:30 chan-dell kernel: Bluetooth: hci0: Firmware revision 0.1 build 19 week 44 2021
2026-08-03T17:00:29.861432+06:30 chan-dell kernel: Bluetooth: hci0: Reading supported features failed (-16)
2026-08-03T17:00:29.861474+06:30 chan-dell kernel: Bluetooth: hci0: Error reading debug features
2026-08-03T17:00:29.861485+06:30 chan-dell kernel: Bluetooth: hci0: HCI LE Coded PHY feature bit is set, but its usage is not supported.
2026-08-03T17:00:29.913422+06:30 chan-dell kernel: Bluetooth: MGMT ver 1.23
2026-08-03T17:00:32.433372+06:30 chan-dell kernel: wlp2s0: authenticate with d0:96:fb:26:69:ff (local address=28:c6:3f:1a:a9:50)
2026-08-03T17:00:32.434374+06:30 chan-dell kernel: wlp2s0: send auth to d0:96:fb:26:69:ff (try 1/3)
2026-08-03T17:00:32.441421+06:30 chan-dell kernel: wlp2s0: authenticated
2026-08-03T17:00:32.441438+06:30 chan-dell kernel: wlp2s0: associating to AP d0:96:fb:26:69:ff with corrupt probe response
2026-08-03T17:00:32.441441+06:30 chan-dell kernel: wlp2s0: associate with d0:96:fb:26:69:ff (try 1/3)
2026-08-03T17:00:32.446380+06:30 chan-dell kernel: wlp2s0: RX AssocResp from d0:96:fb:26:69:ff (capab=0x411 status=0 aid=5)
2026-08-03T17:00:32.449650+06:30 chan-dell kernel: wlp2s0: associated
2026-08-03T17:19:28.841486+06:30 chan-dell kernel: wlp2s0: deauthenticating from d0:96:fb:26:69:ff by local choice (Reason: 3=DEAUTH_LEAVING)
2026-08-03T17:19:31.136432+06:30 chan-dell kernel: PM: suspend entry (deep)
2026-08-03T17:19:31.139425+06:30 chan-dell kernel: Filesystems sync: 0.004 seconds
2026-08-03T19:59:42.756906+06:30 chan-dell kernel: Freezing user space processes
2026-08-03T19:59:42.757131+06:30 chan-dell kernel: Freezing user space processes completed (elapsed 0.002 seconds)
2026-08-03T19:59:42.757144+06:30 chan-dell kernel: OOM killer disabled.
2026-08-03T19:59:42.757151+06:30 chan-dell kernel: Freezing remaining freezable tasks
2026-08-03T19:59:42.757158+06:30 chan-dell kernel: Freezing remaining freezable tasks completed (elapsed 0.001 seconds)
2026-08-03T19:59:42.757168+06:30 chan-dell kernel: printk: Suspending console(s) (use no_console_suspend to debug)
2026-08-03T19:59:42.757174+06:30 chan-dell kernel: e1000e: EEE TX LPI TIMER: 00000011
2026-08-03T19:59:42.757181+06:30 chan-dell kernel: sd 2:0:0:0: [sda] Synchronizing SCSI cache
2026-08-03T19:59:42.757185+06:30 chan-dell kernel: ata3.00: Entering standby power mode
2026-08-03T19:59:42.757189+06:30 chan-dell kernel: pcieport 0000:00:1c.0: Intel SPT PCH root port ACS workaround enabled
2026-08-03T19:59:42.757195+06:30 chan-dell kernel: ACPI: EC: interrupt blocked
2026-08-03T19:59:42.757201+06:30 chan-dell kernel: ACPI: PM: Preparing to enter system sleep state S3
2026-08-03T19:59:42.757207+06:30 chan-dell kernel: ACPI: EC: event blocked
2026-08-03T19:59:42.757213+06:30 chan-dell kernel: ACPI: EC: EC stopped
2026-08-03T19:59:42.757219+06:30 chan-dell kernel: ACPI: PM: Saving platform NVS memory
2026-08-03T19:59:42.757226+06:30 chan-dell kernel: Disabling non-boot CPUs ...
2026-08-03T19:59:42.757232+06:30 chan-dell kernel: smpboot: CPU 3 is now offline
2026-08-03T19:59:42.757238+06:30 chan-dell kernel: smpboot: CPU 2 is now offline
2026-08-03T19:59:42.757244+06:30 chan-dell kernel: smpboot: CPU 1 is now offline
2026-08-03T19:59:42.757249+06:30 chan-dell kernel: ACPI: PM: Low-level resume complete
2026-08-03T19:59:42.757255+06:30 chan-dell kernel: ACPI: EC: EC started
2026-08-03T19:59:42.757262+06:30 chan-dell kernel: ACPI: PM: Restoring platform NVS memory
2026-08-03T19:59:42.757268+06:30 chan-dell kernel: Enabling non-boot CPUs ...
2026-08-03T19:59:42.757275+06:30 chan-dell kernel: smpboot: Booting Node 0 Processor 1 APIC 0x2
2026-08-03T19:59:42.757281+06:30 chan-dell kernel: CPU1 is up
2026-08-03T19:59:42.757287+06:30 chan-dell kernel: smpboot: Booting Node 0 Processor 2 APIC 0x1
2026-08-03T19:59:42.757293+06:30 chan-dell kernel: CPU2 is up
2026-08-03T19:59:42.757299+06:30 chan-dell kernel: smpboot: Booting Node 0 Processor 3 APIC 0x3
2026-08-03T19:59:42.757306+06:30 chan-dell kernel: CPU3 is up
2026-08-03T19:59:42.757312+06:30 chan-dell kernel: ACPI: PM: Waking up from system sleep state S3
2026-08-03T19:59:42.757319+06:30 chan-dell kernel: pcieport 0000:00:1c.0: Intel SPT PCH root port ACS workaround enabled
2026-08-03T19:59:42.757325+06:30 chan-dell kernel: pcieport 0000:00:1c.2: Intel SPT PCH root port ACS workaround enabled
2026-08-03T19:59:42.757330+06:30 chan-dell kernel: ACPI: EC: interrupt unblocked
2026-08-03T19:59:42.757336+06:30 chan-dell kernel: xhci_hcd 0000:00:14.0: xHC error in resume, USBSTS 0x411, Reinit
2026-08-03T19:59:42.757341+06:30 chan-dell kernel: usb usb1: root hub lost power or was reset
2026-08-03T19:59:42.757348+06:30 chan-dell kernel: usb usb2: root hub lost power or was reset
2026-08-03T19:59:42.757354+06:30 chan-dell kernel: ACPI: EC: event unblocked
2026-08-03T19:59:42.757360+06:30 chan-dell kernel: usb 1-5: reset high-speed USB device number 2 using xhci_hcd
2026-08-03T19:59:42.757365+06:30 chan-dell kernel: ata3: SATA link up 6.0 Gbps (SStatus 133 SControl 300)
2026-08-03T19:59:42.757371+06:30 chan-dell kernel: ata3.00: ACPI cmd f5/00:00:00:00:00:00(SECURITY FREEZE LOCK) filtered out
2026-08-03T19:59:42.757378+06:30 chan-dell kernel: ata3.00: ACPI cmd b1/c1:00:00:00:00:00(DEVICE CONFIGURATION OVERLAY) filtered out
2026-08-03T19:59:42.757382+06:30 chan-dell kernel: sd 2:0:0:0: [sda] Starting disk
2026-08-03T19:59:42.757385+06:30 chan-dell kernel: ata3.00: ACPI cmd f5/00:00:00:00:00:00(SECURITY FREEZE LOCK) filtered out
2026-08-03T19:59:42.757388+06:30 chan-dell kernel: ata3.00: ACPI cmd b1/c1:00:00:00:00:00(DEVICE CONFIGURATION OVERLAY) filtered out
2026-08-03T19:59:42.757391+06:30 chan-dell kernel: ata3.00: configured for UDMA/133
2026-08-03T19:59:42.757395+06:30 chan-dell kernel: ata3.00: Enabling discard_zeroes_data
2026-08-03T19:59:42.757398+06:30 chan-dell kernel: usb 1-7: WARN: invalid context state for evaluate context command.
2026-08-03T19:59:42.757401+06:30 chan-dell kernel: usb 1-7: reset full-speed USB device number 3 using xhci_hcd
2026-08-03T19:59:42.757407+06:30 chan-dell kernel: Bluetooth: hci0: Bootloader revision 0.0 build 26 week 38 2015
2026-08-03T19:59:42.757410+06:30 chan-dell kernel: Bluetooth: hci0: Device revision is 16
2026-08-03T19:59:42.757413+06:30 chan-dell kernel: Bluetooth: hci0: Secure boot is enabled
2026-08-03T19:59:42.757417+06:30 chan-dell kernel: Bluetooth: hci0: OTP lock is enabled
2026-08-03T19:59:42.757423+06:30 chan-dell kernel: Bluetooth: hci0: API lock is enabled
2026-08-03T19:59:42.757430+06:30 chan-dell kernel: Bluetooth: hci0: Debug lock is disabled
2026-08-03T19:59:42.757436+06:30 chan-dell kernel: Bluetooth: hci0: Minimum firmware build 1 week 10 2014
2026-08-03T19:59:42.757439+06:30 chan-dell kernel: OOM killer enabled.
2026-08-03T19:59:42.757443+06:30 chan-dell kernel: Restarting tasks: Starting
2026-08-03T19:59:42.772884+06:30 chan-dell kernel: Restarting tasks: Done
2026-08-03T19:59:42.801113+06:30 chan-dell kernel: efivarfs: resyncing variable state
2026-08-03T19:59:42.801136+06:30 chan-dell kernel: Bluetooth: hci0: Found device firmware: intel/ibt-12-16.sfi
2026-08-03T19:59:42.842868+06:30 chan-dell kernel: efivarfs: finished resyncing variable state
2026-08-03T19:59:42.842915+06:30 chan-dell kernel: random: crng reseeded on system resumption
2026-08-03T19:59:42.967782+06:30 chan-dell kernel: mei_hdcp 0000:00:16.0-b638ab7e-94e2-4ea2-a552-d1c54b627f04: bound 0000:00:02.0 (ops i915_hdcp_ops [i915])
2026-08-03T19:59:43.051954+06:30 chan-dell kernel: PM: suspend exit
2026-08-03T19:59:43.405221+06:30 chan-dell kernel: e1000e 0000:00:1f.6 enp0s31f6: NIC Link is Down
2026-08-03T19:59:44.705844+06:30 chan-dell kernel: Bluetooth: hci0: Waiting for firmware download to complete
2026-08-03T19:59:44.705946+06:30 chan-dell kernel: Bluetooth: hci0: Firmware loaded in 1887678 usecs
2026-08-03T19:59:44.706858+06:30 chan-dell kernel: Bluetooth: hci0: Waiting for device to boot
2026-08-03T19:59:44.718838+06:30 chan-dell kernel: Bluetooth: hci0: Device booted in 12649 usecs
2026-08-03T19:59:44.719823+06:30 chan-dell kernel: Bluetooth: hci0: Found Intel DDC parameters: intel/ibt-12-16.ddc
2026-08-03T19:59:44.721800+06:30 chan-dell kernel: Bluetooth: hci0: Applying Intel DDC parameters completed
2026-08-03T19:59:44.722807+06:30 chan-dell kernel: Bluetooth: hci0: Firmware revision 0.1 build 19 week 44 2021
2026-08-03T19:59:44.724843+06:30 chan-dell kernel: Bluetooth: hci0: Reading supported features failed (-16)
2026-08-03T19:59:44.724925+06:30 chan-dell kernel: Bluetooth: hci0: Error reading debug features
2026-08-03T19:59:44.724937+06:30 chan-dell kernel: Bluetooth: hci0: HCI LE Coded PHY feature bit is set, but its usage is not supported.
2026-08-03T19:59:44.777933+06:30 chan-dell kernel: Bluetooth: MGMT ver 1.23
2026-08-03T19:59:47.578857+06:30 chan-dell kernel: wlp2s0: authenticate with d0:96:fb:26:69:ff (local address=28:c6:3f:1a:a9:50)
2026-08-03T19:59:47.580874+06:30 chan-dell kernel: wlp2s0: send auth to d0:96:fb:26:69:ff (try 1/3)
2026-08-03T19:59:47.589864+06:30 chan-dell kernel: wlp2s0: authenticated
2026-08-03T19:59:47.590864+06:30 chan-dell kernel: wlp2s0: associating to AP d0:96:fb:26:69:ff with corrupt probe response
2026-08-03T19:59:47.590908+06:30 chan-dell kernel: wlp2s0: associate with d0:96:fb:26:69:ff (try 1/3)
2026-08-03T19:59:47.600892+06:30 chan-dell kernel: wlp2s0: RX AssocResp from d0:96:fb:26:69:ff (capab=0x411 status=0 aid=5)
2026-08-03T19:59:47.605841+06:30 chan-dell kernel: wlp2s0: associated
2026-08-03T19:59:49.434855+06:30 chan-dell kernel: audit: type=1107 audit(1785763789.432:552): pid=1069 uid=102 auid=4294967295 ses=4294967295 subj=unconfined msg='apparmor="DENIED" operation="dbus_signal"  bus="system" path="/" interface="org.freedesktop.Avahi.Server" member="StateChanged" name=":1.7" mask="receive" pid=2638 label="/usr/libexec/geoclue" peer_pid=1067 peer_label="unconfined"
2026-08-03T19:59:49.434911+06:30 chan-dell kernel:  exe="/usr/bin/dbus-daemon" sauid=102 hostname=? addr=? terminal=?'
2026-08-03T19:59:49.435966+06:30 chan-dell kernel: audit: type=1107 audit(1785763789.434:553): pid=1069 uid=102 auid=4294967295 ses=4294967295 subj=unconfined msg='apparmor="DENIED" operation="dbus_signal"  bus="system" path="/" interface="org.freedesktop.Avahi.Server" member="StateChanged" name=":1.7" mask="receive" pid=2638 label="/usr/libexec/geoclue" peer_pid=1067 peer_label="unconfined"
2026-08-03T19:59:49.436029+06:30 chan-dell kernel:  exe="/usr/bin/dbus-daemon" sauid=102 hostname=? addr=? terminal=?'
2026-08-03T19:59:51.655202+06:30 chan-dell kernel: audit: type=1107 audit(1785763791.653:554): pid=1069 uid=102 auid=4294967295 ses=4294967295 subj=unconfined msg='apparmor="DENIED" operation="dbus_signal"  bus="system" path="/" interface="org.freedesktop.Avahi.Server" member="StateChanged" name=":1.7" mask="receive" pid=2638 label="/usr/libexec/geoclue" peer_pid=1067 peer_label="unconfined"
2026-08-03T19:59:51.655270+06:30 chan-dell kernel:  exe="/usr/bin/dbus-daemon" sauid=102 hostname=? addr=? terminal=?'
2026-08-03T20:01:33.942794+06:30 chan-dell kernel: rfkill: input handler enabled
2026-08-03T20:01:34.196997+06:30 chan-dell kernel: audit: type=1400 audit(1785763894.193:555): apparmor="DENIED" operation="capable" class="cap" profile="fusermount3" pid=94702 comm="fusermount3" capability=1  capname="dac_override"
2026-08-03T20:01:34.197015+06:30 chan-dell kernel: audit: type=1400 audit(1785763894.193:556): apparmor="DENIED" operation="capable" class="cap" profile="fusermount3" pid=94702 comm="fusermount3" capability=7  capname="setuid"
2026-08-03T20:01:34.198772+06:30 chan-dell kernel: audit: type=1400 audit(1785763894.197:557): apparmor="DENIED" operation="capable" class="cap" profile="fusermount3" pid=94703 comm="fusermount3" capability=1  capname="dac_override"
2026-08-03T20:01:34.198835+06:30 chan-dell kernel: audit: type=1400 audit(1785763894.197:558): apparmor="DENIED" operation="capable" class="cap" profile="fusermount3" pid=94703 comm="fusermount3" capability=7  capname="setuid"
2026-08-03T20:01:34.203794+06:30 chan-dell kernel: audit: type=1400 audit(1785763894.202:559): apparmor="DENIED" operation="capable" class="cap" profile="fusermount3" pid=94707 comm="fusermount3" capability=7  capname="setuid"
2026-08-03T20:01:34.245580+06:30 chan-dell kernel: audit: type=1400 audit(1785763894.237:560): apparmor="DENIED" operation="capable" class="cap" profile="fusermount3" pid=94704 comm="fusermount3" capability=7  capname="setuid"
2026-08-03T20:01:34.349078+06:30 chan-dell kernel: audit: type=1400 audit(1785763894.347:561): apparmor="DENIED" operation="mount" class="mount" info="failed mntpnt match" error=-13 profile="fusermount3" name="/" pid=94740 comm="fusermount3" flags="rw, rprivate"
2026-08-03T20:03:27.394609+06:30 chan-dell kernel: Linux version 7.0.0-28-generic (buildd@lcy02-amd64-047) (x86_64-linux-gnu-gcc (Ubuntu 15.2.0-16ubuntu1) 15.2.0, GNU ld (GNU Binutils for Ubuntu) 2.46) #28-Ubuntu SMP PREEMPT_DYNAMIC Sun Jun 21 01:01:36 UTC 2026 (Ubuntu 7.0.0-28.28-generic 7.0.12)
2026-08-03T20:03:27.395955+06:30 chan-dell kernel: Command line: BOOT_IMAGE=/boot/vmlinuz-7.0.0-28-generic root=UUID=58b7fd87-d542-4c25-9c30-5404b0b1e113 ro quiet splash crashkernel=2G-4G:320M,4G-32G:512M,32G-64G:1024M,64G-128G:2048M,128G-:4096M
2026-08-03T20:03:27.395962+06:30 chan-dell kernel: KERNEL supported cpus:
2026-08-03T20:03:27.395964+06:30 chan-dell kernel:   Intel GenuineIntel
2026-08-03T20:03:27.395966+06:30 chan-dell kernel:   AMD AuthenticAMD
2026-08-03T20:03:27.395968+06:30 chan-dell kernel:   Hygon HygonGenuine
2026-08-03T20:03:27.395969+06:30 chan-dell kernel:   Centaur CentaurHauls
2026-08-03T20:03:27.395971+06:30 chan-dell kernel:   zhaoxin   Shanghai  
2026-08-03T20:03:27.395975+06:30 chan-dell kernel: BIOS-provided physical RAM map:
2026-08-03T20:03:27.395976+06:30 chan-dell kernel: BIOS-e820: [mem 0x0000000000000000-0x0000000000057fff]  System RAM
2026-08-03T20:03:27.395977+06:30 chan-dell kernel: BIOS-e820: [mem 0x0000000000058000-0x0000000000058fff]  device reserved
2026-08-03T20:03:27.395978+06:30 chan-dell kernel: BIOS-e820: [mem 0x0000000000059000-0x000000000009dfff]  System RAM
2026-08-03T20:03:27.395979+06:30 chan-dell kernel: BIOS-e820: [mem 0x000000000009e000-0x00000000000fffff]  device reserved
2026-08-03T20:03:27.395980+06:30 chan-dell kernel: BIOS-e820: [mem 0x0000000000100000-0x00000000bb35efff]  System RAM
2026-08-03T20:03:27.395981+06:30 chan-dell kernel: BIOS-e820: [mem 0x00000000bb35f000-0x00000000bb35ffff]  ACPI NVS
2026-08-03T20:03:27.395989+06:30 chan-dell kernel: BIOS-e820: [mem 0x00000000bb360000-0x00000000bb360fff]  device reserved
2026-08-03T20:03:27.395990+06:30 chan-dell kernel: BIOS-e820: [mem 0x00000000bb361000-0x00000000bb413fff]  System RAM
2026-08-03T20:03:27.395991+06:30 chan-dell kernel: BIOS-e820: [mem 0x00000000bb414000-0x00000000bb415fff]  ACPI data
2026-08-03T20:03:27.395992+06:30 chan-dell kernel: BIOS-e820: [mem 0x00000000bb416000-0x00000000ca160fff]  System RAM
2026-08-03T20:03:27.395993+06:30 chan-dell kernel: BIOS-e820: [mem 0x00000000ca161000-0x00000000ca4d7fff]  device reserved
2026-08-03T20:03:27.395994+06:30 chan-dell kernel: BIOS-e820: [mem 0x00000000ca4d8000-0x00000000ca519fff]  ACPI data
2026-08-03T20:03:27.395997+06:30 chan-dell kernel: BIOS-e820: [mem 0x00000000ca51a000-0x00000000cae4ffff]  ACPI NVS
2026-08-03T20:03:27.395999+06:30 chan-dell kernel: BIOS-e820: [mem 0x00000000cae50000-0x00000000cb5fefff]  device reserved
2026-08-03T20:03:27.396001+06:30 chan-dell kernel: BIOS-e820: [mem 0x00000000cb5ff000-0x00000000cb5fffff]  System RAM
2026-08-03T20:03:27.396003+06:30 chan-dell kernel: BIOS-e820: [mem 0x00000000cb600000-0x00000000cf7fffff]  device reserved
2026-08-03T20:03:27.396004+06:30 chan-dell kernel: BIOS-e820: [gap 0x00000000cf800000-0x00000000efffffff]
2026-08-03T20:03:27.396006+06:30 chan-dell kernel: BIOS-e820: [mem 0x00000000f0000000-0x00000000f7ffffff]  device reserved
2026-08-03T20:03:27.396010+06:30 chan-dell kernel: BIOS-e820: [gap 0x00000000f8000000-0x00000000fdffffff]
2026-08-03T20:03:27.396011+06:30 chan-dell kernel: BIOS-e820: [mem 0x00000000fe000000-0x00000000fe010fff]  device reserved
2026-08-03T20:03:27.396012+06:30 chan-dell kernel: BIOS-e820: [gap 0x00000000fe011000-0x00000000febfffff]
2026-08-03T20:03:27.396013+06:30 chan-dell kernel: BIOS-e820: [mem 0x00000000fec00000-0x00000000fec00fff]  device reserved
2026-08-03T20:03:27.396014+06:30 chan-dell kernel: BIOS-e820: [gap 0x00000000fec01000-0x00000000fedfffff]
2026-08-03T20:03:27.396015+06:30 chan-dell kernel: BIOS-e820: [mem 0x00000000fee00000-0x00000000fee00fff]  device reserved
2026-08-03T20:03:27.396016+06:30 chan-dell kernel: BIOS-e820: [gap 0x00000000fee01000-0x00000000feffffff]
2026-08-03T20:03:27.396019+06:30 chan-dell kernel: BIOS-e820: [mem 0x00000000ff000000-0x00000000ffffffff]  device reserved
2026-08-03T20:03:27.396021+06:30 chan-dell kernel: BIOS-e820: [mem 0x0000000100000000-0x000000042e7fffff]  System RAM
2026-08-03T20:03:27.396022+06:30 chan-dell kernel: NX (Execute Disable) protection: active
2026-08-03T20:03:27.396023+06:30 chan-dell kernel: APIC: Static calls initialized
2026-08-03T20:03:27.396024+06:30 chan-dell kernel: efi: EFI v2.6 by American Megatrends
2026-08-03T20:03:27.396025+06:30 chan-dell kernel: efi: ACPI=0xca4e6000 ACPI 2.0=0xca4e6000 SMBIOS=0xf0000 SMBIOS 3.0=0xf0020 TPMFinalLog=0xcadf1000 ESRT=0xcb27e018 MEMATTR=0xc77bc298 MOKvar=0xcb362000 INITRD=0xbb416f18 TPMEventLog=0xca4d8018 
2026-08-03T20:03:27.396028+06:30 chan-dell kernel: efi: Remove mem35: MMIO range=[0xf0000000-0xf7ffffff] (128MB) from e820 map
2026-08-03T20:03:27.396029+06:30 chan-dell kernel: e820: remove [mem 0xf0000000-0xf7ffffff] device reserved
2026-08-03T20:03:27.396030+06:30 chan-dell kernel: efi: Not removing mem36: MMIO range=[0xfe000000-0xfe010fff] (68KB) from e820 map
2026-08-03T20:03:27.396031+06:30 chan-dell kernel: efi: Not removing mem37: MMIO range=[0xfec00000-0xfec00fff] (4KB) from e820 map
2026-08-03T20:03:27.396032+06:30 chan-dell kernel: efi: Not removing mem38: MMIO range=[0xfee00000-0xfee00fff] (4KB) from e820 map
2026-08-03T20:03:27.396034+06:30 chan-dell kernel: efi: Remove mem39: MMIO range=[0xff000000-0xffffffff] (16MB) from e820 map
2026-08-03T20:03:27.396037+06:30 chan-dell kernel: e820: remove [mem 0xff000000-0xffffffff] device reserved
2026-08-03T20:03:27.396039+06:30 chan-dell kernel: SMBIOS 3.0.0 present.
2026-08-03T20:03:27.396041+06:30 chan-dell kernel: DMI: Dell Inc. Latitude 7480/00F6D3, BIOS 1.41.3 02/09/2025
2026-08-03T20:03:27.396042+06:30 chan-dell kernel: DMI: Memory slots populated: 2/2
2026-08-03T20:03:27.396044+06:30 chan-dell kernel: secureboot: Secure boot disabled
2026-08-03T20:03:27.396046+06:30 chan-dell kernel: tsc: Detected 2700.000 MHz processor
2026-08-03T20:03:27.396047+06:30 chan-dell kernel: tsc: Detected 2699.909 MHz TSC
2026-08-03T20:03:27.396051+06:30 chan-dell kernel: e820: update [mem 0x00000000-0x00000fff] System RAM ==> device reserved
2026-08-03T20:03:27.396052+06:30 chan-dell kernel: e820: remove [mem 0x000a0000-0x000fffff] System RAM
2026-08-03T20:03:27.396053+06:30 chan-dell kernel: last_pfn = 0x42e800 max_arch_pfn = 0x400000000
2026-08-03T20:03:27.396054+06:30 chan-dell kernel: MTRR map: 4 entries (3 fixed + 1 variable; max 23), built from 10 variable MTRRs
2026-08-03T20:03:27.396055+06:30 chan-dell kernel: x86/PAT: Configuration [0-7]: WB  WC  UC- UC  WB  WP  UC- WT  
2026-08-03T20:03:27.396056+06:30 chan-dell kernel: last_pfn = 0xcb600 max_arch_pfn = 0x400000000
2026-08-03T20:03:27.396059+06:30 chan-dell kernel: esrt: Reserving ESRT space from 0x00000000cb27e018 to 0x00000000cb27e050.
2026-08-03T20:03:27.396060+06:30 chan-dell kernel: Using GB pages for direct mapping
2026-08-03T20:03:27.396061+06:30 chan-dell kernel: secureboot: Secure boot disabled
2026-08-03T20:03:27.396062+06:30 chan-dell kernel: RAMDISK: [mem 0xb14a2000-0xb6b4bfff]
2026-08-03T20:03:27.396063+06:30 chan-dell kernel: ACPI: Early table checksum verification disabled
2026-08-03T20:03:27.396065+06:30 chan-dell kernel: ACPI: RSDP 0x00000000CA4E6000 000024 (v02 DELL  )
2026-08-03T20:03:27.396068+06:30 chan-dell kernel: ACPI: XSDT 0x00000000CA4E60B8 0000F4 (v01 DELL   CBX3     01072009 AMI  00010013)
2026-08-03T20:03:27.396069+06:30 chan-dell kernel: ACPI: FACP 0x00000000CA50C2E0 00010C (v05 DELL   CBX3     01072009 AMI  00010013)
2026-08-03T20:03:27.396070+06:30 chan-dell kernel: ACPI: DSDT 0x00000000CA4E6240 02609A (v02 DELL   CBX3     01072009 INTL 20160422)
2026-08-03T20:03:27.396071+06:30 chan-dell kernel: ACPI: FACS 0x00000000CAE4DE80 000040
2026-08-03T20:03:27.396073+06:30 chan-dell kernel: ACPI: APIC 0x00000000CA50C3F0 000084 (v03 DELL   CBX3     01072009 AMI  00010013)
2026-08-03T20:03:27.396075+06:30 chan-dell kernel: ACPI: FPDT 0x00000000CA50C478 000044 (v01 DELL   CBX3     01072009 AMI  00010013)
2026-08-03T20:03:27.396076+06:30 chan-dell kernel: ACPI: FIDT 0x00000000CA50C4C0 0000AC (v01 DELL   CBX3     01072009 AMI  00010013)
2026-08-03T20:03:27.396080+06:30 chan-dell kernel: ACPI: MCFG 0x00000000CA50C570 00003C (v01 DELL   CBX3     01072009 MSFT 00000097)
2026-08-03T20:03:27.396082+06:30 chan-dell kernel: ACPI: HPET 0x00000000CA50C5B0 000038 (v01 DELL   CBX3     01072009 AMI. 0005000B)
2026-08-03T20:03:27.396083+06:30 chan-dell kernel: ACPI: SSDT 0x00000000CA50C5E8 000359 (v01 SataRe SataTabl 00001000 INTL 20160422)
2026-08-03T20:03:27.396085+06:30 chan-dell kernel: ACPI: SSDT 0x00000000CA50C948 0012FE (v02 SaSsdt SaSsdt   00003000 INTL 20160422)
2026-08-03T20:03:27.396087+06:30 chan-dell kernel: ACPI: HPET 0x00000000CA50DC48 000038 (v01 INTEL  KBL-ULT  00000001 MSFT 0000005F)
2026-08-03T20:03:27.396088+06:30 chan-dell kernel: ACPI: SSDT 0x00000000CA50DC80 000EBE (v02 INTEL  xh_OEMBD 00000000 INTL 20160422)
2026-08-03T20:03:27.396092+06:30 chan-dell kernel: ACPI: UEFI 0x00000000CA50EB40 000042 (v01                 00000000      00000000)
2026-08-03T20:03:27.396093+06:30 chan-dell kernel: ACPI: SSDT 0x00000000CA50EB88 000EDE (v02 CpuRef CpuSsdt  00003000 INTL 20160422)
2026-08-03T20:03:27.396094+06:30 chan-dell kernel: ACPI: LPIT 0x00000000CA50FA68 000094 (v01 INTEL  KBL-ULT  00000000 MSFT 0000005F)
2026-08-03T20:03:27.396101+06:30 chan-dell kernel: ACPI: SSDT 0x00000000CA50FB00 000141 (v02 INTEL  HdaDsp   00000000 INTL 20160422)
2026-08-03T20:03:27.396102+06:30 chan-dell kernel: ACPI: SSDT 0x00000000CA50FC48 00029F (v02 INTEL  sensrhub 00000000 INTL 20160422)
2026-08-03T20:03:27.396103+06:30 chan-dell kernel: ACPI: SSDT 0x00000000CA50FEE8 003002 (v02 INTEL  PtidDevc 00001000 INTL 20160422)
2026-08-03T20:03:27.396104+06:30 chan-dell kernel: ACPI: SSDT 0x00000000CA512EF0 000517 (v02 INTEL  TbtTypeC 00000000 INTL 20160422)
2026-08-03T20:03:27.396107+06:30 chan-dell kernel: ACPI: DBGP 0x00000000CA513408 000034 (v01 INTEL           00000002 MSFT 0000005F)
2026-08-03T20:03:27.396108+06:30 chan-dell kernel: ACPI: DBG2 0x00000000CA513440 000054 (v00 INTEL           00000002 MSFT 0000005F)
2026-08-03T20:03:27.396109+06:30 chan-dell kernel: ACPI: SSDT 0x00000000CA513498 005136 (v02 DptfTa DptfTabl 00001000 INTL 20160422)
2026-08-03T20:03:27.396110+06:30 chan-dell kernel: ACPI: MSDM 0x00000000CA5185D0 000055 (v03 DELL   CBX3     06222004 AMI  00010013)
2026-08-03T20:03:27.396111+06:30 chan-dell kernel: ACPI: SLIC 0x00000000CA518628 000176 (v03 DELL   CBX3     01072009 MSFT 00010013)
2026-08-03T20:03:27.396112+06:30 chan-dell kernel: ACPI: BGRT 0x00000000CA5187A0 000038 (v00 ?áêÌ            01072009 AMI  00010013)
2026-08-03T20:03:27.396115+06:30 chan-dell kernel: ACPI: DMAR 0x00000000CA5187D8 000114 (v01 INTEL  KBL      00000001 INTL 00000001)
2026-08-03T20:03:27.396117+06:30 chan-dell kernel: ACPI: TPM2 0x00000000CA5188F0 000034 (v03        Tpm2Tabl 00000001 AMI  00000000)
2026-08-03T20:03:27.396119+06:30 chan-dell kernel: ACPI: ASF! 0x00000000CA518928 0000A0 (v32 INTEL   HCG     00000001 TFSM 000F4240)
2026-08-03T20:03:27.396202+06:30 chan-dell kernel: ACPI: Reserving FACP table memory at [mem 0xca50c2e0-0xca50c3eb]
2026-08-03T20:03:27.396204+06:30 chan-dell kernel: ACPI: Reserving DSDT table memory at [mem 0xca4e6240-0xca50c2d9]
2026-08-03T20:03:27.396206+06:30 chan-dell kernel: ACPI: Reserving FACS table memory at [mem 0xcae4de80-0xcae4debf]
2026-08-03T20:03:27.396210+06:30 chan-dell kernel: ACPI: Reserving APIC table memory at [mem 0xca50c3f0-0xca50c473]
2026-08-03T20:03:27.396212+06:30 chan-dell kernel: ACPI: Reserving FPDT table memory at [mem 0xca50c478-0xca50c4bb]
2026-08-03T20:03:27.396213+06:30 chan-dell kernel: ACPI: Reserving FIDT table memory at [mem 0xca50c4c0-0xca50c56b]
2026-08-03T20:03:27.396215+06:30 chan-dell kernel: ACPI: Reserving MCFG table memory at [mem 0xca50c570-0xca50c5ab]
2026-08-03T20:03:27.396217+06:30 chan-dell kernel: ACPI: Reserving HPET table memory at [mem 0xca50c5b0-0xca50c5e7]
2026-08-03T20:03:27.396218+06:30 chan-dell kernel: ACPI: Reserving SSDT table memory at [mem 0xca50c5e8-0xca50c940]
2026-08-03T20:03:27.396219+06:30 chan-dell kernel: ACPI: Reserving SSDT table memory at [mem 0xca50c948-0xca50dc45]
2026-08-03T20:03:27.396222+06:30 chan-dell kernel: ACPI: Reserving HPET table memory at [mem 0xca50dc48-0xca50dc7f]
2026-08-03T20:03:27.396223+06:30 chan-dell kernel: ACPI: Reserving SSDT table memory at [mem 0xca50dc80-0xca50eb3d]
2026-08-03T20:03:27.396224+06:30 chan-dell kernel: ACPI: Reserving UEFI table memory at [mem 0xca50eb40-0xca50eb81]
2026-08-03T20:03:27.396225+06:30 chan-dell kernel: ACPI: Reserving SSDT table memory at [mem 0xca50eb88-0xca50fa65]
2026-08-03T20:03:27.396226+06:30 chan-dell kernel: ACPI: Reserving LPIT table memory at [mem 0xca50fa68-0xca50fafb]
2026-08-03T20:03:27.396227+06:30 chan-dell kernel: ACPI: Reserving SSDT table memory at [mem 0xca50fb00-0xca50fc40]
2026-08-03T20:03:27.396230+06:30 chan-dell kernel: ACPI: Reserving SSDT table memory at [mem 0xca50fc48-0xca50fee6]
2026-08-03T20:03:27.396231+06:30 chan-dell kernel: ACPI: Reserving SSDT table memory at [mem 0xca50fee8-0xca512ee9]
2026-08-03T20:03:27.396232+06:30 chan-dell kernel: ACPI: Reserving SSDT table memory at [mem 0xca512ef0-0xca513406]
2026-08-03T20:03:27.396233+06:30 chan-dell kernel: ACPI: Reserving DBGP table memory at [mem 0xca513408-0xca51343b]
2026-08-03T20:03:27.396234+06:30 chan-dell kernel: ACPI: Reserving DBG2 table memory at [mem 0xca513440-0xca513493]
2026-08-03T20:03:27.396235+06:30 chan-dell kernel: ACPI: Reserving SSDT table memory at [mem 0xca513498-0xca5185cd]
2026-08-03T20:03:27.396237+06:30 chan-dell kernel: ACPI: Reserving MSDM table memory at [mem 0xca5185d0-0xca518624]
2026-08-03T20:03:27.396240+06:30 chan-dell kernel: ACPI: Reserving SLIC table memory at [mem 0xca518628-0xca51879d]
2026-08-03T20:03:27.396242+06:30 chan-dell kernel: ACPI: Reserving BGRT table memory at [mem 0xca5187a0-0xca5187d7]
2026-08-03T20:03:27.396244+06:30 chan-dell kernel: ACPI: Reserving DMAR table memory at [mem 0xca5187d8-0xca5188eb]
2026-08-03T20:03:27.396246+06:30 chan-dell kernel: ACPI: Reserving TPM2 table memory at [mem 0xca5188f0-0xca518923]
2026-08-03T20:03:27.396247+06:30 chan-dell kernel: ACPI: Reserving ASF! table memory at [mem 0xca518928-0xca5189c7]
2026-08-03T20:03:27.396249+06:30 chan-dell kernel: No NUMA configuration found
2026-08-03T20:03:27.396252+06:30 chan-dell kernel: Faking a node at [mem 0x0000000000000000-0x000000042e7fffff]
2026-08-03T20:03:27.396255+06:30 chan-dell kernel: NODE_DATA(0) allocated [mem 0x42e7d5280-0x42e7fffff]
2026-08-03T20:03:27.396255+06:30 chan-dell kernel: crashkernel reserved: 0x000000007b000000 - 0x000000009b000000 (512 MB)
2026-08-03T20:03:27.396256+06:30 chan-dell kernel: Reserving Intel graphics memory at [mem 0xcd800000-0xcf7fffff]
2026-08-03T20:03:27.396257+06:30 chan-dell kernel: ACPI: PM-Timer IO Port: 0x1808
2026-08-03T20:03:27.396258+06:30 chan-dell kernel: ACPI: LAPIC_NMI (acpi_id[0x01] high edge lint[0x1])
2026-08-03T20:03:27.396261+06:30 chan-dell kernel: ACPI: LAPIC_NMI (acpi_id[0x02] high edge lint[0x1])
2026-08-03T20:03:27.396263+06:30 chan-dell kernel: ACPI: LAPIC_NMI (acpi_id[0x03] high edge lint[0x1])
2026-08-03T20:03:27.396264+06:30 chan-dell kernel: ACPI: LAPIC_NMI (acpi_id[0x04] high edge lint[0x1])
2026-08-03T20:03:27.396265+06:30 chan-dell kernel: IOAPIC[0]: apic_id 2, version 32, address 0xfec00000, GSI 0-119
2026-08-03T20:03:27.396266+06:30 chan-dell kernel: ACPI: INT_SRC_OVR (bus 0 bus_irq 0 global_irq 2 dfl dfl)
2026-08-03T20:03:27.396267+06:30 chan-dell kernel: ACPI: INT_SRC_OVR (bus 0 bus_irq 9 global_irq 9 high level)
2026-08-03T20:03:27.396268+06:30 chan-dell kernel: ACPI: Using ACPI (MADT) for SMP configuration information
2026-08-03T20:03:27.396271+06:30 chan-dell kernel: ACPI: HPET id: 0x8086a701 base: 0xfed00000
2026-08-03T20:03:27.396273+06:30 chan-dell kernel: e820: update [mem 0xc6dda000-0xc6e1dfff] System RAM ==> device reserved
2026-08-03T20:03:27.396274+06:30 chan-dell kernel: TSC deadline timer available
2026-08-03T20:03:27.396276+06:30 chan-dell kernel: CPU topo: Max. logical packages:   1
2026-08-03T20:03:27.396277+06:30 chan-dell kernel: CPU topo: Max. logical nodes:      1
2026-08-03T20:03:27.396279+06:30 chan-dell kernel: CPU topo: Num. nodes per package:  1
2026-08-03T20:03:27.396283+06:30 chan-dell kernel: CPU topo: Max. logical dies:       1
2026-08-03T20:03:27.396285+06:30 chan-dell kernel: CPU topo: Max. dies per package:   1
2026-08-03T20:03:27.396286+06:30 chan-dell kernel: CPU topo: Max. threads per core:   2
2026-08-03T20:03:27.396288+06:30 chan-dell kernel: CPU topo: Num. cores per package:     2
2026-08-03T20:03:27.396290+06:30 chan-dell kernel: CPU topo: Num. threads per package:   4
2026-08-03T20:03:27.396291+06:30 chan-dell kernel: CPU topo: Allowing 4 present CPUs plus 0 hotplug CPUs
2026-08-03T20:03:27.396293+06:30 chan-dell kernel: PM: hibernation: Registered nosave memory: [mem 0x00000000-0x00000fff]
2026-08-03T20:03:27.396296+06:30 chan-dell kernel: PM: hibernation: Registered nosave memory: [mem 0x00058000-0x00058fff]
2026-08-03T20:03:27.396297+06:30 chan-dell kernel: PM: hibernation: Registered nosave memory: [mem 0x0009e000-0x000fffff]
2026-08-03T20:03:27.396298+06:30 chan-dell kernel: PM: hibernation: Registered nosave memory: [mem 0xbb35f000-0xbb360fff]
2026-08-03T20:03:27.396299+06:30 chan-dell kernel: PM: hibernation: Registered nosave memory: [mem 0xbb414000-0xbb415fff]
2026-08-03T20:03:27.396300+06:30 chan-dell kernel: PM: hibernation: Registered nosave memory: [mem 0xc6dda000-0xc6e1dfff]
2026-08-03T20:03:27.396301+06:30 chan-dell kernel: PM: hibernation: Registered nosave memory: [mem 0xca161000-0xcb5fefff]
2026-08-03T20:03:27.396305+06:30 chan-dell kernel: PM: hibernation: Registered nosave memory: [mem 0xcb600000-0xffffffff]
2026-08-03T20:03:27.396306+06:30 chan-dell kernel: [gap 0xcf800000-0xfdffffff] available for PCI devices
2026-08-03T20:03:27.396307+06:30 chan-dell kernel: Booting paravirtualized kernel on bare hardware
2026-08-03T20:03:27.396308+06:30 chan-dell kernel: clocksource: refined-jiffies: mask: 0xffffffff max_cycles: 0xffffffff, max_idle_ns: 1910969940391419 ns
2026-08-03T20:03:27.396309+06:30 chan-dell kernel: Zone ranges:
2026-08-03T20:03:27.396310+06:30 chan-dell kernel:   DMA      [mem 0x0000000000001000-0x0000000000ffffff]
2026-08-03T20:03:27.396313+06:30 chan-dell kernel:   DMA32    [mem 0x0000000001000000-0x00000000ffffffff]
2026-08-03T20:03:27.396315+06:30 chan-dell kernel:   Normal   [mem 0x0000000100000000-0x000000042e7fffff]
2026-08-03T20:03:27.396316+06:30 chan-dell kernel:   Device   empty
2026-08-03T20:03:27.396318+06:30 chan-dell kernel: Movable zone start for each node
2026-08-03T20:03:27.396320+06:30 chan-dell kernel: Early memory node ranges
2026-08-03T20:03:27.396321+06:30 chan-dell kernel:   node   0: [mem 0x0000000000001000-0x0000000000057fff]
2026-08-03T20:03:27.396322+06:30 chan-dell kernel:   node   0: [mem 0x0000000000059000-0x000000000009dfff]
2026-08-03T20:03:27.396325+06:30 chan-dell kernel:   node   0: [mem 0x0000000000100000-0x00000000bb35efff]
2026-08-03T20:03:27.396326+06:30 chan-dell kernel:   node   0: [mem 0x00000000bb361000-0x00000000bb413fff]
2026-08-03T20:03:27.396327+06:30 chan-dell kernel:   node   0: [mem 0x00000000bb416000-0x00000000ca160fff]
2026-08-03T20:03:27.396328+06:30 chan-dell kernel:   node   0: [mem 0x00000000cb5ff000-0x00000000cb5fffff]
2026-08-03T20:03:27.396330+06:30 chan-dell kernel:   node   0: [mem 0x0000000100000000-0x000000042e7fffff]
2026-08-03T20:03:27.396331+06:30 chan-dell kernel: Initmem setup node 0 [mem 0x0000000000001000-0x000000042e7fffff]
2026-08-03T20:03:27.396334+06:30 chan-dell kernel: On node 0, zone DMA: 1 pages in unavailable ranges
2026-08-03T20:03:27.396335+06:30 chan-dell kernel: On node 0, zone DMA: 1 pages in unavailable ranges
2026-08-03T20:03:27.396337+06:30 chan-dell kernel: On node 0, zone DMA: 98 pages in unavailable ranges
2026-08-03T20:03:27.396339+06:30 chan-dell kernel: On node 0, zone DMA32: 2 pages in unavailable ranges
2026-08-03T20:03:27.396339+06:30 chan-dell kernel: On node 0, zone DMA32: 2 pages in unavailable ranges
2026-08-03T20:03:27.396341+06:30 chan-dell kernel: On node 0, zone DMA32: 5278 pages in unavailable ranges
2026-08-03T20:03:27.396344+06:30 chan-dell kernel: On node 0, zone Normal: 18944 pages in unavailable ranges
2026-08-03T20:03:27.396345+06:30 chan-dell kernel: On node 0, zone Normal: 6144 pages in unavailable ranges
2026-08-03T20:03:27.396346+06:30 chan-dell kernel: setup_percpu: NR_CPUS:8192 nr_cpumask_bits:4 nr_cpu_ids:4 nr_node_ids:1
2026-08-03T20:03:27.396347+06:30 chan-dell kernel: percpu: Embedded 85 pages/cpu s225280 r8192 d114688 u524288
2026-08-03T20:03:27.396348+06:30 chan-dell kernel: pcpu-alloc: s225280 r8192 d114688 u524288 alloc=1*2097152
2026-08-03T20:03:27.396349+06:30 chan-dell kernel: pcpu-alloc: [0] 0 1 2 3 
2026-08-03T20:03:27.396352+06:30 chan-dell kernel: Kernel command line: BOOT_IMAGE=/boot/vmlinuz-7.0.0-28-generic root=UUID=58b7fd87-d542-4c25-9c30-5404b0b1e113 ro quiet splash crashkernel=2G-4G:320M,4G-32G:512M,32G-64G:1024M,64G-128G:2048M,128G-:4096M
2026-08-03T20:03:27.396354+06:30 chan-dell kernel: Unknown kernel command line parameters "splash", will be passed to user space.
2026-08-03T20:03:27.396355+06:30 chan-dell kernel: random: crng init done
2026-08-03T20:03:27.396356+06:30 chan-dell kernel: printk: log buffer data + meta data: 262144 + 1114112 = 1376256 bytes
2026-08-03T20:03:27.396357+06:30 chan-dell kernel: Dentry cache hash table entries: 2097152 (order: 12, 16777216 bytes, linear)
2026-08-03T20:03:27.396358+06:30 chan-dell kernel: Inode-cache hash table entries: 1048576 (order: 11, 8388608 bytes, linear)
2026-08-03T20:03:27.396361+06:30 chan-dell kernel: software IO TLB: area num 4.
2026-08-03T20:03:27.396362+06:30 chan-dell kernel: Fallback order for Node 0: 0 
2026-08-03T20:03:27.396363+06:30 chan-dell kernel: Built 1 zonelists, mobility grouping on.  Total pages: 4163834
2026-08-03T20:03:27.396364+06:30 chan-dell kernel: Policy zone: Normal
2026-08-03T20:03:27.396364+06:30 chan-dell kernel: mem auto-init: stack:all(zero), heap alloc:on, heap free:off
2026-08-03T20:03:27.396365+06:30 chan-dell kernel: SLUB: HWalign=64, Order=0-3, MinObjects=0, CPUs=4, Nodes=1
2026-08-03T20:03:27.396366+06:30 chan-dell kernel: Kernel/User page tables isolation: enabled
2026-08-03T20:03:27.396369+06:30 chan-dell kernel: ftrace: allocating 63941 entries in 252 pages
2026-08-03T20:03:27.396370+06:30 chan-dell kernel: ftrace: allocated 252 pages with 6 groups
2026-08-03T20:03:27.396371+06:30 chan-dell kernel: Dynamic Preempt: lazy
2026-08-03T20:03:27.396447+06:30 chan-dell kernel: rcu: Preemptible hierarchical RCU implementation.
2026-08-03T20:03:27.396449+06:30 chan-dell kernel: rcu: 	RCU restricting CPUs from NR_CPUS=8192 to nr_cpu_ids=4.
2026-08-03T20:03:27.396450+06:30 chan-dell kernel: 	Trampoline variant of Tasks RCU enabled.
2026-08-03T20:03:27.396463+06:30 chan-dell kernel: 	Rude variant of Tasks RCU enabled.
2026-08-03T20:03:27.396465+06:30 chan-dell kernel: 	Tracing variant of Tasks RCU enabled.
2026-08-03T20:03:27.396467+06:30 chan-dell kernel: rcu: RCU calculated value of scheduler-enlistment delay is 100 jiffies.
2026-08-03T20:03:27.396468+06:30 chan-dell kernel: rcu: Adjusting geometry for rcu_fanout_leaf=16, nr_cpu_ids=4
2026-08-03T20:03:27.396470+06:30 chan-dell kernel: RCU Tasks: Setting shift to 2 and lim to 1 rcu_task_cb_adjust=1 rcu_task_cpu_ids=4.
2026-08-03T20:03:27.396472+06:30 chan-dell kernel: RCU Tasks Rude: Setting shift to 2 and lim to 1 rcu_task_cb_adjust=1 rcu_task_cpu_ids=4.
2026-08-03T20:03:27.396473+06:30 chan-dell kernel: NR_IRQS: 524544, nr_irqs: 1024, preallocated irqs: 16
2026-08-03T20:03:27.396484+06:30 chan-dell kernel: rcu: srcu_init: Setting srcu_struct sizes based on contention.
2026-08-03T20:03:27.396486+06:30 chan-dell kernel: spurious 8259A interrupt: IRQ7.
2026-08-03T20:03:27.396487+06:30 chan-dell kernel: Console: colour dummy device 80x25
2026-08-03T20:03:27.396488+06:30 chan-dell kernel: printk: legacy console [tty0] enabled
2026-08-03T20:03:27.396489+06:30 chan-dell kernel: ACPI: Core revision 20251212
2026-08-03T20:03:27.396490+06:30 chan-dell kernel: hpet: HPET dysfunctional in PC10. Force disabled.
2026-08-03T20:03:27.396497+06:30 chan-dell kernel: APIC: Switch to symmetric I/O mode setup
2026-08-03T20:03:27.396499+06:30 chan-dell kernel: DMAR: Host address width 39
2026-08-03T20:03:27.396500+06:30 chan-dell kernel: DMAR: DRHD base: 0x000000fed90000 flags: 0x0
2026-08-03T20:03:27.396501+06:30 chan-dell kernel: DMAR: dmar0: reg_base_addr fed90000 ver 1:0 cap 1c0000c40660462 ecap 19e2ff0505e
2026-08-03T20:03:27.396502+06:30 chan-dell kernel: DMAR: DRHD base: 0x000000fed91000 flags: 0x1
2026-08-03T20:03:27.396503+06:30 chan-dell kernel: DMAR: dmar1: reg_base_addr fed91000 ver 1:0 cap d2008c40660462 ecap f050da
2026-08-03T20:03:27.397089+06:30 chan-dell kernel: DMAR: RMRR base: 0x000000ca22b000 end: 0x000000ca24afff
2026-08-03T20:03:27.397093+06:30 chan-dell kernel: DMAR: RMRR base: 0x000000cd000000 end: 0x000000cf7fffff
2026-08-03T20:03:27.397101+06:30 chan-dell kernel: DMAR: ANDD device: 1 name: \_SB.PCI0.I2C0
2026-08-03T20:03:27.397103+06:30 chan-dell kernel: DMAR: ANDD device: 2 name: \_SB.PCI0.I2C1
2026-08-03T20:03:27.397105+06:30 chan-dell kernel: DMAR: ANDD device: 3 name: \_SB.PCI0.I2C2
2026-08-03T20:03:27.397106+06:30 chan-dell kernel: DMAR-IR: IOAPIC id 2 under DRHD base  0xfed91000 IOMMU 1
2026-08-03T20:03:27.397108+06:30 chan-dell kernel: DMAR-IR: HPET id 0 under DRHD base 0xfed91000
2026-08-03T20:03:27.397214+06:30 chan-dell kernel: DMAR-IR: Queued invalidation will be enabled to support x2apic and Intr-remapping.
2026-08-03T20:03:27.397218+06:30 chan-dell kernel: DMAR-IR: Enabled IRQ remapping in x2apic mode
2026-08-03T20:03:27.397219+06:30 chan-dell kernel: x2apic enabled
2026-08-03T20:03:27.397220+06:30 chan-dell kernel: APIC: Switched APIC routing to: cluster x2apic
2026-08-03T20:03:27.397221+06:30 chan-dell kernel: clocksource: tsc-early: mask: 0xffffffffffffffff max_cycles: 0x26eae8729ef, max_idle_ns: 440795235156 ns
2026-08-03T20:03:27.397222+06:30 chan-dell kernel: Calibrating delay loop (skipped), value calculated using timer frequency.. 5399.81 BogoMIPS (lpj=2699909)
2026-08-03T20:03:27.397229+06:30 chan-dell kernel: x86/cpu: SGX disabled or unsupported by BIOS.
2026-08-03T20:03:27.397230+06:30 chan-dell kernel: CPU0: Thermal monitoring enabled (TM1)
2026-08-03T20:03:27.397231+06:30 chan-dell kernel: Last level iTLB entries: 4KB 64, 2MB 8, 4MB 8
2026-08-03T20:03:27.397232+06:30 chan-dell kernel: Last level dTLB entries: 4KB 64, 2MB 32, 4MB 32, 1GB 4
2026-08-03T20:03:27.397233+06:30 chan-dell kernel: process: using mwait in idle threads
2026-08-03T20:03:27.397234+06:30 chan-dell kernel: mitigations: Enabled attack vectors: user_kernel, user_user, guest_host, guest_guest, SMT mitigations: auto
2026-08-03T20:03:27.397240+06:30 chan-dell kernel: Speculative Store Bypass: Mitigation: Speculative Store Bypass disabled via prctl
2026-08-03T20:03:27.397241+06:30 chan-dell kernel: SRBDS: Mitigation: Microcode
2026-08-03T20:03:27.397242+06:30 chan-dell kernel: Spectre V2 : Mitigation: IBRS
2026-08-03T20:03:27.397243+06:30 chan-dell kernel: RETBleed: Mitigation: IBRS
2026-08-03T20:03:27.397244+06:30 chan-dell kernel: Spectre V2 : User space: Mitigation: STIBP via prctl
2026-08-03T20:03:27.397245+06:30 chan-dell kernel: MDS: Mitigation: Clear CPU buffers
2026-08-03T20:03:27.397250+06:30 chan-dell kernel: MMIO Stale Data: Mitigation: Clear CPU buffers
2026-08-03T20:03:27.397251+06:30 chan-dell kernel: VMSCAPE: Mitigation: IBPB before exit to userspace
2026-08-03T20:03:27.397252+06:30 chan-dell kernel: Spectre V1 : Mitigation: usercopy/swapgs barriers and __user pointer sanitization
2026-08-03T20:03:27.397253+06:30 chan-dell kernel: Spectre V2 : Spectre v2 / SpectreRSB: Filling RSB on context switch and VMEXIT
2026-08-03T20:03:27.397254+06:30 chan-dell kernel: Spectre V2 : mitigation: Enabling conditional Indirect Branch Prediction Barrier
2026-08-03T20:03:27.397255+06:30 chan-dell kernel: GDS: Vulnerable
2026-08-03T20:03:27.397256+06:30 chan-dell kernel: x86/fpu: Supporting XSAVE feature 0x001: 'x87 floating point registers'
2026-08-03T20:03:27.397261+06:30 chan-dell kernel: x86/fpu: Supporting XSAVE feature 0x002: 'SSE registers'
2026-08-03T20:03:27.397262+06:30 chan-dell kernel: x86/fpu: Supporting XSAVE feature 0x004: 'AVX registers'
2026-08-03T20:03:27.397263+06:30 chan-dell kernel: x86/fpu: Supporting XSAVE feature 0x008: 'MPX bounds registers'
2026-08-03T20:03:27.397264+06:30 chan-dell kernel: x86/fpu: Supporting XSAVE feature 0x010: 'MPX CSR'
2026-08-03T20:03:27.397265+06:30 chan-dell kernel: x86/fpu: xstate_offset[2]:  576, xstate_sizes[2]:  256
2026-08-03T20:03:27.397266+06:30 chan-dell kernel: x86/fpu: xstate_offset[3]:  832, xstate_sizes[3]:   64
2026-08-03T20:03:27.397271+06:30 chan-dell kernel: x86/fpu: xstate_offset[4]:  896, xstate_sizes[4]:   64
2026-08-03T20:03:27.397273+06:30 chan-dell kernel: x86/fpu: Enabled xstate features 0x1f, context size is 960 bytes, using 'compacted' format.
2026-08-03T20:03:27.397275+06:30 chan-dell kernel: Freeing SMP alternatives memory: 56K
2026-08-03T20:03:27.397276+06:30 chan-dell kernel: pid_max: default: 32768 minimum: 301
2026-08-03T20:03:27.397278+06:30 chan-dell kernel: landlock: Up and running.
2026-08-03T20:03:27.397279+06:30 chan-dell kernel: Yama: becoming mindful.
2026-08-03T20:03:27.397281+06:30 chan-dell kernel: AppArmor: AppArmor initialized
2026-08-03T20:03:27.397287+06:30 chan-dell kernel: AppArmor: AppArmor secmark mediation reserved: ready to be enabled
2026-08-03T20:03:27.397289+06:30 chan-dell kernel: Mount-cache hash table entries: 32768 (order: 6, 262144 bytes, linear)
2026-08-03T20:03:27.397290+06:30 chan-dell kernel: Mountpoint-cache hash table entries: 32768 (order: 6, 262144 bytes, linear)
2026-08-03T20:03:27.397292+06:30 chan-dell kernel: VFS: Finished mounting rootfs on nullfs
2026-08-03T20:03:27.397293+06:30 chan-dell kernel: smpboot: CPU0: Intel(R) Core(TM) i5-7300U CPU @ 2.60GHz (family: 0x6, model: 0x8e, stepping: 0x9)
2026-08-03T20:03:27.397293+06:30 chan-dell kernel: Performance Events: PEBS fmt3+, Skylake events, 32-deep LBR, full-width counters, Intel PMU driver.
2026-08-03T20:03:27.397298+06:30 chan-dell kernel: ... version:                   4
2026-08-03T20:03:27.397301+06:30 chan-dell kernel: ... bit width:                 48
2026-08-03T20:03:27.397302+06:30 chan-dell kernel: ... generic counters:          4
2026-08-03T20:03:27.397304+06:30 chan-dell kernel: ... generic bitmap:            000000000000000f
2026-08-03T20:03:27.397305+06:30 chan-dell kernel: ... fixed-purpose counters:    3
2026-08-03T20:03:27.397306+06:30 chan-dell kernel: ... fixed-purpose bitmap:      0000000000000007
2026-08-03T20:03:27.397311+06:30 chan-dell kernel: ... value mask:                0000ffffffffffff
2026-08-03T20:03:27.397312+06:30 chan-dell kernel: ... max period:                00007fffffffffff
2026-08-03T20:03:27.397313+06:30 chan-dell kernel: ... global_ctrl mask:          000000070000000f
2026-08-03T20:03:27.397314+06:30 chan-dell kernel: signal: max sigframe size: 2032
2026-08-03T20:03:27.397315+06:30 chan-dell kernel: Estimated ratio of average max frequency by base frequency (times 1024): 1327
2026-08-03T20:03:27.397316+06:30 chan-dell kernel: rcu: Hierarchical SRCU implementation.
2026-08-03T20:03:27.397317+06:30 chan-dell kernel: rcu: 	Max phase no-delay instances is 400.
2026-08-03T20:03:27.397322+06:30 chan-dell kernel: Timer migration: 1 hierarchy levels; 8 children per group; 1 crossnode level
2026-08-03T20:03:27.397324+06:30 chan-dell kernel: NMI watchdog: Enabled. Permanently consumes one hw-PMU counter.
2026-08-03T20:03:27.397325+06:30 chan-dell kernel: smp: Bringing up secondary CPUs ...
2026-08-03T20:03:27.397326+06:30 chan-dell kernel: smpboot: x86: Booting SMP configuration:
2026-08-03T20:03:27.397328+06:30 chan-dell kernel: .... node  #0, CPUs:      #1 #2 #3
2026-08-03T20:03:27.397329+06:30 chan-dell kernel: MDS CPU bug present and SMT on, data leak possible. See https://www.kernel.org/doc/html/latest/admin-guide/hw-vuln/mds.html for more details.
2026-08-03T20:03:27.397335+06:30 chan-dell kernel: MMIO Stale Data CPU bug present and SMT on, data leak possible. See https://www.kernel.org/doc/html/latest/admin-guide/hw-vuln/processor_mmio_stale_data.html for more details.
2026-08-03T20:03:27.397338+06:30 chan-dell kernel: VMSCAPE: SMT on, STIBP is required for full protection. See https://www.kernel.org/doc/html/latest/admin-guide/hw-vuln/vmscape.html for more details.
2026-08-03T20:03:27.397339+06:30 chan-dell kernel: smp: Brought up 1 node, 4 CPUs
2026-08-03T20:03:27.397341+06:30 chan-dell kernel: smpboot: Total of 4 processors activated (21599.27 BogoMIPS)
2026-08-03T20:03:27.397343+06:30 chan-dell kernel: Memory: 12684316K/16655336K available (23799K kernel code, 4952K rwdata, 16764K rodata, 5292K init, 5856K bss, 3955176K reserved, 0K cma-reserved)
2026-08-03T20:03:27.397344+06:30 chan-dell kernel: devtmpfs: initialized
2026-08-03T20:03:27.397350+06:30 chan-dell kernel: x86/mm: Memory block size: 128MB
2026-08-03T20:03:27.397352+06:30 chan-dell kernel: ACPI: PM: Registering ACPI NVS region [mem 0xbb35f000-0xbb35ffff] (4096 bytes)
2026-08-03T20:03:27.397353+06:30 chan-dell kernel: ACPI: PM: Registering ACPI NVS region [mem 0xca51a000-0xcae4ffff] (9658368 bytes)
2026-08-03T20:03:27.397354+06:30 chan-dell kernel: clocksource: jiffies: mask: 0xffffffff max_cycles: 0xffffffff, max_idle_ns: 1911260446275000 ns
2026-08-03T20:03:27.397355+06:30 chan-dell kernel: posixtimers hash table entries: 2048 (order: 3, 32768 bytes, linear)
2026-08-03T20:03:27.397356+06:30 chan-dell kernel: futex hash table entries: 1024 (65536 bytes on 1 NUMA nodes, total 64 KiB, linear).
2026-08-03T20:03:27.397361+06:30 chan-dell kernel: PM: RTC time: 13:31:53, date: 2026-08-03
2026-08-03T20:03:27.397362+06:30 chan-dell kernel: NET: Registered PF_NETLINK/PF_ROUTE protocol family
2026-08-03T20:03:27.397363+06:30 chan-dell kernel: DMA: preallocated 2048 KiB GFP_KERNEL pool for atomic allocations
2026-08-03T20:03:27.397443+06:30 chan-dell kernel: DMA: preallocated 2048 KiB GFP_KERNEL|GFP_DMA pool for atomic allocations
2026-08-03T20:03:27.397445+06:30 chan-dell kernel: DMA: preallocated 2048 KiB GFP_KERNEL|GFP_DMA32 pool for atomic allocations
2026-08-03T20:03:27.397446+06:30 chan-dell kernel: audit: initializing netlink subsys (disabled)
2026-08-03T20:03:27.397452+06:30 chan-dell kernel: audit: type=2000 audit(1785763913.009:1): state=initialized audit_enabled=0 res=1
2026-08-03T20:03:27.397453+06:30 chan-dell kernel: thermal_sys: Registered thermal governor 'fair_share'
2026-08-03T20:03:27.397454+06:30 chan-dell kernel: thermal_sys: Registered thermal governor 'bang_bang'
2026-08-03T20:03:27.397455+06:30 chan-dell kernel: thermal_sys: Registered thermal governor 'step_wise'
2026-08-03T20:03:27.397456+06:30 chan-dell kernel: thermal_sys: Registered thermal governor 'user_space'
2026-08-03T20:03:27.397457+06:30 chan-dell kernel: thermal_sys: Registered thermal governor 'power_allocator'
2026-08-03T20:03:27.397458+06:30 chan-dell kernel: cpuidle: using governor ladder
2026-08-03T20:03:27.397463+06:30 chan-dell kernel: cpuidle: using governor menu
2026-08-03T20:03:27.397465+06:30 chan-dell kernel: efi: Freeing EFI boot services memory: 45588K
2026-08-03T20:03:27.397466+06:30 chan-dell kernel: acpiphp: ACPI Hot Plug PCI Controller Driver version: 0.5
2026-08-03T20:03:27.397467+06:30 chan-dell kernel: PCI: ECAM [mem 0xf0000000-0xf7ffffff] (base 0xf0000000) for domain 0000 [bus 00-7f]
2026-08-03T20:03:27.397468+06:30 chan-dell kernel: PCI: Using configuration type 1 for base access
2026-08-03T20:03:27.397469+06:30 chan-dell kernel: kprobes: kprobe jump-optimization is enabled. All kprobes are optimized if possible.
2026-08-03T20:03:27.397474+06:30 chan-dell kernel: HugeTLB: registered 1.00 GiB page size, pre-allocated 0 pages
2026-08-03T20:03:27.397476+06:30 chan-dell kernel: HugeTLB: 16380 KiB vmemmap can be freed for a 1.00 GiB page
2026-08-03T20:03:27.397478+06:30 chan-dell kernel: HugeTLB: registered 2.00 MiB page size, pre-allocated 0 pages
2026-08-03T20:03:27.397480+06:30 chan-dell kernel: HugeTLB: 28 KiB vmemmap can be freed for a 2.00 MiB page
2026-08-03T20:03:27.397481+06:30 chan-dell kernel: ACPI: Added _OSI(Module Device)
2026-08-03T20:03:27.397483+06:30 chan-dell kernel: ACPI: Added _OSI(Processor Device)
2026-08-03T20:03:27.397484+06:30 chan-dell kernel: ACPI: Added _OSI(Processor Aggregator Device)
2026-08-03T20:03:27.397491+06:30 chan-dell kernel: ACPI: 10 ACPI AML tables successfully acquired and loaded
2026-08-03T20:03:27.397492+06:30 chan-dell kernel: ACPI: [Firmware Bug]: BIOS _OSI(Linux) query ignored
2026-08-03T20:03:27.397493+06:30 chan-dell kernel: ACPI: \_SB_: platform _OSC: OS support mask [006e7eff]
2026-08-03T20:03:27.397494+06:30 chan-dell kernel: ACPI: \_SB_: platform _OSC: OS control mask [0000003b]
2026-08-03T20:03:27.397495+06:30 chan-dell kernel: ACPI: Dynamic OEM Table Load:
2026-08-03T20:03:27.397496+06:30 chan-dell kernel: ACPI: SSDT 0xFFFF8C058130BC00 0003FF (v02 PmRef  Cpu0Cst  00003001 INTL 20160422)
2026-08-03T20:03:27.397501+06:30 chan-dell kernel: ACPI: Dynamic OEM Table Load:
2026-08-03T20:03:27.397502+06:30 chan-dell kernel: ACPI: SSDT 0xFFFF8C0580837800 0006B4 (v02 PmRef  Cpu0Ist  00003000 INTL 20160422)
2026-08-03T20:03:27.397503+06:30 chan-dell kernel: ACPI: Dynamic OEM Table Load:
2026-08-03T20:03:27.397504+06:30 chan-dell kernel: ACPI: SSDT 0xFFFF8C0580831800 00065C (v02 PmRef  ApIst    00003000 INTL 20160422)
2026-08-03T20:03:27.397505+06:30 chan-dell kernel: ACPI: Dynamic OEM Table Load:
2026-08-03T20:03:27.397506+06:30 chan-dell kernel: ACPI: SSDT 0xFFFF8C0581341600 00018A (v02 PmRef  ApCst    00003000 INTL 20160422)
2026-08-03T20:03:27.397511+06:30 chan-dell kernel: ACPI: EC: EC started
2026-08-03T20:03:27.397513+06:30 chan-dell kernel: ACPI: EC: interrupt blocked
2026-08-03T20:03:27.397515+06:30 chan-dell kernel: ACPI: EC: EC_CMD/EC_SC=0x934, EC_DATA=0x930
2026-08-03T20:03:27.397516+06:30 chan-dell kernel: ACPI: \_SB_.PCI0.LPCB.ECDV: Boot DSDT EC used to handle transactions
2026-08-03T20:03:27.397518+06:30 chan-dell kernel: ACPI: Interpreter enabled
2026-08-03T20:03:27.397520+06:30 chan-dell kernel: ACPI: PM: (supports S0 S3 S4 S5)
2026-08-03T20:03:27.397522+06:30 chan-dell kernel: ACPI: Using IOAPIC for interrupt routing
2026-08-03T20:03:27.397528+06:30 chan-dell kernel: PCI: Using host bridge windows from ACPI; if necessary, use "pci=nocrs" and report a bug
2026-08-03T20:03:27.397530+06:30 chan-dell kernel: PCI: Ignoring E820 reservations for host bridge windows
2026-08-03T20:03:27.397531+06:30 chan-dell kernel: ACPI: Enabled 7 GPEs in block 00 to 7F
2026-08-03T20:03:27.397532+06:30 chan-dell kernel: ACPI: \_SB_.PCI0.RP09.PXSX.WRST: New power resource
2026-08-03T20:03:27.397533+06:30 chan-dell kernel: ACPI: \_SB_.PCI0.RP10.PXSX.WRST: New power resource
2026-08-03T20:03:27.397534+06:30 chan-dell kernel: ACPI: \_SB_.PCI0.RP11.PXSX.WRST: New power resource
2026-08-03T20:03:27.397539+06:30 chan-dell kernel: ACPI: \_SB_.PCI0.RP12.PXSX.WRST: New power resource
2026-08-03T20:03:27.397543+06:30 chan-dell kernel: ACPI: \_SB_.PCI0.RP13.PXSX.WRST: New power resource
2026-08-03T20:03:27.397544+06:30 chan-dell kernel: ACPI: \_SB_.PCI0.RP01.PXSX.WRST: New power resource
2026-08-03T20:03:27.397545+06:30 chan-dell kernel: ACPI: \_SB_.PCI0.RP02.PXSX.WRST: New power resource
2026-08-03T20:03:27.397546+06:30 chan-dell kernel: ACPI: \_SB_.PCI0.RP03.PXSX.WRST: New power resource
2026-08-03T20:03:27.397547+06:30 chan-dell kernel: ACPI: \_SB_.PCI0.RP04.PXSX.WRST: New power resource
2026-08-03T20:03:27.397548+06:30 chan-dell kernel: ACPI: \_SB_.PCI0.RP05.PXSX.WRST: New power resource
2026-08-03T20:03:27.397553+06:30 chan-dell kernel: ACPI: \_SB_.PCI0.RP06.PXSX.WRST: New power resource
2026-08-03T20:03:27.397555+06:30 chan-dell kernel: ACPI: \_SB_.PCI0.RP07.PXSX.WRST: New power resource
2026-08-03T20:03:27.397556+06:30 chan-dell kernel: ACPI: \_SB_.PCI0.RP08.PXSX.WRST: New power resource
2026-08-03T20:03:27.397558+06:30 chan-dell kernel: ACPI: \_SB_.PCI0.RP17.PXSX.WRST: New power resource
2026-08-03T20:03:27.397560+06:30 chan-dell kernel: ACPI: \_SB_.PCI0.RP18.PXSX.WRST: New power resource
2026-08-03T20:03:27.397561+06:30 chan-dell kernel: ACPI: \_SB_.PCI0.RP19.PXSX.WRST: New power resource
2026-08-03T20:03:27.397567+06:30 chan-dell kernel: ACPI: \_SB_.PCI0.RP20.PXSX.WRST: New power resource
2026-08-03T20:03:27.397569+06:30 chan-dell kernel: ACPI: \_SB_.PCI0.RP14.PXSX.WRST: New power resource
2026-08-03T20:03:27.397571+06:30 chan-dell kernel: ACPI: \_SB_.PCI0.RP15.PXSX.WRST: New power resource
2026-08-03T20:03:27.397572+06:30 chan-dell kernel: ACPI: \_SB_.PCI0.RP16.PXSX.WRST: New power resource
2026-08-03T20:03:27.397573+06:30 chan-dell kernel: ACPI: PCI Root Bridge [PCI0] (domain 0000 [bus 00-7e])
2026-08-03T20:03:27.397574+06:30 chan-dell kernel: acpi PNP0A08:00: _OSC: OS supports [ExtendedConfig ASPM ClockPM Segments MSI EDR HPX-Type3]
2026-08-03T20:03:27.397579+06:30 chan-dell kernel: acpi PNP0A08:00: _OSC: OS now controls [PCIeHotplug SHPCHotplug PME AER PCIeCapability LTR DPC]
2026-08-03T20:03:27.397580+06:30 chan-dell kernel: PCI host bridge to bus 0000:00
2026-08-03T20:03:27.397581+06:30 chan-dell kernel: pci_bus 0000:00: root bus resource [io  0x0000-0x0cf7 window]
2026-08-03T20:03:27.397582+06:30 chan-dell kernel: pci_bus 0000:00: root bus resource [io  0x0d00-0xffff window]
2026-08-03T20:03:27.397583+06:30 chan-dell kernel: pci_bus 0000:00: root bus resource [mem 0x000a0000-0x000dffff window]
2026-08-03T20:03:27.397584+06:30 chan-dell kernel: pci_bus 0000:00: root bus resource [mem 0xcf800000-0xefffffff window]
2026-08-03T20:03:27.397585+06:30 chan-dell kernel: pci_bus 0000:00: root bus resource [mem 0xfd000000-0xfe7fffff window]
2026-08-03T20:03:27.397590+06:30 chan-dell kernel: pci_bus 0000:00: root bus resource [bus 00-7e]
2026-08-03T20:03:27.397591+06:30 chan-dell kernel: pci 0000:00:00.0: [8086:5904] type 00 class 0x060000 conventional PCI endpoint
2026-08-03T20:03:27.397592+06:30 chan-dell kernel: pci 0000:00:02.0: [8086:5916] type 00 class 0x030000 PCIe Root Complex Integrated Endpoint
2026-08-03T20:03:27.397594+06:30 chan-dell kernel: pci 0000:00:02.0: BAR 0 [mem 0xee000000-0xeeffffff 64bit]
2026-08-03T20:03:27.397596+06:30 chan-dell kernel: pci 0000:00:02.0: BAR 2 [mem 0xd0000000-0xdfffffff 64bit pref]
2026-08-03T20:03:27.397597+06:30 chan-dell kernel: pci 0000:00:02.0: BAR 4 [io  0xf000-0xf03f]
2026-08-03T20:03:27.397603+06:30 chan-dell kernel: pci 0000:00:02.0: DMAR: Disabling IOMMU for graphics on this chipset
2026-08-03T20:03:27.397605+06:30 chan-dell kernel: pci 0000:00:02.0: Video device with shadowed ROM at [mem 0x000c0000-0x000dffff]
2026-08-03T20:03:27.397607+06:30 chan-dell kernel: pci 0000:00:04.0: [8086:1903] type 00 class 0x118000 conventional PCI endpoint
2026-08-03T20:03:27.397608+06:30 chan-dell kernel: pci 0000:00:04.0: BAR 0 [mem 0xef240000-0xef247fff 64bit]
2026-08-03T20:03:27.397610+06:30 chan-dell kernel: pci 0000:00:14.0: [8086:9d2f] type 00 class 0x0c0330 conventional PCI endpoint
2026-08-03T20:03:27.397611+06:30 chan-dell kernel: pci 0000:00:14.0: BAR 0 [mem 0xef230000-0xef23ffff 64bit]
2026-08-03T20:03:27.397612+06:30 chan-dell kernel: pci 0000:00:14.0: PME# supported from D3hot D3cold
2026-08-03T20:03:27.397617+06:30 chan-dell kernel: pci 0000:00:14.2: [8086:9d31] type 00 class 0x118000 conventional PCI endpoint
2026-08-03T20:03:27.397618+06:30 chan-dell kernel: pci 0000:00:14.2: BAR 0 [mem 0xef259000-0xef259fff 64bit]
2026-08-03T20:03:27.397619+06:30 chan-dell kernel: pci 0000:00:15.0: [8086:9d60] type 00 class 0x118000 conventional PCI endpoint
2026-08-03T20:03:27.397620+06:30 chan-dell kernel: pci 0000:00:15.0: BAR 0 [mem 0xef258000-0xef258fff 64bit]
2026-08-03T20:03:27.397621+06:30 chan-dell kernel: pci 0000:00:15.1: [8086:9d61] type 00 class 0x118000 conventional PCI endpoint
2026-08-03T20:03:27.397622+06:30 chan-dell kernel: pci 0000:00:15.1: BAR 0 [mem 0xef257000-0xef257fff 64bit]
2026-08-03T20:03:27.397627+06:30 chan-dell kernel: pci 0000:00:15.2: [8086:9d62] type 00 class 0x118000 conventional PCI endpoint
2026-08-03T20:03:27.397629+06:30 chan-dell kernel: pci 0000:00:15.2: BAR 0 [mem 0xef256000-0xef256fff 64bit]
2026-08-03T20:03:27.397630+06:30 chan-dell kernel: pci 0000:00:16.0: [8086:9d3a] type 00 class 0x078000 conventional PCI endpoint
2026-08-03T20:03:27.397631+06:30 chan-dell kernel: pci 0000:00:16.0: BAR 0 [mem 0xef255000-0xef255fff 64bit]
2026-08-03T20:03:27.397632+06:30 chan-dell kernel: pci 0000:00:16.0: PME# supported from D3hot
2026-08-03T20:03:27.397633+06:30 chan-dell kernel: pci 0000:00:17.0: [8086:9d03] type 00 class 0x010601 conventional PCI endpoint
2026-08-03T20:03:27.397644+06:30 chan-dell kernel: pci 0000:00:17.0: BAR 0 [mem 0xef250000-0xef251fff]
2026-08-03T20:03:27.397646+06:30 chan-dell kernel: pci 0000:00:17.0: BAR 1 [mem 0xef254000-0xef2540ff]
2026-08-03T20:03:27.397647+06:30 chan-dell kernel: pci 0000:00:17.0: BAR 2 [io  0xf090-0xf097]
2026-08-03T20:03:27.397649+06:30 chan-dell kernel: pci 0000:00:17.0: BAR 3 [io  0xf080-0xf083]
2026-08-03T20:03:27.397650+06:30 chan-dell kernel: pci 0000:00:17.0: BAR 4 [io  0xf060-0xf07f]
2026-08-03T20:03:27.397651+06:30 chan-dell kernel: pci 0000:00:17.0: BAR 5 [mem 0xef253000-0xef2537ff]
2026-08-03T20:03:27.397652+06:30 chan-dell kernel: pci 0000:00:17.0: PME# supported from D3hot
2026-08-03T20:03:27.397657+06:30 chan-dell kernel: pci 0000:00:1c.0: [8086:9d10] type 01 class 0x060400 PCIe Root Port
2026-08-03T20:03:27.405212+06:30 chan-dell kernel: pci 0000:00:1c.0: PCI bridge to [bus 01]
2026-08-03T20:03:27.405223+06:30 chan-dell kernel: pci 0000:00:1c.0:   bridge window [mem 0xef100000-0xef1fffff]
2026-08-03T20:03:27.405226+06:30 chan-dell kernel: pci 0000:00:1c.0: PME# supported from D0 D3hot D3cold
2026-08-03T20:03:27.405226+06:30 chan-dell kernel: pci 0000:00:1c.2: [8086:9d12] type 01 class 0x060400 PCIe Root Port
2026-08-03T20:03:27.405228+06:30 chan-dell kernel: pci 0000:00:1c.2: PCI bridge to [bus 02]
2026-08-03T20:03:27.405240+06:30 chan-dell kernel: pci 0000:00:1c.2:   bridge window [mem 0xef000000-0xef0fffff]
2026-08-03T20:03:27.405243+06:30 chan-dell kernel: pci 0000:00:1c.2: PME# supported from D0 D3hot D3cold
2026-08-03T20:03:27.405244+06:30 chan-dell kernel: pci 0000:00:1f.0: [8086:9d4e] type 00 class 0x060100 conventional PCI endpoint
2026-08-03T20:03:27.405245+06:30 chan-dell kernel: pci 0000:00:1f.2: [8086:9d21] type 00 class 0x058000 conventional PCI endpoint
2026-08-03T20:03:27.405248+06:30 chan-dell kernel: pci 0000:00:1f.2: BAR 0 [mem 0xef24c000-0xef24ffff]
2026-08-03T20:03:27.405250+06:30 chan-dell kernel: pci 0000:00:1f.3: [8086:9d71] type 00 class 0x040300 conventional PCI endpoint
2026-08-03T20:03:27.405251+06:30 chan-dell kernel: pci 0000:00:1f.3: BAR 0 [mem 0xef248000-0xef24bfff 64bit]
2026-08-03T20:03:27.405258+06:30 chan-dell kernel: pci 0000:00:1f.3: BAR 4 [mem 0xef220000-0xef22ffff 64bit]
2026-08-03T20:03:27.405260+06:30 chan-dell kernel: pci 0000:00:1f.3: PME# supported from D3hot D3cold
2026-08-03T20:03:27.405261+06:30 chan-dell kernel: pci 0000:00:1f.4: [8086:9d23] type 00 class 0x0c0500 conventional PCI endpoint
2026-08-03T20:03:27.405263+06:30 chan-dell kernel: pci 0000:00:1f.4: BAR 0 [mem 0xef252000-0xef2520ff 64bit]
2026-08-03T20:03:27.405264+06:30 chan-dell kernel: pci 0000:00:1f.4: BAR 4 [io  0xf040-0xf05f]
2026-08-03T20:03:27.405266+06:30 chan-dell kernel: pci 0000:00:1f.6: [8086:15d7] type 00 class 0x020000 conventional PCI endpoint
2026-08-03T20:03:27.405272+06:30 chan-dell kernel: pci 0000:00:1f.6: BAR 0 [mem 0xef200000-0xef21ffff]
2026-08-03T20:03:27.405273+06:30 chan-dell kernel: pci 0000:00:1f.6: PME# supported from D0 D3hot D3cold
2026-08-03T20:03:27.405275+06:30 chan-dell kernel: pci 0000:01:00.0: [10ec:525a] type 00 class 0xff0000 PCIe Endpoint
2026-08-03T20:03:27.405278+06:30 chan-dell kernel: pci 0000:01:00.0: BAR 1 [mem 0xef100000-0xef100fff]
2026-08-03T20:03:27.405279+06:30 chan-dell kernel: pci 0000:01:00.0: supports D1 D2
2026-08-03T20:03:27.405280+06:30 chan-dell kernel: pci 0000:01:00.0: PME# supported from D1 D2 D3hot D3cold
2026-08-03T20:03:27.405286+06:30 chan-dell kernel: pci 0000:00:1c.0: PCI bridge to [bus 01]
2026-08-03T20:03:27.405287+06:30 chan-dell kernel: pci 0000:02:00.0: [8086:24fd] type 00 class 0x028000 PCIe Endpoint
2026-08-03T20:03:27.405288+06:30 chan-dell kernel: pci 0000:02:00.0: BAR 0 [mem 0xef000000-0xef001fff 64bit]
2026-08-03T20:03:27.405289+06:30 chan-dell kernel: pci 0000:02:00.0: PME# supported from D0 D3hot D3cold
2026-08-03T20:03:27.405290+06:30 chan-dell kernel: pci 0000:00:1c.2: PCI bridge to [bus 02]
2026-08-03T20:03:27.405291+06:30 chan-dell kernel: ACPI: PCI: Interrupt link LNKA configured for IRQ 11
2026-08-03T20:03:27.405292+06:30 chan-dell kernel: ACPI: PCI: Interrupt link LNKB configured for IRQ 10
2026-08-03T20:03:27.405297+06:30 chan-dell kernel: ACPI: PCI: Interrupt link LNKC configured for IRQ 11
2026-08-03T20:03:27.405299+06:30 chan-dell kernel: ACPI: PCI: Interrupt link LNKD configured for IRQ 11
2026-08-03T20:03:27.405300+06:30 chan-dell kernel: ACPI: PCI: Interrupt link LNKE configured for IRQ 11
2026-08-03T20:03:27.405300+06:30 chan-dell kernel: ACPI: PCI: Interrupt link LNKF configured for IRQ 11
2026-08-03T20:03:27.405302+06:30 chan-dell kernel: ACPI: PCI: Interrupt link LNKG configured for IRQ 11
2026-08-03T20:03:27.405305+06:30 chan-dell kernel: ACPI: PCI: Interrupt link LNKH configured for IRQ 11
2026-08-03T20:03:27.405311+06:30 chan-dell kernel: ACPI: EC: interrupt unblocked
2026-08-03T20:03:27.405313+06:30 chan-dell kernel: ACPI: EC: event unblocked
2026-08-03T20:03:27.405327+06:30 chan-dell kernel: ACPI: EC: EC_CMD/EC_SC=0x934, EC_DATA=0x930
2026-08-03T20:03:27.405328+06:30 chan-dell kernel: ACPI: EC: GPE=0x6e
2026-08-03T20:03:27.405329+06:30 chan-dell kernel: ACPI: \_SB_.PCI0.LPCB.ECDV: Boot DSDT EC initialization complete
2026-08-03T20:03:27.405330+06:30 chan-dell kernel: ACPI: \_SB_.PCI0.LPCB.ECDV: EC: Used to handle transactions and events
2026-08-03T20:03:27.405331+06:30 chan-dell kernel: iommu: Default domain type: Translated
2026-08-03T20:03:27.405337+06:30 chan-dell kernel: iommu: DMA domain TLB invalidation policy: lazy mode
2026-08-03T20:03:27.405338+06:30 chan-dell kernel: SCSI subsystem initialized
2026-08-03T20:03:27.405339+06:30 chan-dell kernel: libata version 3.00 loaded.
2026-08-03T20:03:27.405340+06:30 chan-dell kernel: ACPI: bus type USB registered
2026-08-03T20:03:27.405341+06:30 chan-dell kernel: usbcore: registered new interface driver usbfs
2026-08-03T20:03:27.405342+06:30 chan-dell kernel: usbcore: registered new interface driver hub
2026-08-03T20:03:27.405347+06:30 chan-dell kernel: usbcore: registered new device driver usb
2026-08-03T20:03:27.405348+06:30 chan-dell kernel: pps_core: LinuxPPS API ver. 1 registered
2026-08-03T20:03:27.405350+06:30 chan-dell kernel: pps_core: Software ver. 5.3.6 - Copyright 2005-2007 Rodolfo Giometti <giometti@linux.it>
2026-08-03T20:03:27.405352+06:30 chan-dell kernel: PTP clock support registered
2026-08-03T20:03:27.405355+06:30 chan-dell kernel: EDAC MC: Ver: 3.0.0
2026-08-03T20:03:27.405356+06:30 chan-dell kernel: efivars: Registered efivars operations
2026-08-03T20:03:27.405361+06:30 chan-dell kernel: NetLabel: Initializing
2026-08-03T20:03:27.405362+06:30 chan-dell kernel: NetLabel:  domain hash size = 128
2026-08-03T20:03:27.405363+06:30 chan-dell kernel: NetLabel:  protocols = UNLABELED CIPSOv4 CALIPSO
2026-08-03T20:03:27.405364+06:30 chan-dell kernel: NetLabel:  unlabeled traffic allowed by default
2026-08-03T20:03:27.405365+06:30 chan-dell kernel: mctp: management component transport protocol core
2026-08-03T20:03:27.405366+06:30 chan-dell kernel: NET: Registered PF_MCTP protocol family
2026-08-03T20:03:27.405367+06:30 chan-dell kernel: PCI: Using ACPI for IRQ routing
2026-08-03T20:03:27.405372+06:30 chan-dell kernel: PCI: pci_cache_line_size set to 64 bytes
2026-08-03T20:03:27.405374+06:30 chan-dell kernel: e820: register RAM buffer resource [mem 0x00058000-0x0005ffff]
2026-08-03T20:03:27.405376+06:30 chan-dell kernel: e820: register RAM buffer resource [mem 0x0009e000-0x0009ffff]
2026-08-03T20:03:27.405377+06:30 chan-dell kernel: e820: register RAM buffer resource [mem 0xbb35f000-0xbbffffff]
2026-08-03T20:03:27.405378+06:30 chan-dell kernel: e820: register RAM buffer resource [mem 0xbb414000-0xbbffffff]
2026-08-03T20:03:27.405379+06:30 chan-dell kernel: e820: register RAM buffer resource [mem 0xc6dda000-0xc7ffffff]
2026-08-03T20:03:27.405384+06:30 chan-dell kernel: e820: register RAM buffer resource [mem 0xca161000-0xcbffffff]
2026-08-03T20:03:27.405386+06:30 chan-dell kernel: e820: register RAM buffer resource [mem 0xcb600000-0xcbffffff]
2026-08-03T20:03:27.405389+06:30 chan-dell kernel: e820: register RAM buffer resource [mem 0x42e800000-0x42fffffff]
2026-08-03T20:03:27.405390+06:30 chan-dell kernel: pci 0000:00:02.0: vgaarb: setting as boot VGA device
2026-08-03T20:03:27.405391+06:30 chan-dell kernel: pci 0000:00:02.0: vgaarb: bridge control possible
2026-08-03T20:03:27.405392+06:30 chan-dell kernel: pci 0000:00:02.0: vgaarb: VGA device added: decodes=io+mem,owns=io+mem,locks=none
2026-08-03T20:03:27.405395+06:30 chan-dell kernel: vgaarb: loaded
2026-08-03T20:03:27.405400+06:30 chan-dell kernel: clocksource: Switched to clocksource tsc-early
2026-08-03T20:03:27.405402+06:30 chan-dell kernel: VFS: Disk quotas dquot_6.6.0
2026-08-03T20:03:27.405403+06:30 chan-dell kernel: VFS: Dquot-cache hash table entries: 512 (order 0, 4096 bytes)
2026-08-03T20:03:27.405404+06:30 chan-dell kernel: AppArmor: AppArmor Filesystem Enabled
2026-08-03T20:03:27.405405+06:30 chan-dell kernel: acpi PNP0C02:00: Skipped [io  0x002e-0x002f]
2026-08-03T20:03:27.405408+06:30 chan-dell kernel: acpi PNP0C02:00: Skipped [io  0x004e-0x004f]
2026-08-03T20:03:27.405414+06:30 chan-dell kernel: acpi PNP0C02:00: Skipped [io  0x0061]
2026-08-03T20:03:27.405415+06:30 chan-dell kernel: acpi PNP0C02:00: Skipped [io  0x0063]
2026-08-03T20:03:27.405416+06:30 chan-dell kernel: acpi PNP0C02:00: Skipped [io  0x0065]
2026-08-03T20:03:27.405421+06:30 chan-dell kernel: acpi PNP0C02:00: Skipped [io  0x0067]
2026-08-03T20:03:27.405422+06:30 chan-dell kernel: acpi PNP0C02:00: Skipped [io  0x0070]
2026-08-03T20:03:27.405423+06:30 chan-dell kernel: acpi PNP0C02:00: Skipped [io  0x0080]
2026-08-03T20:03:27.405428+06:30 chan-dell kernel: acpi PNP0C02:00: Skipped [io  0x0092]
2026-08-03T20:03:27.405430+06:30 chan-dell kernel: acpi PNP0C02:00: Skipped [io  0x00b2-0x00b3]
2026-08-03T20:03:27.405431+06:30 chan-dell kernel: acpi PNP0C02:00: Reserved [io  0x0680-0x069f]
2026-08-03T20:03:27.405432+06:30 chan-dell kernel: acpi PNP0C02:00: Reserved [io  0xffff]
2026-08-03T20:03:27.405436+06:30 chan-dell kernel: message repeated 2 times: [ acpi PNP0C02:00: Reserved [io  0xffff]]
2026-08-03T20:03:27.405442+06:30 chan-dell kernel: acpi PNP0C02:00: Could not reserve [io  0x1800-0x18fe]
2026-08-03T20:03:27.405507+06:30 chan-dell kernel: acpi PNP0C02:00: Reserved [io  0x164e-0x164f]
2026-08-03T20:03:27.405509+06:30 chan-dell kernel: acpi PNP0C02:02: Reserved [mem 0xfed10000-0xfed17fff]
2026-08-03T20:03:27.405511+06:30 chan-dell kernel: acpi PNP0C02:02: Reserved [mem 0xfed18000-0xfed18fff]
2026-08-03T20:03:27.405513+06:30 chan-dell kernel: acpi PNP0C02:02: Reserved [mem 0xfed19000-0xfed19fff]
2026-08-03T20:03:27.405514+06:30 chan-dell kernel: acpi PNP0C02:02: Reserved [mem 0xf0000000-0xf7ffffff]
2026-08-03T20:03:27.405516+06:30 chan-dell kernel: acpi PNP0C02:02: Reserved [mem 0xfed20000-0xfed3ffff]
2026-08-03T20:03:27.405523+06:30 chan-dell kernel: acpi PNP0C02:02: Could not reserve [mem 0xfed90000-0xfed93fff]
2026-08-03T20:03:27.405525+06:30 chan-dell kernel: acpi PNP0C02:02: Reserved [mem 0xfed45000-0xfed8ffff]
2026-08-03T20:03:27.405526+06:30 chan-dell kernel: acpi PNP0C02:02: Reserved [mem 0xff000000-0xffffffff]
2026-08-03T20:03:27.405527+06:30 chan-dell kernel: acpi PNP0C02:02: Could not reserve [mem 0xfee00000-0xfeefffff]
2026-08-03T20:03:27.405528+06:30 chan-dell kernel: acpi PNP0C02:02: Reserved [mem 0xeffe0000-0xefffffff]
2026-08-03T20:03:27.405529+06:30 chan-dell kernel: acpi PNP0C02:03: Reserved [mem 0xfd000000-0xfdabffff]
2026-08-03T20:03:27.405534+06:30 chan-dell kernel: acpi PNP0C02:03: Reserved [mem 0xfdad0000-0xfdadffff]
2026-08-03T20:03:27.405535+06:30 chan-dell kernel: acpi PNP0C02:03: Reserved [mem 0xfdb00000-0xfdffffff]
2026-08-03T20:03:27.405536+06:30 chan-dell kernel: acpi PNP0C02:03: Could not reserve [mem 0xfe000000-0xfe01ffff]
2026-08-03T20:03:27.405537+06:30 chan-dell kernel: acpi PNP0C02:03: Reserved [mem 0xfe036000-0xfe03bfff]
2026-08-03T20:03:27.405538+06:30 chan-dell kernel: acpi PNP0C02:03: Reserved [mem 0xfe03d000-0xfe3fffff]
2026-08-03T20:03:27.405539+06:30 chan-dell kernel: acpi PNP0C02:03: Reserved [mem 0xfe410000-0xfe7fffff]
2026-08-03T20:03:27.405542+06:30 chan-dell kernel: acpi PNP0C02:04: Reserved [io  0xff00-0xfffe]
2026-08-03T20:03:27.405545+06:30 chan-dell kernel: acpi PNP0C02:05: Reserved [mem 0xfe029000-0xfe029fff]
2026-08-03T20:03:27.405547+06:30 chan-dell kernel: acpi PNP0C02:05: Reserved [mem 0xfdaf0000-0xfdafffff]
2026-08-03T20:03:27.405548+06:30 chan-dell kernel: acpi PNP0C02:05: Reserved [mem 0xfdae0000-0xfdaeffff]
2026-08-03T20:03:27.405550+06:30 chan-dell kernel: acpi PNP0C02:05: Reserved [mem 0xfdac0000-0xfdacffff]
2026-08-03T20:03:27.405824+06:30 chan-dell kernel: pnp: PnP ACPI init
2026-08-03T20:03:27.405826+06:30 chan-dell kernel: pnp: PnP ACPI: found 2 devices
2026-08-03T20:03:27.405833+06:30 chan-dell kernel: clocksource: acpi_pm: mask: 0xffffff max_cycles: 0xffffff, max_idle_ns: 2085701024 ns
2026-08-03T20:03:27.405835+06:30 chan-dell kernel: NET: Registered PF_INET protocol family
2026-08-03T20:03:27.405837+06:30 chan-dell kernel: IP idents hash table entries: 262144 (order: 9, 2097152 bytes, linear)
2026-08-03T20:03:27.405839+06:30 chan-dell kernel: tcp_listen_portaddr_hash hash table entries: 8192 (order: 5, 131072 bytes, linear)
2026-08-03T20:03:27.405840+06:30 chan-dell kernel: Table-perturb hash table entries: 65536 (order: 6, 262144 bytes, linear)
2026-08-03T20:03:27.405841+06:30 chan-dell kernel: TCP established hash table entries: 131072 (order: 8, 1048576 bytes, linear)
2026-08-03T20:03:27.405846+06:30 chan-dell kernel: TCP bind hash table entries: 65536 (order: 9, 2097152 bytes, linear)
2026-08-03T20:03:27.405848+06:30 chan-dell kernel: TCP: Hash tables configured (established 131072 bind 65536)
2026-08-03T20:03:27.405849+06:30 chan-dell kernel: MPTCP token hash table entries: 16384 (order: 7, 393216 bytes, linear)
2026-08-03T20:03:27.405850+06:30 chan-dell kernel: UDP hash table entries: 8192 (order: 7, 524288 bytes, linear)
2026-08-03T20:03:27.405851+06:30 chan-dell kernel: UDP-Lite hash table entries: 8192 (order: 7, 524288 bytes, linear)
2026-08-03T20:03:27.405852+06:30 chan-dell kernel: NET: Registered PF_UNIX/PF_LOCAL protocol family
2026-08-03T20:03:27.405853+06:30 chan-dell kernel: NET: Registered PF_XDP protocol family
2026-08-03T20:03:27.405858+06:30 chan-dell kernel: pci 0000:00:1c.0: PCI bridge to [bus 01]
2026-08-03T20:03:27.405859+06:30 chan-dell kernel: pci 0000:00:1c.0:   bridge window [mem 0xef100000-0xef1fffff]
2026-08-03T20:03:27.405860+06:30 chan-dell kernel: pci 0000:00:1c.2: PCI bridge to [bus 02]
2026-08-03T20:03:27.405861+06:30 chan-dell kernel: pci 0000:00:1c.2:   bridge window [mem 0xef000000-0xef0fffff]
2026-08-03T20:03:27.405862+06:30 chan-dell kernel: pci_bus 0000:00: resource 4 [io  0x0000-0x0cf7 window]
2026-08-03T20:03:27.405864+06:30 chan-dell kernel: pci_bus 0000:00: resource 5 [io  0x0d00-0xffff window]
2026-08-03T20:03:27.405870+06:30 chan-dell kernel: pci_bus 0000:00: resource 6 [mem 0x000a0000-0x000dffff window]
2026-08-03T20:03:27.405872+06:30 chan-dell kernel: pci_bus 0000:00: resource 7 [mem 0xcf800000-0xefffffff window]
2026-08-03T20:03:27.405874+06:30 chan-dell kernel: pci_bus 0000:00: resource 8 [mem 0xfd000000-0xfe7fffff window]
2026-08-03T20:03:27.405875+06:30 chan-dell kernel: pci_bus 0000:01: resource 1 [mem 0xef100000-0xef1fffff]
2026-08-03T20:03:27.405877+06:30 chan-dell kernel: pci_bus 0000:02: resource 1 [mem 0xef000000-0xef0fffff]
2026-08-03T20:03:27.405879+06:30 chan-dell kernel: PCI: CLS 0 bytes, default 64
2026-08-03T20:03:27.405883+06:30 chan-dell kernel: pci 0000:00:1f.1: [8086:9d20] type 00 class 0x058000 conventional PCI endpoint
2026-08-03T20:03:27.405886+06:30 chan-dell kernel: pci 0000:00:1f.1: BAR 0 [mem 0xfd000000-0xfdffffff 64bit]
2026-08-03T20:03:27.405887+06:30 chan-dell kernel: DMAR: ACPI device "device:69" under DMAR at fed91000 as 00:15.0
2026-08-03T20:03:27.405888+06:30 chan-dell kernel: DMAR: ACPI device "device:6a" under DMAR at fed91000 as 00:15.1
2026-08-03T20:03:27.405889+06:30 chan-dell kernel: DMAR: ACPI device "device:6b" under DMAR at fed91000 as 00:15.2
2026-08-03T20:03:27.405890+06:30 chan-dell kernel: DMAR: No ATSR found
2026-08-03T20:03:27.405977+06:30 chan-dell kernel: DMAR: No SATC found
2026-08-03T20:03:27.405983+06:30 chan-dell kernel: DMAR: dmar1: Using Queued invalidation
2026-08-03T20:03:27.405984+06:30 chan-dell kernel: Trying to unpack rootfs image as initramfs...
2026-08-03T20:03:27.405985+06:30 chan-dell kernel: pci 0000:00:00.0: Adding to iommu group 0
2026-08-03T20:03:27.405986+06:30 chan-dell kernel: pci 0000:00:04.0: Adding to iommu group 1
2026-08-03T20:03:27.405987+06:30 chan-dell kernel: pci 0000:00:14.0: Adding to iommu group 2
2026-08-03T20:03:27.405989+06:30 chan-dell kernel: pci 0000:00:14.2: Adding to iommu group 2
2026-08-03T20:03:27.405995+06:30 chan-dell kernel: pci 0000:00:15.0: Adding to iommu group 3
2026-08-03T20:03:27.405997+06:30 chan-dell kernel: pci 0000:00:15.1: Adding to iommu group 3
2026-08-03T20:03:27.405999+06:30 chan-dell kernel: pci 0000:00:15.2: Adding to iommu group 3
2026-08-03T20:03:27.406000+06:30 chan-dell kernel: pci 0000:00:16.0: Adding to iommu group 4
2026-08-03T20:03:27.406002+06:30 chan-dell kernel: pci 0000:00:17.0: Adding to iommu group 5
2026-08-03T20:03:27.406003+06:30 chan-dell kernel: pci 0000:00:1c.0: Intel SPT PCH root port ACS workaround enabled
2026-08-03T20:03:27.406005+06:30 chan-dell kernel: pci 0000:00:1c.0: Adding to iommu group 6
2026-08-03T20:03:27.406011+06:30 chan-dell kernel: pci 0000:00:1c.2: Intel SPT PCH root port ACS workaround enabled
2026-08-03T20:03:27.406012+06:30 chan-dell kernel: pci 0000:00:1c.2: Adding to iommu group 7
2026-08-03T20:03:27.406013+06:30 chan-dell kernel: pci 0000:00:1f.0: Adding to iommu group 8
2026-08-03T20:03:27.406014+06:30 chan-dell kernel: pci 0000:00:1f.2: Adding to iommu group 8
2026-08-03T20:03:27.406015+06:30 chan-dell kernel: pci 0000:00:1f.3: Adding to iommu group 8
2026-08-03T20:03:27.406016+06:30 chan-dell kernel: pci 0000:00:1f.4: Adding to iommu group 8
2026-08-03T20:03:27.406022+06:30 chan-dell kernel: pci 0000:00:1f.6: Adding to iommu group 8
2026-08-03T20:03:27.406023+06:30 chan-dell kernel: pci 0000:01:00.0: Adding to iommu group 9
2026-08-03T20:03:27.406024+06:30 chan-dell kernel: pci 0000:02:00.0: Adding to iommu group 10
2026-08-03T20:03:27.406025+06:30 chan-dell kernel: DMAR: Intel(R) Virtualization Technology for Directed I/O
2026-08-03T20:03:27.406026+06:30 chan-dell kernel: PCI-DMA: Using software bounce buffering for IO (SWIOTLB)
2026-08-03T20:03:27.406028+06:30 chan-dell kernel: software IO TLB: mapped [mem 0x00000000c2dda000-0x00000000c6dda000] (64MB)
2026-08-03T20:03:27.406031+06:30 chan-dell kernel: Initialise system trusted keyrings
2026-08-03T20:03:27.406035+06:30 chan-dell kernel: Key type blacklist registered
2026-08-03T20:03:27.406037+06:30 chan-dell kernel: workingset: timestamp_bits=36 max_order=22 bucket_order=0
2026-08-03T20:03:27.406039+06:30 chan-dell kernel: squashfs: version 4.0 (2009/01/31) Phillip Lougher
2026-08-03T20:03:27.406040+06:30 chan-dell kernel: fuse: init (API version 7.45)
2026-08-03T20:03:27.406042+06:30 chan-dell kernel: integrity: Platform Keyring initialized
2026-08-03T20:03:27.406260+06:30 chan-dell kernel: integrity: Machine keyring initialized
2026-08-03T20:03:27.406270+06:30 chan-dell kernel: Key type asymmetric registered
2026-08-03T20:03:27.406272+06:30 chan-dell kernel: Asymmetric key parser 'x509' registered
2026-08-03T20:03:27.406273+06:30 chan-dell kernel: Block layer SCSI generic (bsg) driver version 0.4 loaded (major 242)
2026-08-03T20:03:27.406274+06:30 chan-dell kernel: io scheduler mq-deadline registered
2026-08-03T20:03:27.406275+06:30 chan-dell kernel: ledtrig-cpu: registered to indicate activity on CPUs
2026-08-03T20:03:27.406276+06:30 chan-dell kernel: pcieport 0000:00:1c.0: Intel SPT PCH root port ACS workaround enabled
2026-08-03T20:03:27.406282+06:30 chan-dell kernel: pcieport 0000:00:1c.0: PME: Signaling with IRQ 121
2026-08-03T20:03:27.406283+06:30 chan-dell kernel: pcieport 0000:00:1c.0: AER: enabled with IRQ 121
2026-08-03T20:03:27.406284+06:30 chan-dell kernel: pcieport 0000:00:1c.2: Intel SPT PCH root port ACS workaround enabled
2026-08-03T20:03:27.406285+06:30 chan-dell kernel: pcieport 0000:00:1c.2: PME: Signaling with IRQ 122
2026-08-03T20:03:27.406286+06:30 chan-dell kernel: pcieport 0000:00:1c.2: AER: enabled with IRQ 122
2026-08-03T20:03:27.406287+06:30 chan-dell kernel: ACPI: AC: AC Adapter [AC] (off-line)
2026-08-03T20:03:27.406288+06:30 chan-dell kernel: input: Lid Switch as /devices/platform/PNP0C0D:00/input/input0
2026-08-03T20:03:27.406293+06:30 chan-dell kernel: ACPI: button: Lid Switch [LID0]
2026-08-03T20:03:27.406295+06:30 chan-dell kernel: input: Power Button as /devices/platform/PNP0C0C:00/input/input1
2026-08-03T20:03:27.406297+06:30 chan-dell kernel: ACPI: button: Power Button [PBTN]
2026-08-03T20:03:27.406298+06:30 chan-dell kernel: input: Sleep Button as /devices/platform/PNP0C0E:00/input/input2
2026-08-03T20:03:27.406300+06:30 chan-dell kernel: ACPI: button: Sleep Button [SBTN]
2026-08-03T20:03:27.406301+06:30 chan-dell kernel: input: Power Button as /devices/platform/LNXPWRBN:00/input/input3
2026-08-03T20:03:27.406312+06:30 chan-dell kernel: ACPI: button: Power Button [PWRF]
2026-08-03T20:03:27.406314+06:30 chan-dell kernel: Monitor-Mwait will be used to enter C-1 state
2026-08-03T20:03:27.406315+06:30 chan-dell kernel: Monitor-Mwait will be used to enter C-2 state
2026-08-03T20:03:27.406316+06:30 chan-dell kernel: Monitor-Mwait will be used to enter C-3 state
2026-08-03T20:03:27.406317+06:30 chan-dell kernel: acpi LNXTHERM:00: registered as thermal_zone0
2026-08-03T20:03:27.406318+06:30 chan-dell kernel: ACPI: thermal: Thermal Zone [THM] (25 C)
2026-08-03T20:03:27.406322+06:30 chan-dell kernel: Serial: 8250/16550 driver, 32 ports, IRQ sharing enabled
2026-08-03T20:03:27.406325+06:30 chan-dell kernel: hpet_acpi_add: no address or irqs in _CRS
2026-08-03T20:03:27.406413+06:30 chan-dell kernel: Linux agpgart interface v0.103
2026-08-03T20:03:27.406415+06:30 chan-dell kernel: ACPI: battery: Slot [BAT0] (battery present)
2026-08-03T20:03:27.406416+06:30 chan-dell kernel: Freeing initrd memory: 88744K
2026-08-03T20:03:27.406417+06:30 chan-dell kernel: tpm_tis MSFT0101:00: probe with driver tpm_tis failed with error -1
2026-08-03T20:03:27.406418+06:30 chan-dell kernel: loop: module loaded
2026-08-03T20:03:27.406424+06:30 chan-dell kernel: ACPI: bus type drm_connector registered
2026-08-03T20:03:27.406425+06:30 chan-dell kernel: tun: Universal TUN/TAP device driver, 1.6
2026-08-03T20:03:27.406426+06:30 chan-dell kernel: PPP generic driver version 2.4.2
2026-08-03T20:03:27.406427+06:30 chan-dell kernel: xhci_hcd 0000:00:14.0: xHCI Host Controller
2026-08-03T20:03:27.406428+06:30 chan-dell kernel: xhci_hcd 0000:00:14.0: new USB bus registered, assigned bus number 1
2026-08-03T20:03:27.406429+06:30 chan-dell kernel: xhci_hcd 0000:00:14.0: hcc params 0x200077c1 hci version 0x100 quirks 0x0000000081109810
2026-08-03T20:03:27.406434+06:30 chan-dell kernel: xhci_hcd 0000:00:14.0: xHCI Host Controller
2026-08-03T20:03:27.406435+06:30 chan-dell kernel: xhci_hcd 0000:00:14.0: new USB bus registered, assigned bus number 2
2026-08-03T20:03:27.406436+06:30 chan-dell kernel: xhci_hcd 0000:00:14.0: Host supports USB 3.0 SuperSpeed
2026-08-03T20:03:27.406437+06:30 chan-dell kernel: usb usb1: New USB device found, idVendor=1d6b, idProduct=0002, bcdDevice= 7.00
2026-08-03T20:03:27.406438+06:30 chan-dell kernel: usb usb1: New USB device strings: Mfr=3, Product=2, SerialNumber=1
2026-08-03T20:03:27.406440+06:30 chan-dell kernel: usb usb1: Product: xHCI Host Controller
2026-08-03T20:03:27.406441+06:30 chan-dell kernel: usb usb1: Manufacturer: Linux 7.0.0-28-generic xhci-hcd
2026-08-03T20:03:27.406448+06:30 chan-dell kernel: usb usb1: SerialNumber: 0000:00:14.0
2026-08-03T20:03:27.406450+06:30 chan-dell kernel: hub 1-0:1.0: USB hub found
2026-08-03T20:03:27.406451+06:30 chan-dell kernel: hub 1-0:1.0: 12 ports detected
2026-08-03T20:03:27.406453+06:30 chan-dell kernel: usb usb2: New USB device found, idVendor=1d6b, idProduct=0003, bcdDevice= 7.00
2026-08-03T20:03:27.406455+06:30 chan-dell kernel: usb usb2: New USB device strings: Mfr=3, Product=2, SerialNumber=1
2026-08-03T20:03:27.406456+06:30 chan-dell kernel: usb usb2: Product: xHCI Host Controller
2026-08-03T20:03:27.406462+06:30 chan-dell kernel: usb usb2: Manufacturer: Linux 7.0.0-28-generic xhci-hcd
2026-08-03T20:03:27.406711+06:30 chan-dell kernel: usb usb2: SerialNumber: 0000:00:14.0
2026-08-03T20:03:27.406713+06:30 chan-dell kernel: hub 2-0:1.0: USB hub found
2026-08-03T20:03:27.406715+06:30 chan-dell kernel: hub 2-0:1.0: 6 ports detected
2026-08-03T20:03:27.406716+06:30 chan-dell kernel: i8042: PNP: PS/2 Controller [PNP0303:PS2K] at 0x60,0x64 irq 1
2026-08-03T20:03:27.406718+06:30 chan-dell kernel: i8042: PNP: PS/2 appears to have AUX port disabled, if this is incorrect please boot with i8042.nopnp
2026-08-03T20:03:27.406725+06:30 chan-dell kernel: i8042: Warning: Keylock active
2026-08-03T20:03:27.406727+06:30 chan-dell kernel: serio: i8042 KBD port at 0x60,0x64 irq 1
2026-08-03T20:03:27.406728+06:30 chan-dell kernel: mousedev: PS/2 mouse device common for all mice
2026-08-03T20:03:27.406729+06:30 chan-dell kernel: rtc_cmos 00:00: RTC can wake from S4
2026-08-03T20:03:27.406730+06:30 chan-dell kernel: rtc_cmos 00:00: registered as rtc0
2026-08-03T20:03:27.406731+06:30 chan-dell kernel: rtc_cmos 00:00: setting system clock to 2026-08-03T13:31:54 UTC (1785763914)
2026-08-03T20:03:27.406732+06:30 chan-dell kernel: rtc_cmos 00:00: alarms up to one month, y3k, 242 bytes nvram
2026-08-03T20:03:27.406737+06:30 chan-dell kernel: i2c_dev: i2c /dev entries driver
2026-08-03T20:03:27.406739+06:30 chan-dell kernel: device-mapper: core: CONFIG_IMA_DISABLE_HTABLE is disabled. Duplicate IMA measurements will not be recorded in the IMA log.
2026-08-03T20:03:27.406741+06:30 chan-dell kernel: device-mapper: uevent: version 1.0.3
2026-08-03T20:03:27.406742+06:30 chan-dell kernel: device-mapper: ioctl: 4.50.0-ioctl (2025-04-28) initialised: dm-devel@lists.linux.dev
2026-08-03T20:03:27.406744+06:30 chan-dell kernel: intel_pstate: Intel P-state driver initializing
2026-08-03T20:03:27.406746+06:30 chan-dell kernel: input: AT Translated Set 2 keyboard as /devices/platform/i8042/serio0/input/input4
2026-08-03T20:03:27.406752+06:30 chan-dell kernel: intel_pstate: HWP enabled
2026-08-03T20:03:27.406753+06:30 chan-dell kernel: simple-framebuffer simple-framebuffer.0: [drm] Registered 1 planes with drm panic
2026-08-03T20:03:27.406755+06:30 chan-dell kernel: [drm] Initialized simpledrm 1.0.0 for simple-framebuffer.0 on minor 0
2026-08-03T20:03:27.406757+06:30 chan-dell kernel: fbcon: Deferring console take-over
2026-08-03T20:03:27.406758+06:30 chan-dell kernel: simple-framebuffer simple-framebuffer.0: [drm] fb0: simpledrmdrmfb frame buffer device
2026-08-03T20:03:27.406759+06:30 chan-dell kernel: drop_monitor: Initializing network drop monitor service
2026-08-03T20:03:27.406764+06:30 chan-dell kernel: NET: Registered PF_INET6 protocol family
2026-08-03T20:03:27.406765+06:30 chan-dell kernel: Segment Routing with IPv6
2026-08-03T20:03:27.406766+06:30 chan-dell kernel: In-situ OAM (IOAM) with IPv6
2026-08-03T20:03:27.406767+06:30 chan-dell kernel: NET: Registered PF_PACKET protocol family
2026-08-03T20:03:27.406768+06:30 chan-dell kernel: Key type dns_resolver registered
2026-08-03T20:03:27.406769+06:30 chan-dell kernel: ENERGY_PERF_BIAS: Set to 'normal', was 'performance'
2026-08-03T20:03:27.406770+06:30 chan-dell kernel: microcode: Current revision: 0x000000f6
2026-08-03T20:03:27.406775+06:30 chan-dell kernel: IPI shorthand broadcast: enabled
2026-08-03T20:03:27.406777+06:30 chan-dell kernel: sched_clock: Marking stable (1226001138, 6062489)->(1298799447, -66735820)
2026-08-03T20:03:27.406863+06:30 chan-dell kernel: registered taskstats version 1
2026-08-03T20:03:27.406865+06:30 chan-dell kernel: Loading compiled-in X.509 certificates
2026-08-03T20:03:27.406866+06:30 chan-dell kernel: Loaded X.509 cert 'Build time autogenerated kernel key: 612d4ce9117ab18d75baf7b23385785460a821bb'
2026-08-03T20:03:27.406868+06:30 chan-dell kernel: Loaded X.509 cert 'Canonical Ltd. Live Patch Signing 2025 Kmod: d541cef61dc7e793b7eb7e899970a2eef0b5dc8c'
2026-08-03T20:03:27.406875+06:30 chan-dell kernel: Loaded X.509 cert 'Canonical Ltd. Live Patch Signing: 14df34d1a87cf37625abec039ef2bf521249b969'
2026-08-03T20:03:27.406877+06:30 chan-dell kernel: Loaded X.509 cert 'Canonical Ltd. Kernel Module Signing 2025 Kmod: 4627603d2357a2a3f81006370894c221175893e9'
2026-08-03T20:03:27.406879+06:30 chan-dell kernel: Loaded X.509 cert 'Canonical Ltd. Kernel Module Signing: 88f752e560a1e0737e31163a466ad7b70a850c19'
2026-08-03T20:03:27.406880+06:30 chan-dell kernel: blacklist: Loading compiled-in revocation X.509 certificates
2026-08-03T20:03:27.406882+06:30 chan-dell kernel: Loaded X.509 cert 'Canonical Ltd. Secure Boot Signing: 61482aa2830d0ab2ad5af10b7250da9033ddcef0'
2026-08-03T20:03:27.406884+06:30 chan-dell kernel: Loaded X.509 cert 'Canonical Ltd. Secure Boot Signing (2017): 242ade75ac4a15e50d50c84b0d45ff3eae707a03'
2026-08-03T20:03:27.406890+06:30 chan-dell kernel: Loaded X.509 cert 'Canonical Ltd. Secure Boot Signing (ESM 2018): 365188c1d374d6b07c3c8f240f8ef722433d6a8b'
2026-08-03T20:03:27.406891+06:30 chan-dell kernel: Loaded X.509 cert 'Canonical Ltd. Secure Boot Signing (2019): c0746fd6c5da3ae827864651ad66ae47fe24b3e8'
2026-08-03T20:03:27.406892+06:30 chan-dell kernel: Loaded X.509 cert 'Canonical Ltd. Secure Boot Signing (2021 v1): a8d54bbb3825cfb94fa13c9f8a594a195c107b8d'
2026-08-03T20:03:27.406893+06:30 chan-dell kernel: Loaded X.509 cert 'Canonical Ltd. Secure Boot Signing (2021 v2): 4cf046892d6fd3c9a5b03f98d845f90851dc6a8c'
2026-08-03T20:03:27.406894+06:30 chan-dell kernel: Loaded X.509 cert 'Canonical Ltd. Secure Boot Signing (2021 v3): 100437bb6de6e469b581e61cd66bce3ef4ed53af'
2026-08-03T20:03:27.406899+06:30 chan-dell kernel: Loaded X.509 cert 'Canonical Ltd. Secure Boot Signing (Ubuntu Core 2019): c1d57b8f6b743f23ee41f4f7ee292f06eecadfb9'
2026-08-03T20:03:27.406901+06:30 chan-dell kernel: Demotion targets for Node 0: null
2026-08-03T20:03:27.406902+06:30 chan-dell kernel: Key type .fscrypt registered
2026-08-03T20:03:27.406903+06:30 chan-dell kernel: Key type fscrypt-provisioning registered
2026-08-03T20:03:27.406904+06:30 chan-dell kernel: Key type big_key registered
2026-08-03T20:03:27.406905+06:30 chan-dell kernel: Key type encrypted registered
2026-08-03T20:03:27.406908+06:30 chan-dell kernel: AppArmor: AppArmor sha256 policy hashing enabled
2026-08-03T20:03:27.406912+06:30 chan-dell kernel: ima: No TPM chip found, activating TPM-bypass!
2026-08-03T20:03:27.406914+06:30 chan-dell kernel: Loading compiled-in module X.509 certificates
2026-08-03T20:03:27.406915+06:30 chan-dell kernel: Loaded X.509 cert 'Build time autogenerated kernel key: 612d4ce9117ab18d75baf7b23385785460a821bb'
2026-08-03T20:03:27.406916+06:30 chan-dell kernel: ima: Allocated hash algorithm: sha256
2026-08-03T20:03:27.406917+06:30 chan-dell kernel: ima: No architecture policies found
2026-08-03T20:03:27.406918+06:30 chan-dell kernel: evm: Initialising EVM extended attributes:
2026-08-03T20:03:27.406923+06:30 chan-dell kernel: evm: security.selinux
2026-08-03T20:03:27.406925+06:30 chan-dell kernel: evm: security.SMACK64
2026-08-03T20:03:27.406926+06:30 chan-dell kernel: evm: security.SMACK64EXEC
2026-08-03T20:03:27.406927+06:30 chan-dell kernel: evm: security.SMACK64TRANSMUTE
2026-08-03T20:03:27.406928+06:30 chan-dell kernel: evm: security.SMACK64MMAP
2026-08-03T20:03:27.407549+06:30 chan-dell kernel: evm: security.apparmor
2026-08-03T20:03:27.407576+06:30 chan-dell kernel: evm: security.ima
2026-08-03T20:03:27.407579+06:30 chan-dell kernel: evm: security.capability
2026-08-03T20:03:27.407580+06:30 chan-dell kernel: evm: HMAC attrs: 0x1
2026-08-03T20:03:27.407582+06:30 chan-dell kernel: integrity: Loading X.509 certificate: UEFI:db
2026-08-03T20:03:27.407584+06:30 chan-dell kernel: integrity: Loaded X.509 cert 'Dell Inc. UEFI DB: 5ddb772dc880660055ba0bc131886bb630a639e7'
2026-08-03T20:03:27.407585+06:30 chan-dell kernel: integrity: Loading X.509 certificate: UEFI:db
2026-08-03T20:03:27.407587+06:30 chan-dell kernel: integrity: Loaded X.509 cert 'Microsoft Corporation UEFI CA 2011: 13adbf4309bd82709c8cd54f316ed522988a1bd4'
2026-08-03T20:03:27.407593+06:30 chan-dell kernel: integrity: Loading X.509 certificate: UEFI:db
2026-08-03T20:03:27.407595+06:30 chan-dell kernel: integrity: Loaded X.509 cert 'Microsoft Windows Production PCA 2011: a92902398e16c49778cd90f99e4f9ae17c55af53'
2026-08-03T20:03:27.407597+06:30 chan-dell kernel: integrity: Loading X.509 certificate: UEFI:db
2026-08-03T20:03:27.407599+06:30 chan-dell kernel: integrity: Loaded X.509 cert 'Microsoft UEFI CA 2023: 81aa6b3244c935bce0d6628af39827421e32497d'
2026-08-03T20:03:27.407600+06:30 chan-dell kernel: integrity: Loading X.509 certificate: UEFI:db
2026-08-03T20:03:27.407601+06:30 chan-dell kernel: integrity: Loaded X.509 cert 'Microsoft Option ROM UEFI CA 2023: 514fbf937fa46fb57bf07af8bed84b3b864b1711'
2026-08-03T20:03:27.407606+06:30 chan-dell kernel: integrity: Revoking X.509 certificate: UEFI:dbx
2026-08-03T20:03:27.407607+06:30 chan-dell kernel: blacklist: Revoked X.509 cert 'Microsoft Windows PCA 2010: d14fa98a0708cef4241898e500fff3d6791d37bc'
2026-08-03T20:03:27.407608+06:30 chan-dell kernel: PM:   Magic number: 6:94:533
2026-08-03T20:03:27.407609+06:30 chan-dell kernel: tty ttyS13: hash matches
2026-08-03T20:03:27.407610+06:30 chan-dell kernel: port serial8250:0.12: hash matches
2026-08-03T20:03:27.407611+06:30 chan-dell kernel: acpi LNXPOWER:13: hash matches
2026-08-03T20:03:27.407616+06:30 chan-dell kernel: RAS: Correctable Errors collector initialized.
2026-08-03T20:03:27.407618+06:30 chan-dell kernel: clk: Disabling unused clocks
2026-08-03T20:03:27.407619+06:30 chan-dell kernel: PM: genpd: Disabling unused power domains
2026-08-03T20:03:27.407620+06:30 chan-dell kernel: Freeing unused decrypted memory: 2028K
2026-08-03T20:03:27.407621+06:30 chan-dell kernel: Freeing unused kernel image (initmem) memory: 5292K
2026-08-03T20:03:27.407623+06:30 chan-dell kernel: Write protecting the kernel read-only data: 43008k
2026-08-03T20:03:27.407629+06:30 chan-dell kernel: Freeing unused kernel image (text/rodata gap) memory: 776K
2026-08-03T20:03:27.407631+06:30 chan-dell kernel: Freeing unused kernel image (rodata/data gap) memory: 1668K
2026-08-03T20:03:27.407719+06:30 chan-dell kernel: x86/mm: Checked W+X mappings: passed, no W+X pages found.
2026-08-03T20:03:27.407720+06:30 chan-dell kernel: x86/mm: Checking user space page tables
2026-08-03T20:03:27.407721+06:30 chan-dell kernel: x86/mm: Checked W+X mappings: passed, no W+X pages found.
2026-08-03T20:03:27.407722+06:30 chan-dell kernel: Run /init as init process
2026-08-03T20:03:27.407724+06:30 chan-dell kernel:   with arguments:
2026-08-03T20:03:27.407731+06:30 chan-dell kernel:     /init
2026-08-03T20:03:27.407732+06:30 chan-dell kernel:     splash
2026-08-03T20:03:27.407733+06:30 chan-dell kernel:   with environment:
2026-08-03T20:03:27.407734+06:30 chan-dell kernel:     HOME=/
2026-08-03T20:03:27.407735+06:30 chan-dell kernel:     TERM=linux
2026-08-03T20:03:27.407735+06:30 chan-dell kernel: tsc: Refined TSC clocksource calibration: 2711.999 MHz
2026-08-03T20:03:27.407745+06:30 chan-dell kernel: clocksource: tsc: mask: 0xffffffffffffffff max_cycles: 0x271785701be, max_idle_ns: 440795203568 ns
2026-08-03T20:03:27.407746+06:30 chan-dell kernel: clocksource: Switched to clocksource tsc
2026-08-03T20:03:27.407747+06:30 chan-dell kernel: usb 1-5: new high-speed USB device number 2 using xhci_hcd
2026-08-03T20:03:27.407748+06:30 chan-dell kernel: usb 1-5: New USB device found, idVendor=1bcf, idProduct=2b96, bcdDevice=68.25
2026-08-03T20:03:27.407749+06:30 chan-dell kernel: usb 1-5: New USB device strings: Mfr=1, Product=2, SerialNumber=0
2026-08-03T20:03:27.407750+06:30 chan-dell kernel: usb 1-5: Product: Integrated_Webcam_HD
2026-08-03T20:03:27.407989+06:30 chan-dell kernel: usb 1-5: Manufacturer: CNFGH19N362101001E02
2026-08-03T20:03:27.407992+06:30 chan-dell kernel: intel-lpss 0000:00:15.0: enabling device (0000 -> 0002)
2026-08-03T20:03:27.407994+06:30 chan-dell kernel: platform idma64.0: Adding to iommu group 11
2026-08-03T20:03:27.407995+06:30 chan-dell kernel: idma64 idma64.0: Found Intel integrated DMA 64-bit
2026-08-03T20:03:27.407997+06:30 chan-dell kernel: platform i2c_designware.0: Adding to iommu group 12
2026-08-03T20:03:27.407998+06:30 chan-dell kernel: ahci 0000:00:17.0: AHCI vers 0001.0301, 32 command slots, 6 Gbps, SATA mode
2026-08-03T20:03:27.407999+06:30 chan-dell kernel: ahci 0000:00:17.0: 1/1 ports implemented (port mask 0x4)
2026-08-03T20:03:27.408004+06:30 chan-dell kernel: ahci 0000:00:17.0: flags: 64bit ncq pm led clo only pio slum part deso sadm sds apst 
2026-08-03T20:03:27.408005+06:30 chan-dell kernel: wmi_bus wmi_bus-PNP0C14:01: [Firmware Bug]: WQBC data block query control method not found
2026-08-03T20:03:27.408006+06:30 chan-dell kernel: scsi host0: ahci
2026-08-03T20:03:27.408007+06:30 chan-dell kernel: intel-lpss 0000:00:15.1: enabling device (0000 -> 0002)
2026-08-03T20:03:27.408008+06:30 chan-dell kernel: platform idma64.1: Adding to iommu group 13
2026-08-03T20:03:27.408009+06:30 chan-dell kernel: idma64 idma64.1: Found Intel integrated DMA 64-bit
2026-08-03T20:03:27.408014+06:30 chan-dell kernel: platform i2c_designware.1: Adding to iommu group 14
2026-08-03T20:03:27.408016+06:30 chan-dell kernel: scsi host1: ahci
2026-08-03T20:03:27.408017+06:30 chan-dell kernel: scsi host2: ahci
2026-08-03T20:03:27.408018+06:30 chan-dell kernel: ata1: DUMMY
2026-08-03T20:03:27.408019+06:30 chan-dell kernel: ata2: DUMMY
2026-08-03T20:03:27.408021+06:30 chan-dell kernel: ata3: SATA max UDMA/133 abar m2048@0xef253000 port 0xef253200 irq 128 lpm-pol 3
2026-08-03T20:03:27.408023+06:30 chan-dell kernel: rtsx_pci 0000:01:00.0: enabling device (0000 -> 0002)
2026-08-03T20:03:27.408028+06:30 chan-dell kernel: usb 1-7: new full-speed USB device number 3 using xhci_hcd
2026-08-03T20:03:27.408030+06:30 chan-dell kernel: intel-lpss 0000:00:15.2: enabling device (0000 -> 0002)
2026-08-03T20:03:27.408032+06:30 chan-dell kernel: platform idma64.2: Adding to iommu group 15
2026-08-03T20:03:27.408033+06:30 chan-dell kernel: idma64 idma64.2: Found Intel integrated DMA 64-bit
2026-08-03T20:03:27.408035+06:30 chan-dell kernel: platform i2c_designware.2: Adding to iommu group 16
2026-08-03T20:03:27.408037+06:30 chan-dell kernel: hid: raw HID events driver (C) Jiri Kosina
2026-08-03T20:03:27.408042+06:30 chan-dell kernel: e1000e: Intel(R) PRO/1000 Network Driver
2026-08-03T20:03:27.408043+06:30 chan-dell kernel: e1000e: Copyright(c) 1999 - 2015 Intel Corporation.
2026-08-03T20:03:27.408044+06:30 chan-dell kernel: e1000e 0000:00:1f.6: Interrupt Throttling Rate (ints/sec) set to dynamic conservative mode
2026-08-03T20:03:27.408045+06:30 chan-dell kernel: usb 1-7: New USB device found, idVendor=8087, idProduct=0a2b, bcdDevice= 0.10
2026-08-03T20:03:27.408046+06:30 chan-dell kernel: usb 1-7: New USB device strings: Mfr=0, Product=0, SerialNumber=0
2026-08-03T20:03:27.408047+06:30 chan-dell kernel: ata3: SATA link up 6.0 Gbps (SStatus 133 SControl 300)
2026-08-03T20:03:27.408111+06:30 chan-dell kernel: ata3.00: Model 'Micron 1100 SATA 512GB', rev ' M0DL003', applying quirks: zeroaftertrim
2026-08-03T20:03:27.408113+06:30 chan-dell kernel: ata3.00: ACPI cmd f5/00:00:00:00:00:00(SECURITY FREEZE LOCK) filtered out
2026-08-03T20:03:27.408114+06:30 chan-dell kernel: ata3.00: ACPI cmd b1/c1:00:00:00:00:00(DEVICE CONFIGURATION OVERLAY) filtered out
2026-08-03T20:03:27.408115+06:30 chan-dell kernel: ata3.00: ATA-10: Micron 1100 SATA 512GB,  M0DL003, max UDMA/133
2026-08-03T20:03:27.408116+06:30 chan-dell kernel: ata3.00: 1000215216 sectors, multi 16: LBA48 NCQ (depth 32), AA
2026-08-03T20:03:27.408117+06:30 chan-dell kernel: ata3.00: Features: Dev-Sleep HIPM DIPM NCQ-sndrcv NCQ-prio
2026-08-03T20:03:27.408118+06:30 chan-dell kernel: ata3.00: ACPI cmd f5/00:00:00:00:00:00(SECURITY FREEZE LOCK) filtered out
2026-08-03T20:03:27.408124+06:30 chan-dell kernel: ata3.00: ACPI cmd b1/c1:00:00:00:00:00(DEVICE CONFIGURATION OVERLAY) filtered out
2026-08-03T20:03:27.408126+06:30 chan-dell kernel: ata3.00: configured for UDMA/133
2026-08-03T20:03:27.408128+06:30 chan-dell kernel: scsi 2:0:0:0: Direct-Access     ATA      Micron 1100 SATA L003 PQ: 0 ANSI: 5
2026-08-03T20:03:27.408130+06:30 chan-dell kernel: sd 2:0:0:0: Attached scsi generic sg0 type 0
2026-08-03T20:03:27.408131+06:30 chan-dell kernel: ata3.00: Enabling discard_zeroes_data
2026-08-03T20:03:27.408133+06:30 chan-dell kernel: sd 2:0:0:0: [sda] 1000215216 512-byte logical blocks: (512 GB/477 GiB)
2026-08-03T20:03:27.408139+06:30 chan-dell kernel: sd 2:0:0:0: [sda] 4096-byte physical blocks
2026-08-03T20:03:27.408140+06:30 chan-dell kernel: sd 2:0:0:0: [sda] Write Protect is off
2026-08-03T20:03:27.408141+06:30 chan-dell kernel: sd 2:0:0:0: [sda] Mode Sense: 00 3a 00 00
2026-08-03T20:03:27.408142+06:30 chan-dell kernel: sd 2:0:0:0: [sda] Write cache: enabled, read cache: enabled, doesn't support DPO or FUA
2026-08-03T20:03:27.408143+06:30 chan-dell kernel: sd 2:0:0:0: [sda] Preferred minimum I/O size 4096 bytes
2026-08-03T20:03:27.408144+06:30 chan-dell kernel: ata3.00: Enabling discard_zeroes_data
2026-08-03T20:03:27.408145+06:30 chan-dell kernel:  sda: sda1 sda2
2026-08-03T20:03:27.408150+06:30 chan-dell kernel: sd 2:0:0:0: [sda] Attached SCSI disk
2026-08-03T20:03:27.408151+06:30 chan-dell kernel: e1000e 0000:00:1f.6 0000:00:1f.6 (uninitialized): registered PHC clock
2026-08-03T20:03:27.408153+06:30 chan-dell kernel: input: DLL07A0:01 044E:120B as /devices/pci0000:00/0000:00:15.1/i2c_designware.1/i2c-1/i2c-DLL07A0:01/0018:044E:120B.0001/input/input5
2026-08-03T20:03:27.408154+06:30 chan-dell kernel: hid-alps 0018:044E:120B.0001: input,hidraw0: I2C HID v1.00 Mouse [DLL07A0:01 044E:120B] on i2c-DLL07A0:01
2026-08-03T20:03:27.408155+06:30 chan-dell kernel: e1000e 0000:00:1f.6 eth0: (PCI Express:2.5GT/s:Width x1) a4:4c:c8:55:a7:34
2026-08-03T20:03:27.408158+06:30 chan-dell kernel: e1000e 0000:00:1f.6 eth0: Intel(R) PRO/1000 Network Connection
2026-08-03T20:03:27.408161+06:30 chan-dell kernel: e1000e 0000:00:1f.6 eth0: MAC: 12, PHY: 12, PBA No: FFFFFF-0FF
2026-08-03T20:03:27.408162+06:30 chan-dell kernel: e1000e 0000:00:1f.6 enp0s31f6: renamed from eth0
2026-08-03T20:03:27.408164+06:30 chan-dell kernel: EXT4-fs (sda2): mounted filesystem 58b7fd87-d542-4c25-9c30-5404b0b1e113 ro with ordered data mode. Quota mode: none.
2026-08-03T20:03:27.408604+06:30 chan-dell kernel: pstore: Using crash dump compression: deflate
2026-08-03T20:03:27.408665+06:30 chan-dell kernel: pstore: Registered efi_pstore as persistent store backend
2026-08-03T20:03:27.408681+06:30 chan-dell kernel: EXT4-fs (sda2): re-mounted 58b7fd87-d542-4c25-9c30-5404b0b1e113 r/w.
2026-08-03T20:03:27.408709+06:30 chan-dell kernel: lp: driver loaded but no devices found
2026-08-03T20:03:27.408711+06:30 chan-dell kernel: ppdev: user-space parallel port driver
2026-08-03T20:03:27.408718+06:30 chan-dell kernel: Adding 2097148k swap on /swapfile.  Priority:-1 extents:16 across:146931712k SS
2026-08-03T20:03:27.408792+06:30 chan-dell kernel: input: Intel HID events as /devices/platform/INT33D5:00/input/input6
2026-08-03T20:03:27.408794+06:30 chan-dell kernel: intel-hid INT33D5:00: platform supports 5 button array
2026-08-03T20:03:27.408874+06:30 chan-dell kernel: input: Intel HID 5 button array as /devices/platform/INT33D5:00/input/input7
2026-08-03T20:03:27.408876+06:30 chan-dell kernel: loop0: detected capacity change from 0 to 8
2026-08-03T20:03:27.408877+06:30 chan-dell kernel: ACPI Warning: SystemMemory range 0x00000000FE028000-0x00000000FE0281FF conflicts with OpRegion 0x00000000FE028000-0x00000000FE028207 (\_SB.PCI0.GEXP.BAR0) (20251212/utaddress-204)
2026-08-03T20:03:27.408878+06:30 chan-dell kernel: ACPI: OSL: Resource conflict; ACPI support missing from driver?
2026-08-03T20:03:27.408885+06:30 chan-dell kernel: intel-lpss INT3446:00: probe with driver intel-lpss failed with error -16
2026-08-03T20:03:27.408886+06:30 chan-dell kernel: loop1: detected capacity change from 0 to 1033072
2026-08-03T20:03:27.408887+06:30 chan-dell kernel: intel_pmc_core INT33A1:00:  initialized
2026-08-03T20:03:27.408888+06:30 chan-dell kernel: loop2: detected capacity change from 0 to 963400
2026-08-03T20:03:27.408889+06:30 chan-dell kernel: loop3: detected capacity change from 0 to 130624
2026-08-03T20:03:27.408890+06:30 chan-dell kernel: loop4: detected capacity change from 0 to 113640
2026-08-03T20:03:27.408895+06:30 chan-dell kernel: loop5: detected capacity change from 0 to 152112
2026-08-03T20:03:27.408897+06:30 chan-dell kernel: loop6: detected capacity change from 0 to 151512
2026-08-03T20:03:27.408898+06:30 chan-dell kernel: loop7: detected capacity change from 0 to 555496
2026-08-03T20:03:27.408899+06:30 chan-dell kernel: loop8: detected capacity change from 0 to 136816
2026-08-03T20:03:27.408900+06:30 chan-dell kernel: loop10: detected capacity change from 0 to 337560
2026-08-03T20:03:27.408902+06:30 chan-dell kernel: audit: type=1400 audit(1785763918.541:2): apparmor="STATUS" operation="profile_load" profile="unconfined" name="Discord" pid=515 comm="apparmor_parser"
2026-08-03T20:03:27.408904+06:30 chan-dell kernel: audit: type=1400 audit(1785763918.541:3): apparmor="STATUS" operation="profile_load" profile="unconfined" name="1password" pid=513 comm="apparmor_parser"
2026-08-03T20:03:27.408910+06:30 chan-dell kernel: audit: type=1400 audit(1785763918.542:4): apparmor="STATUS" operation="profile_load" profile="unconfined" name=4D6F6E676F444220436F6D70617373 pid=516 comm="apparmor_parser"
2026-08-03T20:03:27.408912+06:30 chan-dell kernel: audit: type=1400 audit(1785763918.542:5): apparmor="STATUS" operation="profile_load" profile="unconfined" name="QtWebEngineProcess" pid=517 comm="apparmor_parser"
2026-08-03T20:03:27.408914+06:30 chan-dell kernel: audit: type=1400 audit(1785763918.548:6): apparmor="STATUS" operation="profile_load" profile="unconfined" name="balena-etcher" pid=526 comm="apparmor_parser"
2026-08-03T20:03:27.408915+06:30 chan-dell kernel: audit: type=1400 audit(1785763918.555:7): apparmor="STATUS" operation="profile_load" profile="unconfined" name="bfdd" pid=527 comm="apparmor_parser"
2026-08-03T20:03:27.408917+06:30 chan-dell kernel: audit: type=1400 audit(1785763918.555:8): apparmor="STATUS" operation="profile_load" profile="unconfined" name="alsamixer" pid=524 comm="apparmor_parser"
2026-08-03T20:03:27.408922+06:30 chan-dell kernel: audit: type=1400 audit(1785763918.556:9): apparmor="STATUS" operation="profile_load" profile="unconfined" name="babeld" pid=525 comm="apparmor_parser"
2026-08-03T20:03:27.408924+06:30 chan-dell kernel: audit: type=1400 audit(1785763918.561:10): apparmor="STATUS" operation="profile_load" profile="unconfined" name="brave-browser-stable" pid=531 comm="apparmor_parser"
2026-08-03T20:03:27.408925+06:30 chan-dell kernel: audit: type=1400 audit(1785763918.561:11): apparmor="STATUS" operation="profile_load" profile="unconfined" name="brave" pid=530 comm="apparmor_parser"
2026-08-03T20:03:27.408926+06:30 chan-dell kernel: mc: Linux media interface: v0.10
2026-08-03T20:03:27.408927+06:30 chan-dell kernel: i915 0000:00:02.0: [drm] Found kabylake/ult (device ID 5916) integrated display version 9.00 stepping B0
2026-08-03T20:03:27.408932+06:30 chan-dell kernel: i915 0000:00:02.0: vgaarb: deactivate vga console
2026-08-03T20:03:27.408933+06:30 chan-dell kernel: cfg80211: Loading compiled-in X.509 certificates for regulatory database
2026-08-03T20:03:27.408934+06:30 chan-dell kernel: Loaded X.509 cert 'sforshee: 00b28ddf47aef9cea7'
2026-08-03T20:03:27.408935+06:30 chan-dell kernel: Loaded X.509 cert 'wens: 61c038651aabdcf94bd0ac7ff06c7248db18c600'
2026-08-03T20:03:27.408936+06:30 chan-dell kernel: i915 0000:00:02.0: vgaarb: VGA decodes changed: olddecodes=io+mem,decodes=io+mem:owns=io+mem
2026-08-03T20:03:27.408937+06:30 chan-dell kernel: i915 0000:00:02.0: [drm] Finished loading DMC firmware i915/kbl_dmc_ver1_04.bin (v1.4)
2026-08-03T20:03:27.408951+06:30 chan-dell kernel: proc_thermal 0000:00:04.0: enabling device (0000 -> 0002)
2026-08-03T20:03:27.408953+06:30 chan-dell kernel: Bluetooth: Core ver 2.22
2026-08-03T20:03:27.408955+06:30 chan-dell kernel: NET: Registered PF_BLUETOOTH protocol family
2026-08-03T20:03:27.408956+06:30 chan-dell kernel: Bluetooth: HCI device and connection manager initialized
2026-08-03T20:03:27.408958+06:30 chan-dell kernel: Bluetooth: HCI socket layer initialized
2026-08-03T20:03:27.408959+06:30 chan-dell kernel: Bluetooth: L2CAP socket layer initialized
2026-08-03T20:03:27.408964+06:30 chan-dell kernel: Bluetooth: SCO socket layer initialized
2026-08-03T20:03:27.408967+06:30 chan-dell kernel: dcdbas dcdbas: Dell Systems Management Base Driver (version 5.6.0-3.4)
2026-08-03T20:03:27.408968+06:30 chan-dell kernel: intel_rapl_common: Found RAPL domain package
2026-08-03T20:03:27.408969+06:30 chan-dell kernel: intel_rapl_common: Found RAPL domain dram
2026-08-03T20:03:27.408970+06:30 chan-dell kernel: RAPL PMU: API unit is 2^-32 Joules, 5 fixed counters, 655360 ms ovfl timer
2026-08-03T20:03:27.408971+06:30 chan-dell kernel: RAPL PMU: hw unit of domain pp0-core 2^-14 Joules
2026-08-03T20:03:27.408972+06:30 chan-dell kernel: RAPL PMU: hw unit of domain package 2^-14 Joules
2026-08-03T20:03:27.408977+06:30 chan-dell kernel: RAPL PMU: hw unit of domain dram 2^-14 Joules
2026-08-03T20:03:27.408978+06:30 chan-dell kernel: RAPL PMU: hw unit of domain pp1-gpu 2^-14 Joules
2026-08-03T20:03:27.408979+06:30 chan-dell kernel: RAPL PMU: hw unit of domain psys 2^-14 Joules
2026-08-03T20:03:27.408980+06:30 chan-dell kernel: videodev: Linux video capture interface: v2.00
2026-08-03T20:03:27.408981+06:30 chan-dell kernel: mei_me 0000:00:16.0: enabling device (0000 -> 0002)
2026-08-03T20:03:27.408982+06:30 chan-dell kernel: i915 0000:00:02.0: [drm] Registered 3 planes with drm panic
2026-08-03T20:03:27.408987+06:30 chan-dell kernel: [drm] Initialized i915 1.6.0 for 0000:00:02.0 on minor 1
2026-08-03T20:03:27.408989+06:30 chan-dell kernel: ACPI: video: Video Device [GFX0] (multi-head: yes  rom: no  post: no)
2026-08-03T20:03:27.408991+06:30 chan-dell kernel: input: Video Bus as /devices/pci0000:00/acpi.video_bus.0/input/input8
2026-08-03T20:03:27.408993+06:30 chan-dell kernel: fbcon: i915drmfb (fb0) is primary device
2026-08-03T20:03:27.408994+06:30 chan-dell kernel: fbcon: Deferring console take-over
2026-08-03T20:03:27.408996+06:30 chan-dell kernel: i915 0000:00:02.0: [drm] fb0: i915drmfb frame buffer device
2026-08-03T20:03:27.408998+06:30 chan-dell kernel: intel_rapl_common: Found RAPL domain package
2026-08-03T20:03:27.409004+06:30 chan-dell kernel: intel_rapl_common: Found RAPL domain core
2026-08-03T20:03:27.409005+06:30 chan-dell kernel: intel_rapl_common: Found RAPL domain uncore
2026-08-03T20:03:27.409006+06:30 chan-dell kernel: intel_rapl_common: Found RAPL domain dram
2026-08-03T20:03:27.409007+06:30 chan-dell kernel: intel_rapl_common: Found RAPL domain psys
2026-08-03T20:03:27.409008+06:30 chan-dell kernel: input: Dell WMI hotkeys as /devices/platform/PNP0C14:01/wmi_bus/wmi_bus-PNP0C14:01/9DBB5994-A997-11DA-B012-B622A1EF5492/input/input9
2026-08-03T20:03:27.409009+06:30 chan-dell kernel: i801_smbus 0000:00:1f.4: SPD Write Disable is set
2026-08-03T20:03:27.409014+06:30 chan-dell kernel: i801_smbus 0000:00:1f.4: SMBus using PCI interrupt
2026-08-03T20:03:27.409015+06:30 chan-dell kernel: i2c i2c-8: Successfully instantiated SPD at 0x50
2026-08-03T20:03:27.409016+06:30 chan-dell kernel: usbcore: registered new interface driver btusb
2026-08-03T20:03:27.409017+06:30 chan-dell kernel: iwlwifi 0000:02:00.0: enabling device (0000 -> 0002)
2026-08-03T20:03:27.409018+06:30 chan-dell kernel: Bluetooth: hci0: Firmware revision 0.1 build 19 week 44 2021
2026-08-03T20:03:27.409019+06:30 chan-dell kernel: Bluetooth: hci0: Reading supported features failed (-16)
2026-08-03T20:03:27.409024+06:30 chan-dell kernel: Bluetooth: hci0: Error reading debug features
2026-08-03T20:03:27.409026+06:30 chan-dell kernel: Bluetooth: hci0: HCI LE Coded PHY feature bit is set, but its usage is not supported.
2026-08-03T20:03:27.409028+06:30 chan-dell kernel: iwlwifi 0000:02:00.0: Detected crf-id 0xbadcafe, cnv-id 0x10 wfpm id 0x80000000
2026-08-03T20:03:27.409030+06:30 chan-dell kernel: iwlwifi 0000:02:00.0: PCI dev 24fd/0050, rev=0x230, rfid=0xd55555d5
2026-08-03T20:03:27.409031+06:30 chan-dell kernel: iwlwifi 0000:02:00.0: Detected Intel(R) Dual Band Wireless-AC 8265
2026-08-03T20:03:27.409033+06:30 chan-dell kernel: dell_laptop: Using i8042 filter function for receiving events
2026-08-03T20:03:27.409035+06:30 chan-dell kernel: ACPI: battery: new hook: Dell Primary Battery Extension
2026-08-03T20:03:27.409049+06:30 chan-dell kernel: iwlwifi 0000:02:00.0: loaded firmware version 36.c8e8e144.0 8265-36.ucode op_mode iwlmvm
2026-08-03T20:03:27.409051+06:30 chan-dell kernel: uvcvideo 1-5:1.0: Found UVC 1.00 device Integrated_Webcam_HD (1bcf:2b96)
2026-08-03T20:03:27.409052+06:30 chan-dell kernel: intel_tcc_cooling: Programmable TCC Offset detected
2026-08-03T20:03:27.409053+06:30 chan-dell kernel: usbcore: registered new interface driver uvcvideo
2026-08-03T20:03:27.409054+06:30 chan-dell kernel: iwlwifi 0000:02:00.0: base HW address: 28:c6:3f:1a:a9:50, OTP minor version: 0x4
2026-08-03T20:03:27.409055+06:30 chan-dell kernel: mei_hdcp 0000:00:16.0-b638ab7e-94e2-4ea2-a552-d1c54b627f04: bound 0000:00:02.0 (ops i915_hdcp_ops [i915])
2026-08-03T20:03:27.409060+06:30 chan-dell kernel: ieee80211 phy0: Selected rate control algorithm 'iwl-mvm-rs'
2026-08-03T20:03:27.409061+06:30 chan-dell kernel: ee1004 8-0050: 512 byte EE1004-compliant SPD EEPROM, read-only
2026-08-03T20:03:27.409062+06:30 chan-dell kernel: iwlwifi 0000:02:00.0 wlp2s0: renamed from wlan0
2026-08-03T20:03:27.409063+06:30 chan-dell kernel: snd_hda_intel 0000:00:1f.3: enabling device (0000 -> 0002)
2026-08-03T20:03:27.409064+06:30 chan-dell kernel: snd_hda_intel 0000:00:1f.3: bound 0000:00:02.0 (ops intel_audio_component_bind_ops [i915])
2026-08-03T20:03:27.409066+06:30 chan-dell kernel: snd_hda_codec_alc269 hdaudioC0D0: ALC3246: picked fixup  (pin match)
2026-08-03T20:03:27.409072+06:30 chan-dell kernel: snd_hda_codec_alc269 hdaudioC0D0: autoconfig for ALC3246: line_outs=1 (0x14/0x0/0x0/0x0/0x0) type:speaker
2026-08-03T20:03:27.409086+06:30 chan-dell kernel: snd_hda_codec_alc269 hdaudioC0D0:    speaker_outs=0 (0x0/0x0/0x0/0x0/0x0)
2026-08-03T20:03:27.409087+06:30 chan-dell kernel: snd_hda_codec_alc269 hdaudioC0D0:    hp_outs=1 (0x21/0x0/0x0/0x0/0x0)
2026-08-03T20:03:27.409088+06:30 chan-dell kernel: snd_hda_codec_alc269 hdaudioC0D0:    mono: mono_out=0x0
2026-08-03T20:03:27.409089+06:30 chan-dell kernel: snd_hda_codec_alc269 hdaudioC0D0:    inputs:
2026-08-03T20:03:27.409090+06:30 chan-dell kernel: snd_hda_codec_alc269 hdaudioC0D0:      Internal Mic=0x12
2026-08-03T20:03:27.410048+06:30 chan-dell kernel: snd_hda_codec_alc269 hdaudioC0D0:      Headset Mic=0x19
2026-08-03T20:03:27.410055+06:30 chan-dell kernel: snd_hda_codec_alc269 hdaudioC0D0:      Headphone Mic=0x1a
2026-08-03T20:03:27.410056+06:30 chan-dell kernel: input: HDA Intel PCH Headphone Mic as /devices/pci0000:00/0000:00:1f.3/sound/card0/input10
2026-08-03T20:03:27.410057+06:30 chan-dell kernel: input: HDA Intel PCH HDMI/DP,pcm=3 as /devices/pci0000:00/0000:00:1f.3/sound/card0/input11
2026-08-03T20:03:27.410058+06:30 chan-dell kernel: input: HDA Intel PCH HDMI/DP,pcm=7 as /devices/pci0000:00/0000:00:1f.3/sound/card0/input12
2026-08-03T20:03:27.410060+06:30 chan-dell kernel: input: HDA Intel PCH HDMI/DP,pcm=8 as /devices/pci0000:00/0000:00:1f.3/sound/card0/input13
2026-08-03T20:03:27.410062+06:30 chan-dell kernel: kauditd_printk_skb: 242 callbacks suppressed
2026-08-03T20:03:27.410064+06:30 chan-dell kernel: audit: type=1400 audit(1785764007.259:254): apparmor="STATUS" operation="profile_replace" info="same as current profile, skipping" profile="unconfined" name="rsyslogd" pid=1095 comm="apparmor_parser"
2026-08-03T20:03:27.505378+06:30 chan-dell kernel: Bluetooth: BNEP (Ethernet Emulation) ver 1.3
2026-08-03T20:03:27.505397+06:30 chan-dell kernel: Bluetooth: BNEP filters: protocol multicast
2026-08-03T20:03:27.505399+06:30 chan-dell kernel: Bluetooth: BNEP socket layer initialized
2026-08-03T20:03:27.517118+06:30 chan-dell kernel: Bluetooth: MGMT ver 1.23
2026-08-03T20:03:27.535138+06:30 chan-dell kernel: NET: Registered PF_ALG protocol family
2026-08-03T20:03:27.843118+06:30 chan-dell kernel: NET: Registered PF_QIPCRTR protocol family
2026-08-03T20:03:28.337141+06:30 chan-dell kernel: audit: type=1400 audit(1785764008.335:255): apparmor="DENIED" operation="open" class="file" profile="/usr/sbin/cupsd" name="/etc/paperspecs" pid=1387 comm="cupsd" requested_mask="r" denied_mask="r" fsuid=0 ouid=0
2026-08-03T20:03:28.368147+06:30 chan-dell kernel: audit: type=1400 audit(1785764008.366:256): apparmor="DENIED" operation="capable" class="cap" profile="/usr/sbin/cupsd" pid=1387 comm="cupsd" capability=12  capname="net_admin"
2026-08-03T20:03:28.784114+06:30 chan-dell kernel: kvm_amd: CPU 0 isn't AMD or Hygon
2026-08-03T20:03:28.811121+06:30 chan-dell kernel: vboxdrv: loading out-of-tree module taints kernel.
2026-08-03T20:03:28.811140+06:30 chan-dell kernel: vboxdrv: module verification failed: signature and/or required key missing - tainting kernel
2026-08-03T20:03:28.837112+06:30 chan-dell kernel: vboxdrv: Found 4 processor cores/threads
2026-08-03T20:03:28.958154+06:30 chan-dell kernel: rtR0InitNative: g_pLnxInitMm=000000008551b281
2026-08-03T20:03:28.988121+06:30 chan-dell kernel: vboxdrv: TSC mode is Invariant, tentative frequency 2711999394 Hz
2026-08-03T20:03:28.988138+06:30 chan-dell kernel: vboxdrv: Successfully loaded version 7.2.14 r174565 (interface 0x00390001)
2026-08-03T20:03:29.209274+06:30 chan-dell kernel: kvm_amd: CPU 1 isn't AMD or Hygon
2026-08-03T20:03:29.227119+06:30 chan-dell kernel: VBoxNetFlt: Successfully started.
2026-08-03T20:03:29.242122+06:30 chan-dell kernel: kvm_amd: CPU 3 isn't AMD or Hygon
2026-08-03T20:03:29.262126+06:30 chan-dell kernel: VBoxNetAdp: Successfully started.
2026-08-03T20:03:29.341117+06:30 chan-dell kernel: set_capacity_and_notify: 14 callbacks suppressed
2026-08-03T20:03:29.341135+06:30 chan-dell kernel: loop24: detected capacity change from 0 to 8
2026-08-03T20:03:31.763123+06:30 chan-dell kernel: wlp2s0: authenticate with d0:96:fb:26:69:ff (local address=28:c6:3f:1a:a9:50)
2026-08-03T20:03:31.765117+06:30 chan-dell kernel: wlp2s0: send auth to d0:96:fb:26:69:ff (try 1/3)
2026-08-03T20:03:31.773137+06:30 chan-dell kernel: wlp2s0: authenticated
2026-08-03T20:03:31.773144+06:30 chan-dell kernel: wlp2s0: associating to AP d0:96:fb:26:69:ff with corrupt probe response
2026-08-03T20:03:31.775228+06:30 chan-dell kernel: wlp2s0: associate with d0:96:fb:26:69:ff (try 1/3)
2026-08-03T20:03:31.780189+06:30 chan-dell kernel: wlp2s0: RX AssocResp from d0:96:fb:26:69:ff (capab=0x411 status=0 aid=5)
2026-08-03T20:03:31.787180+06:30 chan-dell kernel: wlp2s0: associated
2026-08-03T20:03:34.207140+06:30 chan-dell kernel: bridge: filtering via arp/ip/ip6tables is no longer available by default. Update your scripts to load br_netfilter if you need this.
2026-08-03T20:03:34.684117+06:30 chan-dell kernel: kvm_intel: L1TF CPU bug present and SMT on, data leak possible. See CVE-2018-3646 and https://www.kernel.org/doc/html/latest/admin-guide/hw-vuln/l1tf.html for details.
2026-08-03T20:03:34.819172+06:30 chan-dell kernel: pcieport 0000:00:1c.0: Intel SPT PCH root port ACS workaround enabled
2026-08-03T20:03:35.102350+06:30 chan-dell kernel: audit: type=1400 audit(1785764015.100:257): apparmor="DENIED" operation="capable" class="cap" profile="fusermount3" pid=2086 comm="fusermount3" capability=1  capname="dac_override"
2026-08-03T20:03:35.102368+06:30 chan-dell kernel: audit: type=1400 audit(1785764015.100:258): apparmor="DENIED" operation="capable" class="cap" profile="fusermount3" pid=2086 comm="fusermount3" capability=7  capname="setuid"
2026-08-03T20:03:35.102370+06:30 chan-dell kernel: audit: type=1400 audit(1785764015.100:259): apparmor="DENIED" operation="capable" class="cap" profile="fusermount3" pid=2087 comm="fusermount3" capability=7  capname="setuid"
2026-08-03T20:03:35.406120+06:30 chan-dell kernel: Bluetooth: RFCOMM TTY layer initialized
2026-08-03T20:03:35.406141+06:30 chan-dell kernel: Bluetooth: RFCOMM socket layer initialized
2026-08-03T20:03:35.406143+06:30 chan-dell kernel: Bluetooth: RFCOMM ver 1.11
2026-08-03T20:03:35.830121+06:30 chan-dell kernel: audit: type=1400 audit(1785764015.828:260): apparmor="DENIED" operation="open" class="file" profile="snap-update-ns.snapd-desktop-integration" name="/run/gdm3/home/gdm-greeter/" pid=2146 comm="snap-update-ns" requested_mask="r" denied_mask="r" fsuid=60578 ouid=60578
2026-08-03T20:03:35.833129+06:30 chan-dell kernel: audit: type=1400 audit(1785764015.831:261): apparmor="DENIED" operation="open" class="file" profile="/snap/snapd/27591/usr/lib/snapd/snap-confine" name="/run/gdm3/" pid=1997 comm="snap-confine" requested_mask="r" denied_mask="r" fsuid=60578 ouid=0
2026-08-03T20:03:38.196261+06:30 chan-dell kernel: rfkill: input handler disabled
2026-08-03T20:03:45.249465+06:30 chan-dell kernel: audit: type=1400 audit(1785764025.246:262): apparmor="DENIED" operation="capable" class="cap" profile="fusermount3" pid=3023 comm="fusermount3" capability=1  capname="dac_override"
2026-08-03T20:03:45.249488+06:30 chan-dell kernel: audit: type=1400 audit(1785764025.246:263): apparmor="DENIED" operation="capable" class="cap" profile="fusermount3" pid=3023 comm="fusermount3" capability=7  capname="setuid"
2026-08-03T20:03:45.249492+06:30 chan-dell kernel: audit: type=1400 audit(1785764025.246:264): apparmor="DENIED" operation="capable" class="cap" profile="fusermount3" pid=3024 comm="fusermount3" capability=7  capname="setuid"
2026-08-03T20:03:45.369140+06:30 chan-dell kernel: rfkill: input handler enabled
2026-08-03T20:03:45.814123+06:30 chan-dell kernel: audit: type=1400 audit(1785764025.812:265): apparmor="DENIED" operation="capable" class="cap" profile="fusermount3" pid=3201 comm="fusermount3" capability=1  capname="dac_override"
2026-08-03T20:03:45.814141+06:30 chan-dell kernel: audit: type=1400 audit(1785764025.812:266): apparmor="DENIED" operation="capable" class="cap" profile="fusermount3" pid=3201 comm="fusermount3" capability=7  capname="setuid"
2026-08-03T20:03:45.816224+06:30 chan-dell kernel: audit: type=1400 audit(1785764025.814:267): apparmor="DENIED" operation="capable" class="cap" profile="fusermount3" pid=3203 comm="fusermount3" capability=7  capname="setuid"
2026-08-03T20:03:47.725123+06:30 chan-dell kernel: rfkill: input handler disabled
2026-08-03T20:03:49.573137+06:30 chan-dell kernel: audit: type=1400 audit(1785764029.571:268): apparmor="DENIED" operation="capable" class="cap" profile="fusermount3" pid=3949 comm="fusermount3" capability=1  capname="dac_override"
2026-08-03T20:03:49.573239+06:30 chan-dell kernel: audit: type=1400 audit(1785764029.571:269): apparmor="DENIED" operation="capable" class="cap" profile="fusermount3" pid=3949 comm="fusermount3" capability=7  capname="setuid"
2026-08-03T20:03:49.599238+06:30 chan-dell kernel: audit: type=1400 audit(1785764029.595:270): apparmor="DENIED" operation="capable" class="cap" profile="fusermount3" pid=3953 comm="fusermount3" capability=7  capname="setuid"
2026-08-03T20:03:49.652124+06:30 chan-dell kernel: audit: type=1400 audit(1785764029.650:271): apparmor="DENIED" operation="mount" class="mount" info="failed mntpnt match" error=-13 profile="fusermount3" name="/" pid=3974 comm="fusermount3" flags="rw, rprivate"
2026-08-03T20:03:57.553124+06:30 chan-dell kernel: audit: type=1326 audit(1785764037.551:272): auid=1000 uid=1000 gid=1000 ses=3 subj=snap.snap-store.ubuntu-software pid=3562 comm="snap-store" exe="/snap/snap-store/1216/usr/bin/snap-store" sig=0 arch=c000003e syscall=93 compat=0 ip=0x73812d5a1b1b code=0x50000
2026-08-03T20:03:57.586122+06:30 chan-dell kernel: audit: type=1107 audit(1785764037.584:273): pid=1056 uid=102 auid=4294967295 ses=4294967295 subj=unconfined msg='apparmor="DENIED" operation="dbus_method_call"  bus="system" path="/org/freedesktop/PolicyKit1/Authority" interface="org.freedesktop.DBus.Properties" member="GetAll" mask="send" name=":1.12" pid=3562 label="snap.snap-store.ubuntu-software" peer_pid=1063 peer_label="unconfined"
2026-08-03T20:03:57.586142+06:30 chan-dell kernel:  exe="/usr/bin/dbus-daemon" sauid=102 hostname=? addr=? terminal=?'
2026-08-03T20:03:57.586145+06:30 chan-dell kernel: audit: type=1107 audit(1785764037.584:274): pid=1056 uid=102 auid=4294967295 ses=4294967295 subj=unconfined msg='apparmor="DENIED" operation="dbus_method_call"  bus="system" path="/org/freedesktop/PolicyKit1/Authority" interface="org.freedesktop.PolicyKit1.Authority" member="CheckAuthorization" mask="send" name=":1.12" pid=3562 label="snap.snap-store.ubuntu-software" peer_pid=1063 peer_label="unconfined"
2026-08-03T20:03:57.586147+06:30 chan-dell kernel:  exe="/usr/bin/dbus-daemon" sauid=102 hostname=? addr=? terminal=?'
2026-08-03T20:03:57.593121+06:30 chan-dell kernel: audit: type=1107 audit(1785764037.591:275): pid=1056 uid=102 auid=4294967295 ses=4294967295 subj=unconfined msg='apparmor="DENIED" operation="dbus_method_call"  bus="system" path="/org/freedesktop/PolicyKit1/Authority" interface="org.freedesktop.DBus.Properties" member="GetAll" mask="send" name=":1.12" pid=3562 label="snap.snap-store.ubuntu-software" peer_pid=1063 peer_label="unconfined"
2026-08-03T20:03:57.593142+06:30 chan-dell kernel:  exe="/usr/bin/dbus-daemon" sauid=102 hostname=? addr=? terminal=?'
2026-08-03T20:03:57.593145+06:30 chan-dell kernel: audit: type=1107 audit(1785764037.591:276): pid=1056 uid=102 auid=4294967295 ses=4294967295 subj=unconfined msg='apparmor="DENIED" operation="dbus_method_call"  bus="system" path="/org/freedesktop/PolicyKit1/Authority" interface="org.freedesktop.PolicyKit1.Authority" member="CheckAuthorization" mask="send" name=":1.12" pid=3562 label="snap.snap-store.ubuntu-software" peer_pid=1063 peer_label="unconfined"
2026-08-03T20:03:57.593161+06:30 chan-dell kernel:  exe="/usr/bin/dbus-daemon" sauid=102 hostname=? addr=? terminal=?'
2026-08-03T20:04:36.196028+06:30 chan-dell kernel: warning: `ThreadPoolForeg' uses wireless extensions which will stop working for Wi-Fi 7 hardware; use nl80211
2026-08-03T20:07:44.271050+06:30 chan-dell kernel: audit: type=1400 audit(1785764264.269:277): apparmor="AUDIT" operation="userns_create" class="namespace" info="Userns create - transitioning profile" profile="unconfined" pid=5460 comm="(ubuntu-insigh)" requested="userns_create" target="unprivileged_userns" execpath="/usr/lib/systemd/systemd-executor"
2026-08-03T20:07:44.272046+06:30 chan-dell kernel: audit: type=1400 audit(1785764264.270:278): apparmor="DENIED" operation="capable" class="cap" profile="unprivileged_userns" pid=5460 comm="(ubuntu-insigh)" capability=21  capname="sys_admin"
2026-08-03T20:07:44.347106+06:30 chan-dell kernel: audit: type=1400 audit(1785764264.345:279): apparmor="DENIED" operation="getattr" class="file" info="Failed name lookup - disconnected path" error=-13 profile="unprivileged_userns" name="" pid=5468 comm="systemd-detect-" requested_mask="r" denied_mask="r" fsuid=1000 ouid=0
2026-08-03T20:09:38.027023+06:30 chan-dell kernel: audit: type=1400 audit(1785764378.025:280): apparmor="DENIED" operation="open" class="file" profile="/usr/bin/wsdd" name="/usr/share/coreutils/locales/uucore/en-US.ftl" pid=5598 comm="wsdd" requested_mask="r" denied_mask="r" fsuid=1000 ouid=0
2026-08-03T20:10:07.909091+06:30 chan-dell kernel: audit: type=1400 audit(1785764407.904:281): apparmor="AUDIT" operation="userns_create" class="namespace" info="Userns create - transitioning profile" profile="unconfined" pid=5659 comm="(ubuntu-insigh)" requested="userns_create" target="unprivileged_userns" execpath="/usr/lib/systemd/systemd-executor"
2026-08-03T20:10:07.909142+06:30 chan-dell kernel: audit: type=1400 audit(1785764407.907:282): apparmor="DENIED" operation="capable" class="cap" profile="unprivileged_userns" pid=5659 comm="(ubuntu-insigh)" capability=21  capname="sys_admin"
2026-08-03T20:34:28.119069+06:30 chan-dell kernel: audit: type=1400 audit(1785765868.117:283): apparmor="AUDIT" operation="userns_create" class="namespace" info="Userns create - transitioning profile" profile="unconfined" pid=7154 comm="Outline" requested="userns_create" target="unprivileged_userns" execpath="/opt/Outline/Outline"
2026-08-03T20:34:28.121075+06:30 chan-dell kernel: audit: type=1400 audit(1785765868.119:284): apparmor="DENIED" operation="capable" class="cap" profile="unprivileged_userns" pid=7157 comm="Outline" capability=1  capname="dac_override"
2026-08-03T20:51:26.842101+06:30 chan-dell kernel: workqueue: delayed_fput hogged CPU for >10000us 4 times, consider switching to WQ_UNBOUND
2026-08-03T21:03:00.791091+06:30 chan-dell kernel: perf: interrupt took too long (2537 > 2500), lowering kernel.perf_event_max_sample_rate to 78000
2026-08-03T21:16:29.234098+06:30 chan-dell kernel: perf: interrupt took too long (3216 > 3171), lowering kernel.perf_event_max_sample_rate to 62000
2026-08-03T21:28:35.384126+06:30 chan-dell kernel: workqueue: delayed_fput hogged CPU for >10000us 5 times, consider switching to WQ_UNBOUND
2026-08-03T21:31:16.274046+06:30 chan-dell kernel: wlp2s0: deauthenticating from d0:96:fb:26:69:ff by local choice (Reason: 3=DEAUTH_LEAVING)
2026-08-03T21:31:17.737020+06:30 chan-dell kernel: PM: suspend entry (deep)
2026-08-03T21:31:17.742018+06:30 chan-dell kernel: Filesystems sync: 0.005 seconds
2026-08-03T21:53:26.031039+06:30 chan-dell kernel: Freezing user space processes
2026-08-03T21:53:26.031176+06:30 chan-dell kernel: Freezing user space processes completed (elapsed 0.015 seconds)
2026-08-03T21:53:26.031181+06:30 chan-dell kernel: OOM killer disabled.
2026-08-03T21:53:26.031183+06:30 chan-dell kernel: Freezing remaining freezable tasks
2026-08-03T21:53:26.031184+06:30 chan-dell kernel: Freezing remaining freezable tasks completed (elapsed 0.000 seconds)
2026-08-03T21:53:26.031185+06:30 chan-dell kernel: printk: Suspending console(s) (use no_console_suspend to debug)
2026-08-03T21:53:26.031186+06:30 chan-dell kernel: e1000e: EEE TX LPI TIMER: 00000011
2026-08-03T21:53:26.031187+06:30 chan-dell kernel: sd 2:0:0:0: [sda] Synchronizing SCSI cache
2026-08-03T21:53:26.031188+06:30 chan-dell kernel: ata3.00: Entering standby power mode
2026-08-03T21:53:26.031190+06:30 chan-dell kernel: pcieport 0000:00:1c.0: Intel SPT PCH root port ACS workaround enabled
2026-08-03T21:53:26.031191+06:30 chan-dell kernel: ACPI: EC: interrupt blocked
2026-08-03T21:53:26.031192+06:30 chan-dell kernel: ACPI: PM: Preparing to enter system sleep state S3
2026-08-03T21:53:26.031193+06:30 chan-dell kernel: ACPI: EC: event blocked
2026-08-03T21:53:26.031194+06:30 chan-dell kernel: ACPI: EC: EC stopped
2026-08-03T21:53:26.031195+06:30 chan-dell kernel: ACPI: PM: Saving platform NVS memory
2026-08-03T21:53:26.031196+06:30 chan-dell kernel: Disabling non-boot CPUs ...
2026-08-03T21:53:26.031197+06:30 chan-dell kernel: smpboot: CPU 3 is now offline
2026-08-03T21:53:26.031198+06:30 chan-dell kernel: smpboot: CPU 2 is now offline
2026-08-03T21:53:26.031200+06:30 chan-dell kernel: smpboot: CPU 1 is now offline
2026-08-03T21:53:26.031201+06:30 chan-dell kernel: ACPI: PM: Low-level resume complete
2026-08-03T21:53:26.031202+06:30 chan-dell kernel: ACPI: EC: EC started
2026-08-03T21:53:26.031203+06:30 chan-dell kernel: ACPI: PM: Restoring platform NVS memory
2026-08-03T21:53:26.031204+06:30 chan-dell kernel: Enabling non-boot CPUs ...
2026-08-03T21:53:26.031205+06:30 chan-dell kernel: smpboot: Booting Node 0 Processor 1 APIC 0x2
2026-08-03T21:53:26.031206+06:30 chan-dell kernel: CPU1 is up
2026-08-03T21:53:26.031208+06:30 chan-dell kernel: smpboot: Booting Node 0 Processor 2 APIC 0x1
2026-08-03T21:53:26.031209+06:30 chan-dell kernel: CPU2 is up
2026-08-03T21:53:26.031210+06:30 chan-dell kernel: smpboot: Booting Node 0 Processor 3 APIC 0x3
2026-08-03T21:53:26.031211+06:30 chan-dell kernel: CPU3 is up
2026-08-03T21:53:26.031212+06:30 chan-dell kernel: ACPI: PM: Waking up from system sleep state S3
2026-08-03T21:53:26.031214+06:30 chan-dell kernel: pcieport 0000:00:1c.0: Intel SPT PCH root port ACS workaround enabled
2026-08-03T21:53:26.031215+06:30 chan-dell kernel: pcieport 0000:00:1c.2: Intel SPT PCH root port ACS workaround enabled
2026-08-03T21:53:26.031216+06:30 chan-dell kernel: ACPI: EC: interrupt unblocked
2026-08-03T21:53:26.031218+06:30 chan-dell kernel: DMAR: DRHD: handling fault status reg 2
2026-08-03T21:53:26.031219+06:30 chan-dell kernel: DMAR: [INTR-REMAP] Request device [f0:1f.0] fault index 0x2bc0 [fault reason 0x25] Blocked a compatibility format interrupt request
2026-08-03T21:53:26.031220+06:30 chan-dell kernel: ACPI: EC: event unblocked
2026-08-03T21:53:26.031222+06:30 chan-dell kernel: xhci_hcd 0000:00:14.0: xHC error in resume, USBSTS 0x411, Reinit
2026-08-03T21:53:26.031223+06:30 chan-dell kernel: usb usb1: root hub lost power or was reset
2026-08-03T21:53:26.031223+06:30 chan-dell kernel: usb usb2: root hub lost power or was reset
2026-08-03T21:53:26.031224+06:30 chan-dell kernel: usb 1-5: reset high-speed USB device number 2 using xhci_hcd
2026-08-03T21:53:26.031225+06:30 chan-dell kernel: ata3: SATA link up 6.0 Gbps (SStatus 133 SControl 300)
2026-08-03T21:53:26.031227+06:30 chan-dell kernel: ata3.00: ACPI cmd f5/00:00:00:00:00:00(SECURITY FREEZE LOCK) filtered out
2026-08-03T21:53:26.031228+06:30 chan-dell kernel: ata3.00: ACPI cmd b1/c1:00:00:00:00:00(DEVICE CONFIGURATION OVERLAY) filtered out
2026-08-03T21:53:26.031230+06:30 chan-dell kernel: sd 2:0:0:0: [sda] Starting disk
2026-08-03T21:53:26.031232+06:30 chan-dell kernel: ata3.00: ACPI cmd f5/00:00:00:00:00:00(SECURITY FREEZE LOCK) filtered out
2026-08-03T21:53:26.031234+06:30 chan-dell kernel: ata3.00: ACPI cmd b1/c1:00:00:00:00:00(DEVICE CONFIGURATION OVERLAY) filtered out
2026-08-03T21:53:26.031235+06:30 chan-dell kernel: ata3.00: configured for UDMA/133
2026-08-03T21:53:26.031237+06:30 chan-dell kernel: ata3.00: Enabling discard_zeroes_data
2026-08-03T21:53:26.031239+06:30 chan-dell kernel: usb 1-7: WARN: invalid context state for evaluate context command.
2026-08-03T21:53:26.031240+06:30 chan-dell kernel: usb 1-7: reset full-speed USB device number 3 using xhci_hcd
2026-08-03T21:53:26.031241+06:30 chan-dell kernel: mei_hdcp 0000:00:16.0-b638ab7e-94e2-4ea2-a552-d1c54b627f04: bound 0000:00:02.0 (ops i915_hdcp_ops [i915])
2026-08-03T21:53:26.031242+06:30 chan-dell kernel: OOM killer enabled.
2026-08-03T21:53:26.031243+06:30 chan-dell kernel: Restarting tasks: Starting
2026-08-03T21:53:26.035157+06:30 chan-dell kernel: Bluetooth: hci0: Bootloader revision 0.0 build 26 week 38 2015
2026-08-03T21:53:26.035167+06:30 chan-dell kernel: Restarting tasks: Done
2026-08-03T21:53:26.035170+06:30 chan-dell kernel: efivarfs: resyncing variable state
2026-08-03T21:53:26.035173+06:30 chan-dell kernel: Bluetooth: hci0: Device revision is 16
2026-08-03T21:53:26.035178+06:30 chan-dell kernel: Bluetooth: hci0: Secure boot is enabled
2026-08-03T21:53:26.035181+06:30 chan-dell kernel: Bluetooth: hci0: OTP lock is enabled
2026-08-03T21:53:26.035184+06:30 chan-dell kernel: Bluetooth: hci0: API lock is enabled
2026-08-03T21:53:26.035189+06:30 chan-dell kernel: Bluetooth: hci0: Debug lock is disabled
2026-08-03T21:53:26.035192+06:30 chan-dell kernel: Bluetooth: hci0: Minimum firmware build 1 week 10 2014
2026-08-03T21:53:26.042195+06:30 chan-dell kernel: Bluetooth: hci0: Found device firmware: intel/ibt-12-16.sfi
2026-08-03T21:53:26.068151+06:30 chan-dell kernel: efivarfs: finished resyncing variable state
2026-08-03T21:53:26.068175+06:30 chan-dell kernel: random: crng reseeded on system resumption
2026-08-03T21:53:26.133165+06:30 chan-dell kernel: PM: suspend exit
2026-08-03T21:53:26.408942+06:30 chan-dell kernel: e1000e 0000:00:1f.6 enp0s31f6: NIC Link is Down
2026-08-03T21:53:27.625169+06:30 chan-dell kernel: Bluetooth: hci0: Waiting for firmware download to complete
2026-08-03T21:53:27.626170+06:30 chan-dell kernel: Bluetooth: hci0: Firmware loaded in 1546446 usecs
2026-08-03T21:53:27.626179+06:30 chan-dell kernel: Bluetooth: hci0: Waiting for device to boot
2026-08-03T21:53:27.639176+06:30 chan-dell kernel: Bluetooth: hci0: Device booted in 12656 usecs
2026-08-03T21:53:27.644172+06:30 chan-dell kernel: Bluetooth: hci0: Found Intel DDC parameters: intel/ibt-12-16.ddc
2026-08-03T21:53:27.647139+06:30 chan-dell kernel: Bluetooth: hci0: Applying Intel DDC parameters completed
2026-08-03T21:53:27.648140+06:30 chan-dell kernel: Bluetooth: hci0: Firmware revision 0.1 build 19 week 44 2021
2026-08-03T21:53:27.650144+06:30 chan-dell kernel: Bluetooth: hci0: Reading supported features failed (-16)
2026-08-03T21:53:27.650162+06:30 chan-dell kernel: Bluetooth: hci0: Error reading debug features
2026-08-03T21:53:27.650165+06:30 chan-dell kernel: Bluetooth: hci0: HCI LE Coded PHY feature bit is set, but its usage is not supported.
2026-08-03T21:53:27.701148+06:30 chan-dell kernel: Bluetooth: MGMT ver 1.23
2026-08-03T21:53:30.475301+06:30 chan-dell kernel: wlp2s0: authenticate with d0:96:fb:26:69:ff (local address=28:c6:3f:1a:a9:50)
2026-08-03T21:53:30.476156+06:30 chan-dell kernel: wlp2s0: send auth to d0:96:fb:26:69:ff (try 1/3)
2026-08-03T21:53:30.485149+06:30 chan-dell kernel: wlp2s0: authenticated
2026-08-03T21:53:30.485157+06:30 chan-dell kernel: wlp2s0: associating to AP d0:96:fb:26:69:ff with corrupt probe response
2026-08-03T21:53:30.485165+06:30 chan-dell kernel: wlp2s0: associate with d0:96:fb:26:69:ff (try 1/3)
2026-08-03T21:53:30.497170+06:30 chan-dell kernel: wlp2s0: RX AssocResp from d0:96:fb:26:69:ff (capab=0x411 status=0 aid=5)
2026-08-03T21:53:30.504143+06:30 chan-dell kernel: wlp2s0: associated
2026-08-03T22:02:01.387797+06:30 chan-dell kernel: workqueue: delayed_fput hogged CPU for >10000us 7 times, consider switching to WQ_UNBOUND
2026-08-03T22:18:39.374949+06:30 chan-dell kernel: wlp2s0: deauthenticating from d0:96:fb:26:69:ff by local choice (Reason: 3=DEAUTH_LEAVING)
2026-08-03T22:18:41.298411+06:30 chan-dell kernel: PM: suspend entry (deep)
2026-08-03T22:18:41.304846+06:30 chan-dell kernel: Filesystems sync: 0.006 seconds
2026-08-03T22:18:41.344843+06:30 chan-dell kernel: Freezing user space processes
2026-08-03T22:27:56.756234+06:30 chan-dell kernel: Freezing user space processes completed (elapsed 0.003 seconds)
2026-08-03T22:27:56.756293+06:30 chan-dell kernel: OOM killer disabled.
2026-08-03T22:27:56.756301+06:30 chan-dell kernel: Freezing remaining freezable tasks
2026-08-03T22:27:56.756306+06:30 chan-dell kernel: Freezing remaining freezable tasks completed (elapsed 0.001 seconds)
2026-08-03T22:27:56.756309+06:30 chan-dell kernel: printk: Suspending console(s) (use no_console_suspend to debug)
2026-08-03T22:27:56.756312+06:30 chan-dell kernel: e1000e: EEE TX LPI TIMER: 00000011
2026-08-03T22:27:56.756314+06:30 chan-dell kernel: sd 2:0:0:0: [sda] Synchronizing SCSI cache
2026-08-03T22:27:56.756316+06:30 chan-dell kernel: ata3.00: Entering standby power mode
2026-08-03T22:27:56.756319+06:30 chan-dell kernel: pcieport 0000:00:1c.0: Intel SPT PCH root port ACS workaround enabled
2026-08-03T22:27:56.756324+06:30 chan-dell kernel: ACPI: EC: interrupt blocked
2026-08-03T22:27:56.756329+06:30 chan-dell kernel: ACPI: PM: Preparing to enter system sleep state S3
2026-08-03T22:27:56.756334+06:30 chan-dell kernel: ACPI: EC: event blocked
2026-08-03T22:27:56.756338+06:30 chan-dell kernel: ACPI: EC: EC stopped
2026-08-03T22:27:56.756343+06:30 chan-dell kernel: ACPI: PM: Saving platform NVS memory
2026-08-03T22:27:56.756348+06:30 chan-dell kernel: Disabling non-boot CPUs ...
2026-08-03T22:27:56.756353+06:30 chan-dell kernel: smpboot: CPU 3 is now offline
2026-08-03T22:27:56.756358+06:30 chan-dell kernel: smpboot: CPU 2 is now offline
2026-08-03T22:27:56.756363+06:30 chan-dell kernel: smpboot: CPU 1 is now offline
2026-08-03T22:27:56.756369+06:30 chan-dell kernel: ACPI: PM: Low-level resume complete
2026-08-03T22:27:56.756375+06:30 chan-dell kernel: ACPI: EC: EC started
2026-08-03T22:27:56.756380+06:30 chan-dell kernel: ACPI: PM: Restoring platform NVS memory
2026-08-03T22:27:56.756384+06:30 chan-dell kernel: Enabling non-boot CPUs ...
2026-08-03T22:27:56.756388+06:30 chan-dell kernel: smpboot: Booting Node 0 Processor 1 APIC 0x2
2026-08-03T22:27:56.756393+06:30 chan-dell kernel: CPU1 is up
2026-08-03T22:27:56.756398+06:30 chan-dell kernel: smpboot: Booting Node 0 Processor 2 APIC 0x1
2026-08-03T22:27:56.756402+06:30 chan-dell kernel: CPU2 is up
2026-08-03T22:27:56.756407+06:30 chan-dell kernel: smpboot: Booting Node 0 Processor 3 APIC 0x3
2026-08-03T22:27:56.756412+06:30 chan-dell kernel: CPU3 is up
2026-08-03T22:27:56.756416+06:30 chan-dell kernel: ACPI: PM: Waking up from system sleep state S3
2026-08-03T22:27:56.756421+06:30 chan-dell kernel: ACPI: EC: interrupt unblocked
2026-08-03T22:27:56.756426+06:30 chan-dell kernel: pcieport 0000:00:1c.0: Intel SPT PCH root port ACS workaround enabled
2026-08-03T22:27:56.756430+06:30 chan-dell kernel: pcieport 0000:00:1c.2: Intel SPT PCH root port ACS workaround enabled
2026-08-03T22:27:56.756435+06:30 chan-dell kernel: xhci_hcd 0000:00:14.0: xHC error in resume, USBSTS 0x411, Reinit
2026-08-03T22:27:56.756440+06:30 chan-dell kernel: usb usb1: root hub lost power or was reset
2026-08-03T22:27:56.756445+06:30 chan-dell kernel: usb usb2: root hub lost power or was reset
2026-08-03T22:27:56.756450+06:30 chan-dell kernel: ACPI: EC: event unblocked
2026-08-03T22:27:56.756455+06:30 chan-dell kernel: usb 1-5: reset high-speed USB device number 2 using xhci_hcd
2026-08-03T22:27:56.756460+06:30 chan-dell kernel: ata3: SATA link up 6.0 Gbps (SStatus 133 SControl 300)
2026-08-03T22:27:56.756465+06:30 chan-dell kernel: ata3.00: ACPI cmd f5/00:00:00:00:00:00(SECURITY FREEZE LOCK) filtered out
2026-08-03T22:27:56.756469+06:30 chan-dell kernel: ata3.00: ACPI cmd b1/c1:00:00:00:00:00(DEVICE CONFIGURATION OVERLAY) filtered out
2026-08-03T22:27:56.756474+06:30 chan-dell kernel: sd 2:0:0:0: [sda] Starting disk
2026-08-03T22:27:56.756479+06:30 chan-dell kernel: ata3.00: ACPI cmd f5/00:00:00:00:00:00(SECURITY FREEZE LOCK) filtered out
2026-08-03T22:27:56.756485+06:30 chan-dell kernel: ata3.00: ACPI cmd b1/c1:00:00:00:00:00(DEVICE CONFIGURATION OVERLAY) filtered out
2026-08-03T22:27:56.756490+06:30 chan-dell kernel: ata3.00: configured for UDMA/133
2026-08-03T22:27:56.756495+06:30 chan-dell kernel: ata3.00: Enabling discard_zeroes_data
2026-08-03T22:27:56.756500+06:30 chan-dell kernel: usb 1-7: WARN: invalid context state for evaluate context command.
2026-08-03T22:27:56.756505+06:30 chan-dell kernel: usb 1-7: reset full-speed USB device number 3 using xhci_hcd
2026-08-03T22:27:56.756510+06:30 chan-dell kernel: Bluetooth: hci0: Bootloader revision 0.0 build 26 week 38 2015
2026-08-03T22:27:56.756514+06:30 chan-dell kernel: Bluetooth: hci0: Device revision is 16
2026-08-03T22:27:56.756519+06:30 chan-dell kernel: Bluetooth: hci0: Secure boot is enabled
2026-08-03T22:27:56.756524+06:30 chan-dell kernel: Bluetooth: hci0: OTP lock is enabled
2026-08-03T22:27:56.756528+06:30 chan-dell kernel: Bluetooth: hci0: API lock is enabled
2026-08-03T22:27:56.756534+06:30 chan-dell kernel: Bluetooth: hci0: Debug lock is disabled
2026-08-03T22:27:56.756539+06:30 chan-dell kernel: Bluetooth: hci0: Minimum firmware build 1 week 10 2014
2026-08-03T22:27:56.756543+06:30 chan-dell kernel: OOM killer enabled.
2026-08-03T22:27:56.756548+06:30 chan-dell kernel: Restarting tasks: Starting
2026-08-03T22:27:56.761282+06:30 chan-dell kernel: Restarting tasks: Done
2026-08-03T22:27:56.761323+06:30 chan-dell kernel: efivarfs: resyncing variable state
2026-08-03T22:27:56.761347+06:30 chan-dell kernel: Bluetooth: hci0: Found device firmware: intel/ibt-12-16.sfi
2026-08-03T22:27:56.793372+06:30 chan-dell kernel: efivarfs: finished resyncing variable state
2026-08-03T22:27:56.793432+06:30 chan-dell kernel: random: crng reseeded on system resumption
2026-08-03T22:27:56.907743+06:30 chan-dell kernel: mei_hdcp 0000:00:16.0-b638ab7e-94e2-4ea2-a552-d1c54b627f04: bound 0000:00:02.0 (ops i915_hdcp_ops [i915])
2026-08-03T22:27:57.000323+06:30 chan-dell kernel: PM: suspend exit
2026-08-03T22:27:57.367289+06:30 chan-dell kernel: e1000e 0000:00:1f.6 enp0s31f6: NIC Link is Down
2026-08-03T22:27:58.519335+06:30 chan-dell kernel: Bluetooth: hci0: Waiting for firmware download to complete
2026-08-03T22:27:58.519387+06:30 chan-dell kernel: Bluetooth: hci0: Firmware loaded in 1716561 usecs
2026-08-03T22:27:58.519394+06:30 chan-dell kernel: Bluetooth: hci0: Waiting for device to boot
2026-08-03T22:27:58.532343+06:30 chan-dell kernel: Bluetooth: hci0: Device booted in 12646 usecs
2026-08-03T22:27:58.532394+06:30 chan-dell kernel: Bluetooth: hci0: Found Intel DDC parameters: intel/ibt-12-16.ddc
2026-08-03T22:27:58.535338+06:30 chan-dell kernel: Bluetooth: hci0: Applying Intel DDC parameters completed
2026-08-03T22:27:58.536365+06:30 chan-dell kernel: Bluetooth: hci0: Firmware revision 0.1 build 19 week 44 2021
2026-08-03T22:27:58.538332+06:30 chan-dell kernel: Bluetooth: hci0: Reading supported features failed (-16)
2026-08-03T22:27:58.538380+06:30 chan-dell kernel: Bluetooth: hci0: Error reading debug features
2026-08-03T22:27:58.538387+06:30 chan-dell kernel: Bluetooth: hci0: HCI LE Coded PHY feature bit is set, but its usage is not supported.
2026-08-03T22:27:58.590378+06:30 chan-dell kernel: Bluetooth: MGMT ver 1.23
2026-08-03T22:28:01.491326+06:30 chan-dell kernel: wlp2s0: authenticate with d0:96:fb:26:69:ff (local address=28:c6:3f:1a:a9:50)
2026-08-03T22:28:01.492287+06:30 chan-dell kernel: wlp2s0: send auth to d0:96:fb:26:69:ff (try 1/3)
2026-08-03T22:28:01.500292+06:30 chan-dell kernel: wlp2s0: authenticated
2026-08-03T22:28:01.500312+06:30 chan-dell kernel: wlp2s0: associating to AP d0:96:fb:26:69:ff with corrupt probe response
2026-08-03T22:28:01.502316+06:30 chan-dell kernel: wlp2s0: associate with d0:96:fb:26:69:ff (try 1/3)
2026-08-03T22:28:01.506284+06:30 chan-dell kernel: wlp2s0: RX AssocResp from d0:96:fb:26:69:ff (capab=0x411 status=0 aid=5)
2026-08-03T22:28:01.526441+06:30 chan-dell kernel: wlp2s0: associated
2026-08-03T22:33:29.123781+06:30 chan-dell kernel: perf: interrupt took too long (4080 > 4020), lowering kernel.perf_event_max_sample_rate to 49000
2026-08-03T22:43:09.732433+06:30 chan-dell kernel: wlp2s0: deauthenticating from d0:96:fb:26:69:ff by local choice (Reason: 3=DEAUTH_LEAVING)
2026-08-03T22:43:11.262278+06:30 chan-dell kernel: PM: suspend entry (deep)
2026-08-03T22:43:11.270276+06:30 chan-dell kernel: Filesystems sync: 0.007 seconds
2026-08-03T23:53:05.770612+06:30 chan-dell kernel: Freezing user space processes
2026-08-03T23:53:05.770790+06:30 chan-dell kernel: Freezing user space processes completed (elapsed 0.001 seconds)
2026-08-03T23:53:05.770919+06:30 chan-dell kernel: OOM killer disabled.
2026-08-03T23:53:05.770927+06:30 chan-dell kernel: Freezing remaining freezable tasks
2026-08-03T23:53:05.770933+06:30 chan-dell kernel: Freezing remaining freezable tasks completed (elapsed 0.001 seconds)
2026-08-03T23:53:05.770938+06:30 chan-dell kernel: printk: Suspending console(s) (use no_console_suspend to debug)
2026-08-03T23:53:05.770943+06:30 chan-dell kernel: e1000e: EEE TX LPI TIMER: 00000011
2026-08-03T23:53:05.770948+06:30 chan-dell kernel: sd 2:0:0:0: [sda] Synchronizing SCSI cache
2026-08-03T23:53:05.770953+06:30 chan-dell kernel: ata3.00: Entering standby power mode
2026-08-03T23:53:05.770958+06:30 chan-dell kernel: pcieport 0000:00:1c.0: Intel SPT PCH root port ACS workaround enabled
2026-08-03T23:53:05.770964+06:30 chan-dell kernel: ACPI: EC: interrupt blocked
2026-08-03T23:53:05.770969+06:30 chan-dell kernel: ACPI: PM: Preparing to enter system sleep state S3
2026-08-03T23:53:05.770974+06:30 chan-dell kernel: ACPI: EC: event blocked
2026-08-03T23:53:05.770979+06:30 chan-dell kernel: ACPI: EC: EC stopped
2026-08-03T23:53:05.770984+06:30 chan-dell kernel: ACPI: PM: Saving platform NVS memory
2026-08-03T23:53:05.770989+06:30 chan-dell kernel: Disabling non-boot CPUs ...
2026-08-03T23:53:05.770994+06:30 chan-dell kernel: smpboot: CPU 3 is now offline
2026-08-03T23:53:05.770999+06:30 chan-dell kernel: smpboot: CPU 2 is now offline
2026-08-03T23:53:05.771005+06:30 chan-dell kernel: smpboot: CPU 1 is now offline
2026-08-03T23:53:05.771010+06:30 chan-dell kernel: ACPI: PM: Low-level resume complete
2026-08-03T23:53:05.771015+06:30 chan-dell kernel: ACPI: EC: EC started
2026-08-03T23:53:05.771020+06:30 chan-dell kernel: ACPI: PM: Restoring platform NVS memory
2026-08-03T23:53:05.771025+06:30 chan-dell kernel: Enabling non-boot CPUs ...
2026-08-03T23:53:05.771030+06:30 chan-dell kernel: smpboot: Booting Node 0 Processor 1 APIC 0x2
2026-08-03T23:53:05.771035+06:30 chan-dell kernel: CPU1 is up
2026-08-03T23:53:05.771040+06:30 chan-dell kernel: smpboot: Booting Node 0 Processor 2 APIC 0x1
2026-08-03T23:53:05.771045+06:30 chan-dell kernel: CPU2 is up
2026-08-03T23:53:05.771051+06:30 chan-dell kernel: smpboot: Booting Node 0 Processor 3 APIC 0x3
2026-08-03T23:53:05.771056+06:30 chan-dell kernel: CPU3 is up
2026-08-03T23:53:05.771060+06:30 chan-dell kernel: ACPI: PM: Waking up from system sleep state S3
2026-08-03T23:53:05.771065+06:30 chan-dell kernel: ACPI: EC: interrupt unblocked
2026-08-03T23:53:05.771070+06:30 chan-dell kernel: pcieport 0000:00:1c.0: Intel SPT PCH root port ACS workaround enabled
2026-08-03T23:53:05.771075+06:30 chan-dell kernel: pcieport 0000:00:1c.2: Intel SPT PCH root port ACS workaround enabled
2026-08-03T23:53:05.771081+06:30 chan-dell kernel: xhci_hcd 0000:00:14.0: xHC error in resume, USBSTS 0x411, Reinit
2026-08-03T23:53:05.771086+06:30 chan-dell kernel: usb usb1: root hub lost power or was reset
2026-08-03T23:53:05.771091+06:30 chan-dell kernel: usb usb2: root hub lost power or was reset
2026-08-03T23:53:05.771096+06:30 chan-dell kernel: ACPI: EC: event unblocked
2026-08-03T23:53:05.771101+06:30 chan-dell kernel: usb 1-5: reset high-speed USB device number 2 using xhci_hcd
2026-08-03T23:53:05.771106+06:30 chan-dell kernel: ata3: SATA link up 6.0 Gbps (SStatus 133 SControl 300)
2026-08-03T23:53:05.771111+06:30 chan-dell kernel: ata3.00: ACPI cmd f5/00:00:00:00:00:00(SECURITY FREEZE LOCK) filtered out
2026-08-03T23:53:05.771116+06:30 chan-dell kernel: ata3.00: ACPI cmd b1/c1:00:00:00:00:00(DEVICE CONFIGURATION OVERLAY) filtered out
2026-08-03T23:53:05.771121+06:30 chan-dell kernel: sd 2:0:0:0: [sda] Starting disk
2026-08-03T23:53:05.771126+06:30 chan-dell kernel: ata3.00: ACPI cmd f5/00:00:00:00:00:00(SECURITY FREEZE LOCK) filtered out
2026-08-03T23:53:05.771131+06:30 chan-dell kernel: ata3.00: ACPI cmd b1/c1:00:00:00:00:00(DEVICE CONFIGURATION OVERLAY) filtered out
2026-08-03T23:53:05.771136+06:30 chan-dell kernel: ata3.00: configured for UDMA/133
2026-08-03T23:53:05.771141+06:30 chan-dell kernel: ata3.00: Enabling discard_zeroes_data
2026-08-03T23:53:05.771145+06:30 chan-dell kernel: usb 1-7: WARN: invalid context state for evaluate context command.
2026-08-03T23:53:05.771150+06:30 chan-dell kernel: usb 1-7: reset full-speed USB device number 3 using xhci_hcd
2026-08-03T23:53:05.771155+06:30 chan-dell kernel: Bluetooth: hci0: Bootloader revision 0.0 build 26 week 38 2015
2026-08-03T23:53:05.771160+06:30 chan-dell kernel: Bluetooth: hci0: Device revision is 16
2026-08-03T23:53:05.771165+06:30 chan-dell kernel: Bluetooth: hci0: Secure boot is enabled
2026-08-03T23:53:05.771170+06:30 chan-dell kernel: Bluetooth: hci0: OTP lock is enabled
2026-08-03T23:53:05.771175+06:30 chan-dell kernel: Bluetooth: hci0: API lock is enabled
2026-08-03T23:53:05.771180+06:30 chan-dell kernel: Bluetooth: hci0: Debug lock is disabled
2026-08-03T23:53:05.771185+06:30 chan-dell kernel: Bluetooth: hci0: Minimum firmware build 1 week 10 2014
2026-08-03T23:53:05.771190+06:30 chan-dell kernel: OOM killer enabled.
2026-08-03T23:53:05.771195+06:30 chan-dell kernel: Restarting tasks: Starting
2026-08-03T23:53:05.771200+06:30 chan-dell kernel: Restarting tasks: Done
2026-08-03T23:53:05.784777+06:30 chan-dell kernel: Bluetooth: hci0: Found device firmware: intel/ibt-12-16.sfi
2026-08-03T23:53:05.790553+06:30 chan-dell kernel: efivarfs: resyncing variable state
2026-08-03T23:53:05.852365+06:30 chan-dell kernel: efivarfs: finished resyncing variable state
2026-08-03T23:53:05.852419+06:30 chan-dell kernel: random: crng reseeded on system resumption
2026-08-03T23:53:05.909669+06:30 chan-dell kernel: mei_hdcp 0000:00:16.0-b638ab7e-94e2-4ea2-a552-d1c54b627f04: bound 0000:00:02.0 (ops i915_hdcp_ops [i915])
2026-08-03T23:53:06.055319+06:30 chan-dell kernel: PM: suspend exit
2026-08-03T23:53:06.320347+06:30 chan-dell kernel: e1000e 0000:00:1f.6 enp0s31f6: NIC Link is Down
2026-08-03T23:53:07.593420+06:30 chan-dell kernel: Bluetooth: hci0: Waiting for firmware download to complete
2026-08-03T23:53:07.594449+06:30 chan-dell kernel: Bluetooth: hci0: Firmware loaded in 1767708 usecs
2026-08-03T23:53:07.594497+06:30 chan-dell kernel: Bluetooth: hci0: Waiting for device to boot
2026-08-03T23:53:07.607425+06:30 chan-dell kernel: Bluetooth: hci0: Device booted in 12783 usecs
2026-08-03T23:53:07.607478+06:30 chan-dell kernel: Bluetooth: hci0: Found Intel DDC parameters: intel/ibt-12-16.ddc
2026-08-03T23:53:07.610391+06:30 chan-dell kernel: Bluetooth: hci0: Applying Intel DDC parameters completed
2026-08-03T23:53:07.611432+06:30 chan-dell kernel: Bluetooth: hci0: Firmware revision 0.1 build 19 week 44 2021
2026-08-03T23:53:07.613391+06:30 chan-dell kernel: Bluetooth: hci0: Reading supported features failed (-16)
2026-08-03T23:53:07.613440+06:30 chan-dell kernel: Bluetooth: hci0: Error reading debug features
2026-08-03T23:53:07.613448+06:30 chan-dell kernel: Bluetooth: hci0: HCI LE Coded PHY feature bit is set, but its usage is not supported.
2026-08-03T23:53:07.665378+06:30 chan-dell kernel: Bluetooth: MGMT ver 1.23
2026-08-04T00:31:57.797352+06:30 chan-dell kernel: audit: type=1400 audit(1785780117.795:285): apparmor="STATUS" operation="profile_load" profile="unconfined" name="libvirt-0ce567eb-7dab-48a3-b1ab-c3b5373a17c6" pid=24435 comm="apparmor_parser"
2026-08-04T00:31:57.797372+06:30 chan-dell kernel: audit: type=1400 audit(1785780117.795:286): apparmor="STATUS" operation="profile_load" profile="unconfined" name="libvirt-0ce567eb-7dab-48a3-b1ab-c3b5373a17c6//passt" pid=24435 comm="apparmor_parser"
2026-08-04T00:31:57.900452+06:30 chan-dell kernel: audit: type=1400 audit(1785780117.898:287): apparmor="STATUS" operation="profile_replace" profile="unconfined" name="libvirt-0ce567eb-7dab-48a3-b1ab-c3b5373a17c6" pid=24438 comm="apparmor_parser"
2026-08-04T00:31:57.904371+06:30 chan-dell kernel: audit: type=1400 audit(1785780117.903:288): apparmor="STATUS" operation="profile_replace" info="same as current profile, skipping" profile="unconfined" name="libvirt-0ce567eb-7dab-48a3-b1ab-c3b5373a17c6//passt" pid=24438 comm="apparmor_parser"
2026-08-04T00:31:58.001449+06:30 chan-dell kernel: audit: type=1400 audit(1785780117.999:289): apparmor="STATUS" operation="profile_replace" profile="unconfined" name="libvirt-0ce567eb-7dab-48a3-b1ab-c3b5373a17c6" pid=24442 comm="apparmor_parser"
2026-08-04T00:31:58.005367+06:30 chan-dell kernel: audit: type=1400 audit(1785780118.004:290): apparmor="STATUS" operation="profile_replace" info="same as current profile, skipping" profile="unconfined" name="libvirt-0ce567eb-7dab-48a3-b1ab-c3b5373a17c6//passt" pid=24442 comm="apparmor_parser"
2026-08-04T00:31:58.107321+06:30 chan-dell kernel: audit: type=1400 audit(1785780118.105:291): apparmor="STATUS" operation="profile_replace" info="same as current profile, skipping" profile="unconfined" name="libvirt-0ce567eb-7dab-48a3-b1ab-c3b5373a17c6" pid=24446 comm="apparmor_parser"
2026-08-04T00:31:58.107341+06:30 chan-dell kernel: audit: type=1400 audit(1785780118.105:292): apparmor="STATUS" operation="profile_replace" info="same as current profile, skipping" profile="unconfined" name="libvirt-0ce567eb-7dab-48a3-b1ab-c3b5373a17c6//passt" pid=24446 comm="apparmor_parser"
2026-08-04T00:31:58.131430+06:30 chan-dell kernel: virbr0: port 1(vnet0) entered blocking state
2026-08-04T00:31:58.131453+06:30 chan-dell kernel: virbr0: port 1(vnet0) entered disabled state
2026-08-04T00:31:58.131457+06:30 chan-dell kernel: vnet0: entered allmulticast mode
2026-08-04T00:31:58.131460+06:30 chan-dell kernel: vnet0: entered promiscuous mode
2026-08-04T00:31:58.132729+06:30 chan-dell kernel: virbr0: port 1(vnet0) entered blocking state
2026-08-04T00:31:58.132739+06:30 chan-dell kernel: virbr0: port 1(vnet0) entered listening state
2026-08-04T00:31:58.263423+06:30 chan-dell kernel: audit: type=1400 audit(1785780118.261:293): apparmor="STATUS" operation="profile_replace" profile="unconfined" name="libvirt-0ce567eb-7dab-48a3-b1ab-c3b5373a17c6" pid=24472 comm="apparmor_parser"
2026-08-04T00:31:58.267323+06:30 chan-dell kernel: audit: type=1400 audit(1785780118.265:294): apparmor="STATUS" operation="profile_replace" info="same as current profile, skipping" profile="unconfined" name="libvirt-0ce567eb-7dab-48a3-b1ab-c3b5373a17c6//passt" pid=24472 comm="apparmor_parser"
2026-08-04T00:32:00.147362+06:30 chan-dell kernel: virbr0: port 1(vnet0) entered learning state
2026-08-04T00:32:02.196079+06:30 chan-dell kernel: virbr0: port 1(vnet0) entered forwarding state
2026-08-04T00:32:02.196096+06:30 chan-dell kernel: virbr0: topology change detected, propagating
2026-08-04T00:32:05.283379+06:30 chan-dell kernel: workqueue: delayed_fput hogged CPU for >10000us 11 times, consider switching to WQ_UNBOUND
2026-08-04T01:46:14.455324+06:30 chan-dell kernel: PM: suspend entry (deep)
2026-08-04T01:46:14.464330+06:30 chan-dell kernel: Filesystems sync: 0.009 seconds
2026-08-04T08:55:03.801245+06:30 chan-dell kernel: Freezing user space processes
2026-08-04T08:55:03.801445+06:30 chan-dell kernel: Freezing user space processes completed (elapsed 0.001 seconds)
2026-08-04T08:55:03.801454+06:30 chan-dell kernel: OOM killer disabled.
2026-08-04T08:55:03.801461+06:30 chan-dell kernel: Freezing remaining freezable tasks
2026-08-04T08:55:03.801468+06:30 chan-dell kernel: Freezing remaining freezable tasks completed (elapsed 0.001 seconds)
2026-08-04T08:55:03.801473+06:30 chan-dell kernel: printk: Suspending console(s) (use no_console_suspend to debug)
2026-08-04T08:55:03.801479+06:30 chan-dell kernel: e1000e: EEE TX LPI TIMER: 00000011
2026-08-04T08:55:03.801485+06:30 chan-dell kernel: sd 2:0:0:0: [sda] Synchronizing SCSI cache
2026-08-04T08:55:03.801490+06:30 chan-dell kernel: ata3.00: Entering standby power mode
2026-08-04T08:55:03.801496+06:30 chan-dell kernel: pcieport 0000:00:1c.0: Intel SPT PCH root port ACS workaround enabled
2026-08-04T08:55:03.801502+06:30 chan-dell kernel: ACPI: EC: interrupt blocked
2026-08-04T08:55:03.801508+06:30 chan-dell kernel: ACPI: PM: Preparing to enter system sleep state S3
2026-08-04T08:55:03.801513+06:30 chan-dell kernel: ACPI: EC: event blocked
2026-08-04T08:55:03.801519+06:30 chan-dell kernel: ACPI: EC: EC stopped
2026-08-04T08:55:03.801524+06:30 chan-dell kernel: ACPI: PM: Saving platform NVS memory
2026-08-04T08:55:03.801530+06:30 chan-dell kernel: Disabling non-boot CPUs ...
2026-08-04T08:55:03.801535+06:30 chan-dell kernel: smpboot: CPU 3 is now offline
2026-08-04T08:55:03.801542+06:30 chan-dell kernel: smpboot: CPU 2 is now offline
2026-08-04T08:55:03.801548+06:30 chan-dell kernel: smpboot: CPU 1 is now offline
2026-08-04T08:55:03.801554+06:30 chan-dell kernel: ACPI: PM: Low-level resume complete
2026-08-04T08:55:03.801559+06:30 chan-dell kernel: ACPI: EC: EC started
2026-08-04T08:55:03.801565+06:30 chan-dell kernel: ACPI: PM: Restoring platform NVS memory
2026-08-04T08:55:03.801586+06:30 chan-dell kernel: Enabling non-boot CPUs ...
2026-08-04T08:55:03.801595+06:30 chan-dell kernel: smpboot: Booting Node 0 Processor 1 APIC 0x2
2026-08-04T08:55:03.801601+06:30 chan-dell kernel: CPU1 is up
2026-08-04T08:55:03.802656+06:30 chan-dell kernel: smpboot: Booting Node 0 Processor 2 APIC 0x1
2026-08-04T08:55:03.802671+06:30 chan-dell kernel: CPU2 is up
2026-08-04T08:55:03.802676+06:30 chan-dell kernel: smpboot: Booting Node 0 Processor 3 APIC 0x3
2026-08-04T08:55:03.802684+06:30 chan-dell kernel: CPU3 is up
2026-08-04T08:55:03.802689+06:30 chan-dell kernel: ACPI: PM: Waking up from system sleep state S3
2026-08-04T08:55:03.802695+06:30 chan-dell kernel: pcieport 0000:00:1c.0: Intel SPT PCH root port ACS workaround enabled
2026-08-04T08:55:03.802701+06:30 chan-dell kernel: ACPI: EC: interrupt unblocked
2026-08-04T08:55:03.802706+06:30 chan-dell kernel: pcieport 0000:00:1c.2: Intel SPT PCH root port ACS workaround enabled
2026-08-04T08:55:03.802712+06:30 chan-dell kernel: xhci_hcd 0000:00:14.0: xHC error in resume, USBSTS 0x411, Reinit
2026-08-04T08:55:03.802718+06:30 chan-dell kernel: usb usb1: root hub lost power or was reset
2026-08-04T08:55:03.802724+06:30 chan-dell kernel: usb usb2: root hub lost power or was reset
2026-08-04T08:55:03.802730+06:30 chan-dell kernel: workqueue: i915_hpd_poll_init_work [i915] hogged CPU for >10000us 4 times, consider switching to WQ_UNBOUND
2026-08-04T08:55:03.802736+06:30 chan-dell kernel: ACPI: EC: event unblocked
2026-08-04T08:55:03.802741+06:30 chan-dell kernel: usb 1-5: reset high-speed USB device number 2 using xhci_hcd
2026-08-04T08:55:03.802747+06:30 chan-dell kernel: ata3: SATA link up 6.0 Gbps (SStatus 133 SControl 300)
2026-08-04T08:55:03.802753+06:30 chan-dell kernel: ata3.00: ACPI cmd f5/00:00:00:00:00:00(SECURITY FREEZE LOCK) filtered out
2026-08-04T08:55:03.802758+06:30 chan-dell kernel: ata3.00: ACPI cmd b1/c1:00:00:00:00:00(DEVICE CONFIGURATION OVERLAY) filtered out
2026-08-04T08:55:03.802764+06:30 chan-dell kernel: sd 2:0:0:0: [sda] Starting disk
2026-08-04T08:55:03.802770+06:30 chan-dell kernel: ata3.00: ACPI cmd f5/00:00:00:00:00:00(SECURITY FREEZE LOCK) filtered out
2026-08-04T08:55:03.802775+06:30 chan-dell kernel: ata3.00: ACPI cmd b1/c1:00:00:00:00:00(DEVICE CONFIGURATION OVERLAY) filtered out
2026-08-04T08:55:03.802781+06:30 chan-dell kernel: ata3.00: configured for UDMA/133
2026-08-04T08:55:03.802786+06:30 chan-dell kernel: ata3.00: Enabling discard_zeroes_data
2026-08-04T08:55:03.802792+06:30 chan-dell kernel: usb 1-7: WARN: invalid context state for evaluate context command.
2026-08-04T08:55:03.802797+06:30 chan-dell kernel: usb 1-7: reset full-speed USB device number 3 using xhci_hcd
2026-08-04T08:55:03.802803+06:30 chan-dell kernel: Bluetooth: hci0: Bootloader revision 0.0 build 26 week 38 2015
2026-08-04T08:55:03.802808+06:30 chan-dell kernel: Bluetooth: hci0: Device revision is 16
2026-08-04T08:55:03.802814+06:30 chan-dell kernel: Bluetooth: hci0: Secure boot is enabled
2026-08-04T08:55:03.802819+06:30 chan-dell kernel: Bluetooth: hci0: OTP lock is enabled
2026-08-04T08:55:03.802824+06:30 chan-dell kernel: Bluetooth: hci0: API lock is enabled
2026-08-04T08:55:03.802830+06:30 chan-dell kernel: Bluetooth: hci0: Debug lock is disabled
2026-08-04T08:55:03.802836+06:30 chan-dell kernel: Bluetooth: hci0: Minimum firmware build 1 week 10 2014
2026-08-04T08:55:03.802842+06:30 chan-dell kernel: OOM killer enabled.
2026-08-04T08:55:03.802848+06:30 chan-dell kernel: Restarting tasks: Starting
2026-08-04T08:55:03.822847+06:30 chan-dell kernel: Bluetooth: hci0: Found device firmware: intel/ibt-12-16.sfi
2026-08-04T08:55:03.822895+06:30 chan-dell kernel: Restarting tasks: Done
2026-08-04T08:55:03.822902+06:30 chan-dell kernel: efivarfs: resyncing variable state
2026-08-04T08:55:03.838908+06:30 chan-dell kernel: efivarfs: finished resyncing variable state
2026-08-04T08:55:03.838932+06:30 chan-dell kernel: random: crng reseeded on system resumption
2026-08-04T08:55:03.903689+06:30 chan-dell kernel: mei_hdcp 0000:00:16.0-b638ab7e-94e2-4ea2-a552-d1c54b627f04: bound 0000:00:02.0 (ops i915_hdcp_ops [i915])
2026-08-04T08:55:04.050864+06:30 chan-dell kernel: PM: suspend exit
2026-08-04T08:55:04.450820+06:30 chan-dell kernel: e1000e 0000:00:1f.6 enp0s31f6: NIC Link is Down
2026-08-04T08:55:05.466695+06:30 chan-dell kernel: Bluetooth: hci0: Waiting for firmware download to complete
2026-08-04T08:55:05.466740+06:30 chan-dell kernel: Bluetooth: hci0: Firmware loaded in 1620613 usecs
2026-08-04T08:55:05.466749+06:30 chan-dell kernel: Bluetooth: hci0: Waiting for device to boot
2026-08-04T08:55:05.479807+06:30 chan-dell kernel: Bluetooth: hci0: Device booted in 12670 usecs
2026-08-04T08:55:05.479864+06:30 chan-dell kernel: Bluetooth: hci0: Found Intel DDC parameters: intel/ibt-12-16.ddc
2026-08-04T08:55:05.482745+06:30 chan-dell kernel: Bluetooth: hci0: Applying Intel DDC parameters completed
2026-08-04T08:55:05.482795+06:30 chan-dell kernel: Bluetooth: hci0: Firmware revision 0.1 build 19 week 44 2021
2026-08-04T08:55:05.485718+06:30 chan-dell kernel: Bluetooth: hci0: Reading supported features failed (-16)
2026-08-04T08:55:05.485749+06:30 chan-dell kernel: Bluetooth: hci0: Error reading debug features
2026-08-04T08:55:05.485757+06:30 chan-dell kernel: Bluetooth: hci0: HCI LE Coded PHY feature bit is set, but its usage is not supported.
2026-08-04T08:55:05.536632+06:30 chan-dell kernel: Bluetooth: MGMT ver 1.23
2026-08-04T08:55:08.543691+06:30 chan-dell kernel: wlp2s0: authenticate with d0:96:fb:26:69:ff (local address=28:c6:3f:1a:a9:50)
2026-08-04T08:55:08.545383+06:30 chan-dell kernel: wlp2s0: send auth to d0:96:fb:26:69:ff (try 1/3)
2026-08-04T08:55:08.552662+06:30 chan-dell kernel: wlp2s0: authenticated
2026-08-04T08:55:08.553984+06:30 chan-dell kernel: wlp2s0: associating to AP d0:96:fb:26:69:ff with corrupt probe response
2026-08-04T08:55:08.556035+06:30 chan-dell kernel: wlp2s0: associate with d0:96:fb:26:69:ff (try 1/3)
2026-08-04T08:55:08.559767+06:30 chan-dell kernel: wlp2s0: RX AssocResp from d0:96:fb:26:69:ff (capab=0x411 status=0 aid=3)
2026-08-04T08:55:08.577658+06:30 chan-dell kernel: wlp2s0: associated
2026-08-04T09:20:35.667632+06:30 chan-dell kernel: wlp2s0: deauthenticating from d0:96:fb:26:69:ff by local choice (Reason: 3=DEAUTH_LEAVING)
2026-08-04T09:20:37.528862+06:30 chan-dell kernel: PM: suspend entry (deep)
2026-08-04T09:20:37.537638+06:30 chan-dell kernel: Filesystems sync: 0.008 seconds
2026-08-04T09:40:22.777881+06:30 chan-dell kernel: Freezing user space processes
2026-08-04T09:40:22.778087+06:30 chan-dell kernel: Freezing user space processes completed (elapsed 0.002 seconds)
2026-08-04T09:40:22.778094+06:30 chan-dell kernel: OOM killer disabled.
2026-08-04T09:40:22.778100+06:30 chan-dell kernel: Freezing remaining freezable tasks
2026-08-04T09:40:22.778104+06:30 chan-dell kernel: Freezing remaining freezable tasks completed (elapsed 0.001 seconds)
2026-08-04T09:40:22.778108+06:30 chan-dell kernel: printk: Suspending console(s) (use no_console_suspend to debug)
2026-08-04T09:40:22.778111+06:30 chan-dell kernel: e1000e: EEE TX LPI TIMER: 00000011
2026-08-04T09:40:22.778114+06:30 chan-dell kernel: sd 2:0:0:0: [sda] Synchronizing SCSI cache
2026-08-04T09:40:22.778117+06:30 chan-dell kernel: ata3.00: Entering standby power mode
2026-08-04T09:40:22.778121+06:30 chan-dell kernel: pcieport 0000:00:1c.0: Intel SPT PCH root port ACS workaround enabled
2026-08-04T09:40:22.778125+06:30 chan-dell kernel: ACPI: EC: interrupt blocked
2026-08-04T09:40:22.778128+06:30 chan-dell kernel: ACPI: PM: Preparing to enter system sleep state S3
2026-08-04T09:40:22.778131+06:30 chan-dell kernel: ACPI: EC: event blocked
2026-08-04T09:40:22.778135+06:30 chan-dell kernel: ACPI: EC: EC stopped
2026-08-04T09:40:22.778138+06:30 chan-dell kernel: ACPI: PM: Saving platform NVS memory
2026-08-04T09:40:22.778145+06:30 chan-dell kernel: Disabling non-boot CPUs ...
2026-08-04T09:40:22.778148+06:30 chan-dell kernel: smpboot: CPU 3 is now offline
2026-08-04T09:40:22.778155+06:30 chan-dell kernel: smpboot: CPU 2 is now offline
2026-08-04T09:40:22.778161+06:30 chan-dell kernel: smpboot: CPU 1 is now offline
2026-08-04T09:40:22.778169+06:30 chan-dell kernel: ACPI: PM: Low-level resume complete
2026-08-04T09:40:22.778173+06:30 chan-dell kernel: ACPI: EC: EC started
2026-08-04T09:40:22.778180+06:30 chan-dell kernel: ACPI: PM: Restoring platform NVS memory
2026-08-04T09:40:22.778185+06:30 chan-dell kernel: Enabling non-boot CPUs ...
2026-08-04T09:40:22.778191+06:30 chan-dell kernel: smpboot: Booting Node 0 Processor 1 APIC 0x2
2026-08-04T09:40:22.778197+06:30 chan-dell kernel: CPU1 is up
2026-08-04T09:40:22.778203+06:30 chan-dell kernel: smpboot: Booting Node 0 Processor 2 APIC 0x1
2026-08-04T09:40:22.778209+06:30 chan-dell kernel: CPU2 is up
2026-08-04T09:40:22.778214+06:30 chan-dell kernel: smpboot: Booting Node 0 Processor 3 APIC 0x3
2026-08-04T09:40:22.778221+06:30 chan-dell kernel: CPU3 is up
2026-08-04T09:40:22.778226+06:30 chan-dell kernel: ACPI: PM: Waking up from system sleep state S3
2026-08-04T09:40:22.778233+06:30 chan-dell kernel: pcieport 0000:00:1c.0: Intel SPT PCH root port ACS workaround enabled
2026-08-04T09:40:22.778239+06:30 chan-dell kernel: pcieport 0000:00:1c.2: Intel SPT PCH root port ACS workaround enabled
2026-08-04T09:40:22.778246+06:30 chan-dell kernel: ACPI: EC: interrupt unblocked
2026-08-04T09:40:22.778252+06:30 chan-dell kernel: xhci_hcd 0000:00:14.0: xHC error in resume, USBSTS 0x411, Reinit
2026-08-04T09:40:22.778257+06:30 chan-dell kernel: usb usb1: root hub lost power or was reset
2026-08-04T09:40:22.778265+06:30 chan-dell kernel: usb usb2: root hub lost power or was reset
2026-08-04T09:40:22.778269+06:30 chan-dell kernel: ACPI: EC: event unblocked
2026-08-04T09:40:22.778276+06:30 chan-dell kernel: workqueue: i915_hpd_poll_init_work [i915] hogged CPU for >10000us 5 times, consider switching to WQ_UNBOUND
2026-08-04T09:40:22.778283+06:30 chan-dell kernel: usb 1-5: reset high-speed USB device number 2 using xhci_hcd
2026-08-04T09:40:22.778288+06:30 chan-dell kernel: ata3: SATA link up 6.0 Gbps (SStatus 133 SControl 300)
2026-08-04T09:40:22.778295+06:30 chan-dell kernel: ata3.00: ACPI cmd f5/00:00:00:00:00:00(SECURITY FREEZE LOCK) filtered out
2026-08-04T09:40:22.778299+06:30 chan-dell kernel: ata3.00: ACPI cmd b1/c1:00:00:00:00:00(DEVICE CONFIGURATION OVERLAY) filtered out
2026-08-04T09:40:22.778307+06:30 chan-dell kernel: sd 2:0:0:0: [sda] Starting disk
2026-08-04T09:40:22.778312+06:30 chan-dell kernel: ata3.00: ACPI cmd f5/00:00:00:00:00:00(SECURITY FREEZE LOCK) filtered out
2026-08-04T09:40:22.778318+06:30 chan-dell kernel: ata3.00: ACPI cmd b1/c1:00:00:00:00:00(DEVICE CONFIGURATION OVERLAY) filtered out
2026-08-04T09:40:22.778324+06:30 chan-dell kernel: ata3.00: configured for UDMA/133
2026-08-04T09:40:22.778330+06:30 chan-dell kernel: ata3.00: Enabling discard_zeroes_data
2026-08-04T09:40:22.778336+06:30 chan-dell kernel: usb 1-7: WARN: invalid context state for evaluate context command.
2026-08-04T09:40:22.778341+06:30 chan-dell kernel: usb 1-7: reset full-speed USB device number 3 using xhci_hcd
2026-08-04T09:40:22.778348+06:30 chan-dell kernel: Bluetooth: hci0: Bootloader revision 0.0 build 26 week 38 2015
2026-08-04T09:40:22.778353+06:30 chan-dell kernel: Bluetooth: hci0: Device revision is 16
2026-08-04T09:40:22.778360+06:30 chan-dell kernel: Bluetooth: hci0: Secure boot is enabled
2026-08-04T09:40:22.778365+06:30 chan-dell kernel: Bluetooth: hci0: OTP lock is enabled
2026-08-04T09:40:22.778371+06:30 chan-dell kernel: Bluetooth: hci0: API lock is enabled
2026-08-04T09:40:22.778377+06:30 chan-dell kernel: Bluetooth: hci0: Debug lock is disabled
2026-08-04T09:40:22.778383+06:30 chan-dell kernel: Bluetooth: hci0: Minimum firmware build 1 week 10 2014
2026-08-04T09:40:22.778389+06:30 chan-dell kernel: OOM killer enabled.
2026-08-04T09:40:22.778394+06:30 chan-dell kernel: Restarting tasks: Starting
2026-08-04T09:40:22.788721+06:30 chan-dell kernel: Bluetooth: hci0: Found device firmware: intel/ibt-12-16.sfi
2026-08-04T09:40:22.788732+06:30 chan-dell kernel: Restarting tasks: Done
2026-08-04T09:40:22.788737+06:30 chan-dell kernel: efivarfs: resyncing variable state
2026-08-04T09:40:22.906617+06:30 chan-dell kernel: mei_hdcp 0000:00:16.0-b638ab7e-94e2-4ea2-a552-d1c54b627f04: bound 0000:00:02.0 (ops i915_hdcp_ops [i915])
2026-08-04T09:40:22.917088+06:30 chan-dell kernel: efivarfs: finished resyncing variable state
2026-08-04T09:40:22.917144+06:30 chan-dell kernel: random: crng reseeded on system resumption
2026-08-04T09:40:23.190092+06:30 chan-dell kernel: PM: suspend exit
2026-08-04T09:40:23.529550+06:30 chan-dell kernel: e1000e 0000:00:1f.6 enp0s31f6: NIC Link is Down
2026-08-04T09:40:24.679580+06:30 chan-dell kernel: Bluetooth: hci0: Waiting for firmware download to complete
2026-08-04T09:40:24.679619+06:30 chan-dell kernel: Bluetooth: hci0: Firmware loaded in 1848766 usecs
2026-08-04T09:40:24.679628+06:30 chan-dell kernel: Bluetooth: hci0: Waiting for device to boot
2026-08-04T09:40:24.692596+06:30 chan-dell kernel: Bluetooth: hci0: Device booted in 12633 usecs
2026-08-04T09:40:24.692634+06:30 chan-dell kernel: Bluetooth: hci0: Found Intel DDC parameters: intel/ibt-12-16.ddc
2026-08-04T09:40:24.695581+06:30 chan-dell kernel: Bluetooth: hci0: Applying Intel DDC parameters completed
2026-08-04T09:40:24.696567+06:30 chan-dell kernel: Bluetooth: hci0: Firmware revision 0.1 build 19 week 44 2021
2026-08-04T09:40:24.698576+06:30 chan-dell kernel: Bluetooth: hci0: Reading supported features failed (-16)
2026-08-04T09:40:24.698608+06:30 chan-dell kernel: Bluetooth: hci0: Error reading debug features
2026-08-04T09:40:24.698616+06:30 chan-dell kernel: Bluetooth: hci0: HCI LE Coded PHY feature bit is set, but its usage is not supported.
2026-08-04T09:40:24.750577+06:30 chan-dell kernel: Bluetooth: MGMT ver 1.23
2026-08-04T09:40:27.634543+06:30 chan-dell kernel: wlp2s0: authenticate with d0:96:fb:26:69:ff (local address=28:c6:3f:1a:a9:50)
2026-08-04T09:40:27.636641+06:30 chan-dell kernel: wlp2s0: send auth to d0:96:fb:26:69:ff (try 1/3)
2026-08-04T09:40:27.644778+06:30 chan-dell kernel: wlp2s0: authenticated
2026-08-04T09:40:27.644794+06:30 chan-dell kernel: wlp2s0: associating to AP d0:96:fb:26:69:ff with corrupt probe response
2026-08-04T09:40:27.644797+06:30 chan-dell kernel: wlp2s0: associate with d0:96:fb:26:69:ff (try 1/3)
2026-08-04T09:40:27.658547+06:30 chan-dell kernel: wlp2s0: RX AssocResp from d0:96:fb:26:69:ff (capab=0x411 status=0 aid=3)
2026-08-04T09:40:27.662696+06:30 chan-dell kernel: wlp2s0: associated
2026-08-04T09:44:01.874595+06:30 chan-dell kernel: workqueue: delayed_fput hogged CPU for >10000us 19 times, consider switching to WQ_UNBOUND
2026-08-04T09:46:31.436085+06:30 chan-dell kernel: perf: interrupt took too long (5114 > 5100), lowering kernel.perf_event_max_sample_rate to 39000
2026-08-04T10:00:27.801906+06:30 chan-dell kernel: virbr0: port 1(vnet0) entered disabled state
2026-08-04T10:00:27.803409+06:30 chan-dell kernel: vnet0 (unregistering): left allmulticast mode
2026-08-04T10:00:27.803430+06:30 chan-dell kernel: vnet0 (unregistering): left promiscuous mode
2026-08-04T10:00:27.803434+06:30 chan-dell kernel: virbr0: port 1(vnet0) entered disabled state
2026-08-04T10:00:28.157989+06:30 chan-dell kernel: kauditd_printk_skb: 2 callbacks suppressed
2026-08-04T10:00:28.158014+06:30 chan-dell kernel: audit: type=1400 audit(1785814228.157:297): apparmor="STATUS" operation="profile_remove" profile="unconfined" name="libvirt-0ce567eb-7dab-48a3-b1ab-c3b5373a17c6" pid=29155 comm="apparmor_parser"
2026-08-04T10:46:49.410458+06:30 chan-dell kernel: audit: type=1400 audit(1785817009.408:298): apparmor="STATUS" operation="profile_load" profile="unconfined" name="libvirt-0ce567eb-7dab-48a3-b1ab-c3b5373a17c6" pid=31285 comm="apparmor_parser"
2026-08-04T10:46:49.411486+06:30 chan-dell kernel: audit: type=1400 audit(1785817009.409:299): apparmor="STATUS" operation="profile_load" profile="unconfined" name="libvirt-0ce567eb-7dab-48a3-b1ab-c3b5373a17c6//passt" pid=31285 comm="apparmor_parser"
2026-08-04T10:46:49.521582+06:30 chan-dell kernel: audit: type=1400 audit(1785817009.519:300): apparmor="STATUS" operation="profile_replace" profile="unconfined" name="libvirt-0ce567eb-7dab-48a3-b1ab-c3b5373a17c6" pid=31288 comm="apparmor_parser"
2026-08-04T10:46:49.525488+06:30 chan-dell kernel: audit: type=1400 audit(1785817009.523:301): apparmor="STATUS" operation="profile_replace" info="same as current profile, skipping" profile="unconfined" name="libvirt-0ce567eb-7dab-48a3-b1ab-c3b5373a17c6//passt" pid=31288 comm="apparmor_parser"
2026-08-04T10:46:49.627488+06:30 chan-dell kernel: audit: type=1400 audit(1785817009.625:302): apparmor="STATUS" operation="profile_replace" profile="unconfined" name="libvirt-0ce567eb-7dab-48a3-b1ab-c3b5373a17c6" pid=31292 comm="apparmor_parser"
2026-08-04T10:46:49.631483+06:30 chan-dell kernel: audit: type=1400 audit(1785817009.629:303): apparmor="STATUS" operation="profile_replace" info="same as current profile, skipping" profile="unconfined" name="libvirt-0ce567eb-7dab-48a3-b1ab-c3b5373a17c6//passt" pid=31292 comm="apparmor_parser"
2026-08-04T10:46:49.733486+06:30 chan-dell kernel: audit: type=1400 audit(1785817009.731:304): apparmor="STATUS" operation="profile_replace" info="same as current profile, skipping" profile="unconfined" name="libvirt-0ce567eb-7dab-48a3-b1ab-c3b5373a17c6" pid=31296 comm="apparmor_parser"
2026-08-04T10:46:49.734516+06:30 chan-dell kernel: audit: type=1400 audit(1785817009.732:305): apparmor="STATUS" operation="profile_replace" info="same as current profile, skipping" profile="unconfined" name="libvirt-0ce567eb-7dab-48a3-b1ab-c3b5373a17c6//passt" pid=31296 comm="apparmor_parser"
2026-08-04T10:46:49.758762+06:30 chan-dell kernel: virbr0: port 1(vnet1) entered blocking state
2026-08-04T10:46:49.758777+06:30 chan-dell kernel: virbr0: port 1(vnet1) entered disabled state
2026-08-04T10:46:49.758780+06:30 chan-dell kernel: vnet1: entered allmulticast mode
2026-08-04T10:46:49.758782+06:30 chan-dell kernel: vnet1: entered promiscuous mode
2026-08-04T10:46:49.758784+06:30 chan-dell kernel: virbr0: port 1(vnet1) entered blocking state
2026-08-04T10:46:49.758787+06:30 chan-dell kernel: virbr0: port 1(vnet1) entered listening state
2026-08-04T10:46:49.891535+06:30 chan-dell kernel: audit: type=1400 audit(1785817009.889:306): apparmor="STATUS" operation="profile_replace" profile="unconfined" name="libvirt-0ce567eb-7dab-48a3-b1ab-c3b5373a17c6" pid=31309 comm="apparmor_parser"
2026-08-04T10:46:49.895498+06:30 chan-dell kernel: audit: type=1400 audit(1785817009.893:307): apparmor="STATUS" operation="profile_replace" info="same as current profile, skipping" profile="unconfined" name="libvirt-0ce567eb-7dab-48a3-b1ab-c3b5373a17c6//passt" pid=31309 comm="apparmor_parser"
2026-08-04T10:46:51.776458+06:30 chan-dell kernel: virbr0: port 1(vnet1) entered learning state
2026-08-04T10:46:53.824989+06:30 chan-dell kernel: virbr0: port 1(vnet1) entered forwarding state
2026-08-04T10:46:53.825008+06:30 chan-dell kernel: virbr0: topology change detected, propagating
2026-08-04T11:50:35.256455+06:30 chan-dell kernel: virbr0: port 1(vnet1) entered disabled state
2026-08-04T11:50:35.257787+06:30 chan-dell kernel: vnet1 (unregistering): left allmulticast mode
2026-08-04T11:50:35.257795+06:30 chan-dell kernel: vnet1 (unregistering): left promiscuous mode
2026-08-04T11:50:35.257797+06:30 chan-dell kernel: virbr0: port 1(vnet1) entered disabled state
2026-08-04T11:50:35.586652+06:30 chan-dell kernel: kauditd_printk_skb: 2 callbacks suppressed
2026-08-04T11:50:35.586672+06:30 chan-dell kernel: audit: type=1400 audit(1785820835.585:310): apparmor="STATUS" operation="profile_remove" profile="unconfined" name="libvirt-0ce567eb-7dab-48a3-b1ab-c3b5373a17c6" pid=34190 comm="apparmor_parser"
2026-08-04T13:02:01.463012+06:30 chan-dell kernel: wlp2s0: deauthenticating from d0:96:fb:26:69:ff by local choice (Reason: 3=DEAUTH_LEAVING)
2026-08-04T13:02:31.524712+06:30 chan-dell kernel: PM: suspend entry (deep)
2026-08-04T13:02:31.527490+06:30 chan-dell kernel: Filesystems sync: 0.003 seconds
2026-08-04T13:07:34.749596+06:30 chan-dell kernel: Freezing user space processes
2026-08-04T13:07:34.749692+06:30 chan-dell kernel: Freezing user space processes completed (elapsed 0.002 seconds)
2026-08-04T13:07:34.749696+06:30 chan-dell kernel: OOM killer disabled.
2026-08-04T13:07:34.749708+06:30 chan-dell kernel: Freezing remaining freezable tasks
2026-08-04T13:07:34.749713+06:30 chan-dell kernel: Freezing remaining freezable tasks completed (elapsed 0.001 seconds)
2026-08-04T13:07:34.749716+06:30 chan-dell kernel: printk: Suspending console(s) (use no_console_suspend to debug)
2026-08-04T13:07:34.749719+06:30 chan-dell kernel: e1000e: EEE TX LPI TIMER: 00000011
2026-08-04T13:07:34.749722+06:30 chan-dell kernel: sd 2:0:0:0: [sda] Synchronizing SCSI cache
2026-08-04T13:07:34.749725+06:30 chan-dell kernel: ata3.00: Entering standby power mode
2026-08-04T13:07:34.749728+06:30 chan-dell kernel: pcieport 0000:00:1c.0: Intel SPT PCH root port ACS workaround enabled
2026-08-04T13:07:34.749731+06:30 chan-dell kernel: ACPI: EC: interrupt blocked
2026-08-04T13:07:34.749735+06:30 chan-dell kernel: ACPI: PM: Preparing to enter system sleep state S3
2026-08-04T13:07:34.749738+06:30 chan-dell kernel: ACPI: EC: event blocked
2026-08-04T13:07:34.749741+06:30 chan-dell kernel: ACPI: EC: EC stopped
2026-08-04T13:07:34.749744+06:30 chan-dell kernel: ACPI: PM: Saving platform NVS memory
2026-08-04T13:07:34.749747+06:30 chan-dell kernel: Disabling non-boot CPUs ...
2026-08-04T13:07:34.749750+06:30 chan-dell kernel: smpboot: CPU 3 is now offline
2026-08-04T13:07:34.749753+06:30 chan-dell kernel: smpboot: CPU 2 is now offline
2026-08-04T13:07:34.749758+06:30 chan-dell kernel: smpboot: CPU 1 is now offline
2026-08-04T13:07:34.749761+06:30 chan-dell kernel: ACPI: PM: Low-level resume complete
2026-08-04T13:07:34.749764+06:30 chan-dell kernel: ACPI: EC: EC started
2026-08-04T13:07:34.749767+06:30 chan-dell kernel: ACPI: PM: Restoring platform NVS memory
2026-08-04T13:07:34.749770+06:30 chan-dell kernel: Enabling non-boot CPUs ...
2026-08-04T13:07:34.749773+06:30 chan-dell kernel: smpboot: Booting Node 0 Processor 1 APIC 0x2
2026-08-04T13:07:34.749777+06:30 chan-dell kernel: CPU1 is up
2026-08-04T13:07:34.749780+06:30 chan-dell kernel: smpboot: Booting Node 0 Processor 2 APIC 0x1
2026-08-04T13:07:34.749783+06:30 chan-dell kernel: CPU2 is up
2026-08-04T13:07:34.749787+06:30 chan-dell kernel: smpboot: Booting Node 0 Processor 3 APIC 0x3
2026-08-04T13:07:34.749790+06:30 chan-dell kernel: CPU3 is up
2026-08-04T13:07:34.749793+06:30 chan-dell kernel: ACPI: PM: Waking up from system sleep state S3
2026-08-04T13:07:34.749796+06:30 chan-dell kernel: ACPI: EC: interrupt unblocked
2026-08-04T13:07:34.749799+06:30 chan-dell kernel: pcieport 0000:00:1c.0: Intel SPT PCH root port ACS workaround enabled
2026-08-04T13:07:34.749803+06:30 chan-dell kernel: pcieport 0000:00:1c.2: Intel SPT PCH root port ACS workaround enabled
2026-08-04T13:07:34.749806+06:30 chan-dell kernel: DMAR: DRHD: handling fault status reg 2
2026-08-04T13:07:34.749809+06:30 chan-dell kernel: DMAR: [INTR-REMAP] Request device [f0:1f.0] fault index 0x2bc3 [fault reason 0x25] Blocked a compatibility format interrupt request
2026-08-04T13:07:34.749812+06:30 chan-dell kernel: xhci_hcd 0000:00:14.0: xHC error in resume, USBSTS 0x411, Reinit
2026-08-04T13:07:34.749815+06:30 chan-dell kernel: usb usb1: root hub lost power or was reset
2026-08-04T13:07:34.749819+06:30 chan-dell kernel: usb usb2: root hub lost power or was reset
2026-08-04T13:07:34.749822+06:30 chan-dell kernel: ACPI: EC: event unblocked
2026-08-04T13:07:34.749825+06:30 chan-dell kernel: usb 1-7: WARN: invalid context state for evaluate context command.
2026-08-04T13:07:34.749828+06:30 chan-dell kernel: usb 1-7: reset full-speed USB device number 3 using xhci_hcd
2026-08-04T13:07:34.749832+06:30 chan-dell kernel: ata3: SATA link up 6.0 Gbps (SStatus 133 SControl 300)
2026-08-04T13:07:34.749835+06:30 chan-dell kernel: ata3.00: ACPI cmd f5/00:00:00:00:00:00(SECURITY FREEZE LOCK) filtered out
2026-08-04T13:07:34.749837+06:30 chan-dell kernel: ata3.00: ACPI cmd b1/c1:00:00:00:00:00(DEVICE CONFIGURATION OVERLAY) filtered out
2026-08-04T13:07:34.749841+06:30 chan-dell kernel: sd 2:0:0:0: [sda] Starting disk
2026-08-04T13:07:34.749844+06:30 chan-dell kernel: ata3.00: ACPI cmd f5/00:00:00:00:00:00(SECURITY FREEZE LOCK) filtered out
2026-08-04T13:07:34.749846+06:30 chan-dell kernel: ata3.00: ACPI cmd b1/c1:00:00:00:00:00(DEVICE CONFIGURATION OVERLAY) filtered out
2026-08-04T13:07:34.751078+06:30 chan-dell kernel: ata3.00: configured for UDMA/133
2026-08-04T13:07:34.751084+06:30 chan-dell kernel: ata3.00: Enabling discard_zeroes_data
2026-08-04T13:07:34.751087+06:30 chan-dell kernel: usb 1-5: reset high-speed USB device number 2 using xhci_hcd
2026-08-04T13:07:34.751090+06:30 chan-dell kernel: Bluetooth: hci0: Bootloader revision 0.0 build 26 week 38 2015
2026-08-04T13:07:34.751093+06:30 chan-dell kernel: Bluetooth: hci0: Device revision is 16
2026-08-04T13:07:34.751095+06:30 chan-dell kernel: Bluetooth: hci0: Secure boot is enabled
2026-08-04T13:07:34.751098+06:30 chan-dell kernel: Bluetooth: hci0: OTP lock is enabled
2026-08-04T13:07:34.751101+06:30 chan-dell kernel: Bluetooth: hci0: API lock is enabled
2026-08-04T13:07:34.751104+06:30 chan-dell kernel: Bluetooth: hci0: Debug lock is disabled
2026-08-04T13:07:34.751106+06:30 chan-dell kernel: Bluetooth: hci0: Minimum firmware build 1 week 10 2014
2026-08-04T13:07:34.751109+06:30 chan-dell kernel: OOM killer enabled.
2026-08-04T13:07:34.751112+06:30 chan-dell kernel: Restarting tasks: Starting
2026-08-04T13:07:34.751775+06:30 chan-dell kernel: Restarting tasks: Done
2026-08-04T13:07:34.751788+06:30 chan-dell kernel: efivarfs: resyncing variable state
2026-08-04T13:07:34.753728+06:30 chan-dell kernel: Bluetooth: hci0: Found device firmware: intel/ibt-12-16.sfi
2026-08-04T13:07:34.804801+06:30 chan-dell kernel: efivarfs: finished resyncing variable state
2026-08-04T13:07:34.804863+06:30 chan-dell kernel: random: crng reseeded on system resumption
2026-08-04T13:07:34.907955+06:30 chan-dell kernel: mei_hdcp 0000:00:16.0-b638ab7e-94e2-4ea2-a552-d1c54b627f04: bound 0000:00:02.0 (ops i915_hdcp_ops [i915])
2026-08-04T13:07:35.026004+06:30 chan-dell kernel: PM: suspend exit
2026-08-04T13:07:35.292456+06:30 chan-dell kernel: e1000e 0000:00:1f.6 enp0s31f6: NIC Link is Down
2026-08-04T13:07:36.483771+06:30 chan-dell kernel: Bluetooth: hci0: Waiting for firmware download to complete
2026-08-04T13:07:36.484952+06:30 chan-dell kernel: Bluetooth: hci0: Firmware loaded in 1690474 usecs
2026-08-04T13:07:36.484989+06:30 chan-dell kernel: Bluetooth: hci0: Waiting for device to boot
2026-08-04T13:07:36.497782+06:30 chan-dell kernel: Bluetooth: hci0: Device booted in 12463 usecs
2026-08-04T13:07:36.497821+06:30 chan-dell kernel: Bluetooth: hci0: Found Intel DDC parameters: intel/ibt-12-16.ddc
2026-08-04T13:07:36.500767+06:30 chan-dell kernel: Bluetooth: hci0: Applying Intel DDC parameters completed
2026-08-04T13:07:36.501768+06:30 chan-dell kernel: Bluetooth: hci0: Firmware revision 0.1 build 19 week 44 2021
2026-08-04T13:07:36.503776+06:30 chan-dell kernel: Bluetooth: hci0: Reading supported features failed (-16)
2026-08-04T13:07:36.503982+06:30 chan-dell kernel: Bluetooth: hci0: Error reading debug features
2026-08-04T13:07:36.504005+06:30 chan-dell kernel: Bluetooth: hci0: HCI LE Coded PHY feature bit is set, but its usage is not supported.
2026-08-04T13:07:36.554782+06:30 chan-dell kernel: Bluetooth: MGMT ver 1.23
2026-08-04T13:07:39.488813+06:30 chan-dell kernel: wlp2s0: authenticate with d0:96:fb:26:69:ff (local address=28:c6:3f:1a:a9:50)
2026-08-04T13:07:39.489767+06:30 chan-dell kernel: wlp2s0: send auth to d0:96:fb:26:69:ff (try 1/3)
2026-08-04T13:07:39.497800+06:30 chan-dell kernel: wlp2s0: authenticated
2026-08-04T13:07:39.497850+06:30 chan-dell kernel: wlp2s0: associating to AP d0:96:fb:26:69:ff with corrupt probe response
2026-08-04T13:07:39.497879+06:30 chan-dell kernel: wlp2s0: associate with d0:96:fb:26:69:ff (try 1/3)
2026-08-04T13:07:39.502790+06:30 chan-dell kernel: wlp2s0: RX AssocResp from d0:96:fb:26:69:ff (capab=0x411 status=0 aid=3)
2026-08-04T13:07:39.506791+06:30 chan-dell kernel: wlp2s0: associated
2026-08-04T13:19:53.227741+06:30 chan-dell kernel: audit: type=1326 audit(1785826193.226:311): auid=1000 uid=1000 gid=1000 ses=3 subj=snap.snap-store.ubuntu-software pid=3562 comm="pool-org.gnome." exe="/snap/snap-store/1216/usr/bin/snap-store" sig=0 arch=c000003e syscall=93 compat=0 ip=0x73812d5a1b1b code=0x50000
2026-08-04T13:37:44.303164+06:30 chan-dell kernel: perf: interrupt took too long (6433 > 6392), lowering kernel.perf_event_max_sample_rate to 31000
2026-08-04T13:46:48.481722+06:30 chan-dell kernel: workqueue: delayed_fput hogged CPU for >10000us 35 times, consider switching to WQ_UNBOUND
